GCCSA_CODE_2016,M15_19_Managers,M15_19_Professionals,M15_19_TechnicTrades_Wrs,M15_19_CommunPersnlSvc_W,M15_19_ClericalAdminis_W,M15_19_Sales_W,M15_19_Mach_oper_drivers,M15_19_Labourers,M15_19_Occu_ID_NS,M15_19_Tot,M20_24_Managers,M20_24_Professionals,M20_24_TechnicTrades_W,M20_24_CommunPersnlSvc_W,M20_24_ClericalAdminis_W,M20_24_Sales_W,M20_24_Mach_oper_drivers,M20_24_Labourers,M20_24_Occu_ID_NS,M20_24_Tot,M25_34_Managers,M25_34_Professionals,M25_34_TechnicTrades_W,M25_34_CommunPersnlSvc_W,M25_34_ClericalAdminis_W,M25_34_Sales_W,M25_34_Mach_oper_drivers,M25_34_Labourers,M25_34_Occu_ID_NS,M25_34_Tot,M35_44_Managers,M35_44_Professionals,M35_44_TechnicTrades_W,M35_44_CommunPersnlSvc_W,M35_44_ClericalAdminis_W,M35_44_Sales_W,M35_44_Mach_oper_drivers,M35_44_Labourers,M35_44_Occu_ID_NS,M35_44_Tot,M45_54_Managers,M45_54_Professionals,M45_54_TechnicTrades_W,M45_54_CommunPersnlSvc_W,M45_54_ClericalAdminis_W,M45_54_Sales_W,M45_54_Mach_oper_drivers,M45_54_Labourers,M45_54_Occu_ID_NS,M45_54_Tot,M55_64_Managers,M55_64_Professionals,M55_64_TechnicTrades_W,M55_64_CommunPersnlSvc_W,M55_64_ClericalAdminis_W,M55_64_Sales_W,M55_64_Mach_oper_drivers,M55_64_Labourers,M55_64_Occu_ID_NS,M55_64_Tot,M65_74_Managers,M65_74_Professionals,M65_74_TechnicTrades_W,M65_74_CommunPersnlSvc_W,M65_74_ClericalAdminis_W,M65_74_Sales_W,M65_74_Mach_oper_drivers,M65_74_Labourers,M65_74_Occu_ID_NS,M65_74_Tot,M75_84_Managers,M75_84_Professionals,M75_84_TechnicTrades_W,M75_84_CommunPersnlSvc_W,M75_84_ClericalAdminis_W,M75_84_Sales_W,M75_84_Mach_oper_drivers,M75_84_Labourers,M75_84_Occu_ID_NS,M75_84_Tot,M85_ov_Managers,M85_ov_Professionals,M85_ov_TechnicTrades_W,M85_ov_CommunPersnlSvc_W,M85_ov_ClericalAdminis_W,M85_ov_Sales_W,M85_ov_Mach_oper_drivers,M85_ov_Labourers,M85_ov_Occu_ID_NS,M85_ov_Tot,M_Tot_Managers,M_Tot_Professionals,M_Tot_TechnicTrades_W,M_Tot_CommunPersnlSvc_W,M_Tot_ClericalAdminis_W,M_Tot_Sales_W,M_Tot_Mach_oper_drivers,M_Tot_Labourers,M_Tot_Occu_ID_NS,M_Tot_Tot,F15_19_Managers,F15_19_Professionals,F15_19_TechnicTrades_Wrs,F15_19_CommunPersnlSvc_W,F15_19_ClericalAdminis_W,F15_19_Sales_W,F15_19_Mach_oper_drivers,F15_19_Labourers,F15_19_Occu_ID_NS,F15_19_Tot,F20_24_Managers,F20_24_Professionals,F20_24_TechnicTrades_W,F20_24_CommunPersnlSvc_W,F20_24_ClericalAdminis_W,F20_24_Sales_W,F20_24_Mach_oper_drivers,F20_24_Labourers,F20_24_Occu_ID_NS,F20_24_Tot,F25_34_Managers,F25_34_Professionals,F25_34_TechnicTrades_W,F25_34_CommunPersnlSvc_W,F25_34_ClericalAdminis_W,F25_34_Sales_W,F25_34_Mach_oper_drivers,F25_34_Labourers,F25_34_Occu_ID_NS,F25_34_Tot,F35_44_Managers,F35_44_Professionals,F35_44_TechnicTrades_W,F35_44_CommunPersnlSvc_W,F35_44_ClericalAdminis_W,F35_44_Sales_W,F35_44_Mach_oper_drivers,F35_44_Labourers,F35_44_Occu_ID_NS,F35_44_Tot,F45_54_Managers,F45_54_Professionals,F45_54_TechnicTrades_W,F45_54_CommunPersnlSvc_W,F45_54_ClericalAdminis_W,F45_54_Sales_W,F45_54_Mach_oper_drivers,F45_54_Labourers,F45_54_Occu_ID_NS,F45_54_Tot,F55_64_Managers,F55_64_Professionals,F55_64_TechnicTrades_W,F55_64_CommunPersnlSvc_W,F55_64_ClericalAdminis_W,F55_64_Sales_W,F55_64_Mach_oper_drivers,F55_64_Labourers,F55_64_Occu_ID_NS,F55_64_Tot,F65_74_Managers,F65_74_Professionals,F65_74_TechnicTrades_W,F65_74_CommunPersnlSvc_W,F65_74_ClericalAdminis_W,F65_74_Sales_W,F65_74_Mach_oper_drivers,F65_74_Labourers,F65_74_Occu_ID_NS,F65_74_Tot,F75_84_Managers,F75_84_Professionals,F75_84_TechnicTrades_W,F75_84_CommunPersnlSvc_W,F75_84_ClericalAdminis_W,F75_84_Sales_W,F75_84_Mach_oper_drivers,F75_84_Labourers,F75_84_Occu_ID_NS,F75_84_Tot,F85ov_Managers,F85ov_Professionals,F85ov_TechnicTrades_W,F85ov_CommunPersnlSvc_W,F85ov_ClericalAdminis_W,F85ov_Sales_W,F85ov_Mach_oper_drivers,F85ov_Labourers,F85ov_Occu_ID_NS,F85ov_Tot,F_Tot_Managers,F_Tot_Professionals,F_Tot_TechnicTrades_W,F_Tot_CommunPersnlSvc_W,F_Tot_ClericalAdminis_W,F_Tot_Sales_W,F_Tot_Mach_oper_drivers,F_Tot_Labourers,F_Tot_Occu_ID_NS,F_Tot_Tot
9OTER,3,0,4,4,3,3,3,8,0,30,6,4,13,11,0,0,9,22,3,69,25,17,39,31,12,0,19,27,5,174,44,25,63,20,10,7,22,31,12,235,50,14,90,27,15,0,31,34,6,276,46,25,76,14,6,8,29,33,4,248,18,16,30,4,4,3,33,17,3,119,6,0,5,0,0,0,0,4,0,21,0,0,0,0,0,0,0,0,0,3,203,102,323,112,52,29,151,170,37,1175,0,0,0,20,0,13,0,0,0,43,3,5,3,9,12,3,0,5,0,44,18,27,9,42,27,13,0,20,0,161,35,38,16,41,49,7,6,15,4,207,41,28,19,43,52,20,0,30,5,231,27,35,3,26,37,22,3,35,3,193,14,8,3,7,10,23,0,16,6,81,3,0,0,0,0,3,0,0,0,12,0,0,0,0,0,0,0,0,0,0,140,143,54,188,193,104,16,132,12,970
99799,0,0,0,0,0,0,0,0,0,0,0,0,0,0,0,0,0,0,0,0,0,0,0,0,0,0,0,3,0,3,0,0,0,0,0,0,0,0,0,0,0,0,0,0,0,0,0,0,0,0,0,0,0,0,0,0,0,0,0,0,0,0,0,0,0,0,0,0,0,0,0,0,0,0,0,0,0,0,0,0,0,0,0,0,0,0,0,0,0,0,0,0,0,0,0,0,0,4,0,3,0,0,0,0,0,0,0,0,0,0,0,0,0,0,0,0,0,0,0,0,0,0,0,0,0,0,0,0,0,0,0,0,0,0,0,0,0,0,0,0,0,0,0,0,0,0,0,0,0,0,0,0,0,0,0,0,0,0,0,0,0,0,0,0,0,0,0,0,0,0,0,0,0,0,0,0,0,0,0,0,0,0,0,0,0,0,0,0,0,0,0,0,0,0,0,0,0,0,0,0
99499,0,0,0,0,0,0,0,0,0,0,0,0,0,0,0,0,0,0,0,0,0,0,0,0,0,0,0,0,0,0,0,0,0,0,0,0,0,0,0,3,0,0,0,0,0,0,0,0,0,0,0,0,0,0,0,0,0,0,0,0,0,0,0,0,0,0,3,0,0,3,0,0,0,0,0,0,0,0,0,0,0,0,0,0,0,0,0,0,0,0,0,0,0,0,0,0,3,0,0,8,0,0,0,0,0,0,0,0,0,0,0,0,0,0,0,0,0,0,0,0,0,0,0,0,0,0,0,0,0,0,0,0,0,0,0,0,0,0,0,4,0,0,0,0,0,0,0,0,0,3,0,0,0,0,0,0,0,0,0,0,0,0,0,0,0,0,0,0,0,0,0,0,0,0,0,0,0,0,0,0,0,0,0,0,0,0,0,0,0,0,0,3,0,4,0,0,0,0,0,8
8ACTE,295,168,686,964,175,1306,189,1144,78,5000,942,1504,2221,1842,986,1299,391,1111,203,10490,3515,8846,5069,2078,2769,1134,874,1705,710,26694,5239,8485,3483,1519,2545,764,810,1216,754,24814,5353,6264,2756,1179,2292,631,982,947,611,21022,2835,3907,1600,625,1438,422,817,755,332,12736,576,1167,390,192,373,175,251,216,97,3427,72,137,37,19,37,24,20,23,24,388,8,12,5,0,0,3,0,3,9,44,18842,30491,16240,8412,10615,5749,4325,7119,2820,104617,168,217,197,1821,450,2368,21,425,64,5736,566,1902,511,2718,2349,1822,40,335,167,10416,2974,10422,942,2953,5903,1386,64,645,596,25887,4282,8598,729,2164,5439,879,53,581,598,23319,3925,6434,609,2068,5654,850,92,619,519,20769,1745,3759,323,1254,3482,673,68,490,255,12043,236,771,68,245,682,187,18,111,65,2393,18,61,3,19,58,20,0,9,12,208,5,8,0,0,7,0,0,0,10,31,13916,32172,3380,13243,24022,8197,361,3215,2301,100807
89799,0,0,0,0,0,0,0,0,0,0,0,0,0,0,0,0,0,0,0,0,0,0,0,0,0,0,0,0,0,0,0,0,0,0,0,0,0,0,0,0,0,0,0,0,0,0,0,0,0,0,0,0,0,0,0,0,0,0,0,0,0,0,0,0,0,0,0,0,0,0,0,0,0,0,0,0,0,0,0,0,0,0,0,0,0,0,0,0,0,0,0,0,0,0,0,0,0,0,0,0,0,0,0,0,0,0,0,0,0,0,0,0,0,0,0,0,0,0,0,0,0,0,0,0,0,0,0,0,0,0,0,0,0,0,0,0,0,0,0,0,0,0,0,0,0,0,0,0,0,0,0,0,0,0,0,0,0,0,0,0,0,0,0,0,0,0,0,0,0,0,0,0,0,0,0,0,0,0,0,0,0,0,0,0,0,0,0,0,0,0,0,0,0,0,0,0,0,0,0,0
89499,0,0,0,0,0,0,0,0,0,3,3,3,4,3,0,3,0,5,0,18,3,10,3,3,0,0,7,4,0,31,0,6,3,4,4,0,0,5,0,20,0,0,6,0,0,0,0,4,3,15,0,3,0,0,3,0,0,0,0,9,0,0,0,0,0,0,0,0,0,0,0,0,0,0,0,0,0,0,0,0,0,0,0,0,0,0,0,0,0,0,12,22,13,9,5,10,4,14,9,102,0,0,0,0,0,0,0,0,0,4,0,6,0,8,4,0,0,3,0,19,3,9,0,3,3,4,0,0,0,27,0,5,3,7,3,0,0,0,0,22,3,3,0,3,0,0,0,0,0,13,3,6,0,0,4,3,0,0,0,18,0,0,0,0,0,0,0,0,0,0,0,0,0,0,0,0,0,0,0,0,0,0,0,0,0,0,0,0,0,0,5,27,3,27,20,6,0,3,0,101
7RNTE,10,33,104,98,17,153,25,221,36,699,60,160,350,195,46,75,84,325,73,1375,389,722,887,621,156,139,295,510,162,3874,479,601,675,537,183,83,289,347,127,3322,578,573,597,446,196,87,348,373,135,3324,484,479,429,264,153,92,297,276,85,2561,143,117,94,56,40,20,74,86,23,657,17,13,9,3,0,3,8,11,4,67,0,0,0,3,0,0,0,5,0,5,2170,2692,3149,2216,803,641,1423,2151,638,15882,11,41,26,135,83,204,3,69,30,605,46,175,61,297,252,140,20,131,51,1168,306,1123,166,833,698,252,47,241,106,3768,311,1014,113,652,599,203,27,204,87,3213,455,930,127,631,664,182,37,228,77,3338,326,684,64,384,459,124,18,155,42,2258,51,114,20,76,100,35,13,37,15,469,7,10,0,9,4,3,0,3,3,47,0,3,0,0,0,0,0,0,0,3,1512,4088,585,3018,2871,1139,153,1080,411,14868
7GDAR,22,44,366,203,65,419,77,408,34,1638,184,223,1135,738,192,307,327,500,107,3702,953,1612,3578,1250,573,401,931,1219,232,10734,1385,1436,2558,857,547,315,787,820,193,8887,1443,1168,1955,586,507,285,887,626,189,7641,971,852,1052,288,396,167,672,427,120,4946,220,263,197,66,107,60,160,99,37,1214,24,26,21,0,11,15,10,6,10,117,0,0,3,0,0,0,0,3,0,10,5197,5619,10869,3987,2389,1973,3838,4100,915,38883,24,34,84,357,224,677,12,116,32,1564,148,398,198,720,766,492,48,195,68,3031,843,2648,452,1438,2048,716,105,478,133,8851,946,2146,286,1024,1854,501,78,465,129,7431,987,1655,271,785,1742,478,94,522,100,6634,534,1054,149,464,1102,283,58,345,67,4053,106,191,31,76,258,77,7,71,28,838,9,18,3,9,9,4,3,4,0,55,0,0,0,0,0,3,0,0,3,6,3598,8147,1465,4872,8004,3234,404,2186,560,32474
79799,0,0,0,0,0,0,0,0,0,0,0,0,0,0,0,0,0,0,0,0,0,0,7,0,0,0,0,3,0,10,0,0,0,0,0,0,0,4,0,9,0,0,0,0,0,0,0,3,0,9,0,3,0,0,0,0,0,0,0,0,0,0,0,0,0,0,0,0,0,0,0,0,0,0,0,0,0,0,0,0,0,0,0,0,0,0,0,0,0,0,0,4,8,0,0,0,0,10,0,22,0,0,0,0,0,0,0,0,0,0,0,0,0,0,0,0,0,0,0,0,0,0,0,0,0,0,0,0,0,4,0,0,0,0,0,0,0,0,0,0,0,0,0,0,0,0,0,0,0,0,0,0,0,0,0,0,0,0,0,0,0,0,0,0,0,0,0,0,0,0,0,0,0,0,0,0,0,0,0,0,0,0,0,0,0,0,0,0,0,0,0,0,0,0,0,0,0,3,0,4
79499,0,0,8,0,0,3,0,0,0,11,0,0,11,6,0,0,0,17,0,39,7,15,17,11,0,6,8,21,0,84,3,17,12,4,0,3,9,7,4,62,3,12,18,0,3,3,16,14,0,70,0,0,7,3,3,0,12,7,0,44,0,0,3,0,0,0,6,0,0,13,0,0,0,0,0,0,0,0,0,0,0,0,0,0,0,0,0,0,0,0,19,37,88,28,10,15,51,62,7,320,0,0,3,3,0,0,0,0,0,8,4,3,3,10,3,3,0,8,0,34,3,35,7,24,0,3,0,12,0,80,7,10,0,3,6,0,0,4,0,39,7,12,4,10,5,3,3,9,0,39,4,9,7,3,10,5,0,6,3,46,0,0,0,0,0,0,0,0,0,0,0,0,0,0,0,0,0,0,0,0,0,0,0,0,0,0,0,0,0,0,18,68,23,54,26,17,11,39,5,252
6RTAS,93,44,751,222,64,788,170,994,57,3185,362,268,1730,359,159,505,562,1209,90,5239,1384,1332,3124,557,447,618,1386,1729,183,10760,2074,1609,2704,628,553,592,1655,1579,241,11639,2600,1770,2963,830,749,703,2446,1884,305,14252,2345,1651,2356,621,666,601,1953,1513,251,11955,937,508,386,131,160,166,438,356,79,3164,238,58,45,8,26,19,42,56,39,529,29,14,7,4,6,0,10,4,8,83,10051,7261,14060,3360,2825,3991,8660,9330,1253,60798,51,37,158,774,220,1714,22,529,53,3562,175,535,362,1244,690,1096,40,507,67,4704,728,2418,658,1774,1730,1113,79,899,123,9517,1115,2620,619,2040,2264,1197,129,1205,141,11335,1444,2801,657,2670,3075,1503,184,1813,187,14338,1207,2258,475,1892,2311,942,146,1437,125,10786,377,387,82,259,463,172,28,262,67,2096,77,25,4,18,32,12,5,29,26,232,6,3,0,3,5,0,0,5,11,41,5181,11072,3017,10675,10782,7755,629,6692,804,56603
6GHOB,49,38,413,268,68,652,75,742,39,2333,185,345,1280,537,263,593,254,832,71,4361,1094,2160,2812,811,802,707,747,1119,205,10461,1758,2427,2206,787,845,531,753,895,188,10397,1982,2298,2166,834,952,515,1091,923,246,11009,1427,1836,1650,497,713,511,982,775,135,8523,436,539,284,121,174,156,196,169,56,2124,55,65,35,12,23,20,17,22,19,264,6,8,0,0,0,4,4,0,8,31,6994,9714,10855,3857,3839,3689,4114,5479,969,49501,27,54,91,680,181,1416,11,347,41,2847,173,550,280,1322,705,1047,31,287,59,4455,781,3032,537,1909,2024,1009,58,510,149,10016,1128,3275,497,1650,2386,836,66,657,155,10643,1237,3077,480,1749,2846,873,109,871,158,11398,730,2265,297,1310,2143,628,86,788,113,8353,127,372,70,197,413,133,12,147,40,1508,17,36,0,13,29,19,0,18,16,145,0,8,0,0,3,0,0,0,12,24,4222,12668,2261,8833,10727,5951,372,3619,742,49382
69799,0,0,0,0,0,0,0,0,0,0,0,0,0,0,0,0,0,0,0,4,0,7,0,0,0,0,0,3,0,12,0,0,3,0,0,0,0,0,0,3,0,3,3,0,0,0,0,3,0,14,0,0,4,0,0,0,0,0,0,3,0,0,0,0,0,0,0,0,0,0,0,0,0,0,0,0,0,0,0,0,0,0,0,0,0,0,0,0,0,0,3,12,12,4,0,0,3,13,0,38,0,0,0,0,0,0,0,0,0,0,0,0,0,0,0,0,0,0,0,3,0,0,0,5,0,0,0,0,0,3,0,0,0,0,0,0,0,0,0,0,0,0,0,0,0,0,0,0,0,0,0,0,0,0,0,0,0,0,0,0,0,0,0,0,0,0,0,0,0,0,0,0,0,0,0,0,0,0,0,0,0,0,0,0,0,0,0,0,0,0,0,0,0,5,0,0,0,3,0,9
69499,0,0,0,0,0,0,0,0,0,4,0,3,3,0,0,0,0,6,0,15,4,13,12,3,0,0,3,13,0,56,0,0,3,0,3,0,9,7,0,26,3,3,7,3,0,0,6,4,0,28,0,3,8,3,0,0,3,0,0,16,0,0,0,0,0,0,0,0,0,0,0,0,0,0,0,0,0,0,0,0,0,0,0,0,0,0,0,0,0,0,13,25,33,15,5,3,22,37,3,152,0,0,0,0,3,3,0,0,0,9,0,0,0,0,0,0,0,3,0,3,0,3,0,12,4,0,0,6,0,26,4,11,0,0,6,5,0,0,0,27,4,3,0,4,9,0,0,3,0,21,0,7,0,0,3,0,0,0,0,12,0,0,0,0,0,0,0,0,0,0,0,0,0,0,0,0,0,0,0,0,0,0,0,0,0,0,0,0,0,0,3,25,0,20,17,9,0,10,0,98
5RWAU,124,80,1718,334,90,1311,239,1881,118,5893,460,476,3787,439,171,637,1070,2028,176,9255,2768,2862,9924,1103,647,859,4296,4193,478,27139,4577,3146,8709,1167,838,794,5188,3276,575,28264,5625,3136,7595,1231,985,876,6154,3301,641,29539,5003,2403,4749,909,914,772,4773,2651,459,22642,2277,677,862,241,263,332,1065,811,200,6731,602,94,75,24,43,27,75,141,59,1143,76,15,17,3,3,0,7,21,12,153,21518,12894,37430,5458,3964,5608,22870,18293,2717,130758,86,92,325,1286,518,2767,37,776,75,5965,390,971,655,1687,1455,1286,192,907,106,7637,1864,4880,1371,3319,4145,1922,738,2057,246,20539,2697,5040,1306,3791,4759,1953,625,2274,272,22712,3268,4584,1293,4022,5432,2441,835,2805,318,25010,2692,3349,789,2985,3906,1693,451,2075,229,18168,1051,591,153,456,801,310,94,493,90,4051,221,40,16,31,73,26,5,59,47,523,23,7,4,3,6,4,3,10,8,71,12301,19555,5915,17583,21091,12407,2982,11451,1395,104674
5GPER,283,434,4387,2477,518,5644,1086,6537,366,21735,1739,4152,13577,4764,2180,5879,3842,8128,819,45064,11492,24928,35033,7646,6919,6118,12610,12667,2102,119509,17943,24849,27394,5445,6498,4519,11777,8664,2131,109226,19680,19907,23451,4669,6379,4241,12887,8132,2020,101374,12567,13762,14509,3138,5109,3346,9402,6153,1155,69139,3349,4419,3027,793,1414,1335,2174,1931,446,18888,447,556,221,94,156,195,142,296,121,2221,65,39,22,5,18,15,10,25,33,234,67573,93051,121619,29026,29184,31292,53925,52534,9194,487403,306,588,987,5803,1631,11904,184,2793,291,24475,2113,6543,2694,11066,7521,9815,471,2708,504,43430,9127,33199,6270,15959,20938,8914,1377,5588,1378,102745,9889,28831,4559,13182,20486,6948,1281,5840,1252,92260,9715,24038,4339,13720,24259,8310,1659,6661,1229,93935,5489,15013,2585,9216,17035,5656,1139,5044,730,61903,1075,2986,529,1609,3868,1288,184,1084,245,12870,125,192,35,81,294,99,15,108,91,1050,10,30,4,13,24,5,3,12,31,123,37840,111417,22006,70654,96055,52938,6307,29831,5748,432800
59799,0,0,0,0,0,0,0,0,0,0,0,3,0,0,0,0,0,11,0,11,3,16,21,0,0,0,9,41,0,91,3,25,28,0,4,0,15,26,4,97,0,18,24,0,0,0,9,16,0,73,0,8,6,0,0,0,6,10,7,33,0,3,0,0,0,0,0,0,0,4,0,0,0,0,0,0,0,0,0,0,0,0,0,0,0,0,0,0,0,0,8,77,80,3,3,0,35,97,9,316,0,0,0,0,0,0,0,0,0,0,0,0,0,0,0,0,0,0,0,3,0,3,0,0,0,0,0,0,0,6,0,0,0,0,0,0,0,0,0,3,3,0,0,0,0,0,0,0,0,6,0,0,0,0,0,0,0,0,0,0,0,0,0,0,0,0,0,0,0,0,0,0,0,0,0,0,0,0,0,0,0,0,0,0,0,0,0,0,0,0,3,6,3,3,0,0,0,0,0,17
59499,0,0,0,0,0,3,0,3,0,6,4,4,23,12,0,12,15,24,4,101,15,44,108,21,9,10,56,106,16,376,15,22,72,13,3,6,61,34,8,230,13,13,56,8,11,5,62,35,8,211,9,22,31,4,5,0,36,31,4,157,3,3,6,0,0,0,9,5,0,34,0,0,0,0,0,0,0,0,0,0,0,0,0,0,0,0,0,0,0,0,66,123,303,64,32,29,239,233,34,1128,0,0,0,0,3,8,0,5,0,18,3,10,4,23,7,10,3,37,3,101,7,47,21,44,16,16,11,59,6,221,9,27,6,3,15,7,10,5,4,94,9,13,7,12,9,9,3,21,8,91,9,21,6,9,30,7,5,30,4,113,0,0,0,3,0,0,0,0,0,9,0,0,0,0,0,0,0,0,0,0,0,0,0,0,0,0,0,0,0,0,39,114,51,99,86,62,35,152,21,648
4RSAU,131,48,1010,210,69,790,209,1692,72,4219,438,298,2265,320,118,531,671,1899,100,6626,2125,1371,4237,679,360,732,2163,2979,233,14877,3491,1557,3555,745,453,640,2422,2670,278,15815,4694,1648,3847,907,691,847,3316,3033,369,19339,4405,1619,3105,792,737,784,2756,2590,319,17111,2090,538,574,168,192,239,654,661,124,5250,521,56,69,19,23,34,78,109,81,982,87,6,21,5,3,6,8,23,18,179,17981,7144,18673,3841,2648,4596,12286,15647,1602,84403,46,60,179,963,244,1965,25,794,63,4342,245,731,419,1368,724,1156,74,795,53,5561,1061,3088,767,2279,2243,1411,146,1307,152,12447,1728,2980,809,2572,3077,1518,196,1462,152,14494,2389,2932,897,3500,3857,1947,273,2391,206,18395,2156,2691,567,2657,2912,1333,205,1983,166,14669,949,476,105,394,668,231,55,460,91,3435,217,32,14,12,72,21,8,51,52,478,20,12,3,10,15,6,0,7,22,90,8818,12993,3760,13752,13809,9592,983,9247,954,73903
4GADE,179,238,1988,1425,318,3219,576,4711,208,12855,1146,2600,7353,3546,1480,3867,2016,5593,450,28054,6861,13841,16992,5432,4431,4588,6251,8256,1134,67781,10770,14910,13564,4316,4646,3659,6398,6651,1175,66088,12311,12401,13590,3971,4842,3542,7560,6466,1170,65845,8242,9980,9154,2885,4026,2711,5712,4551,756,48014,2316,3256,1862,531,963,848,1163,1117,288,12338,356,391,179,36,89,138,71,112,92,1472,52,44,12,8,16,12,16,12,29,192,42226,57659,64695,22145,20809,22586,29756,37465,5306,302646,190,293,432,3681,873,7959,87,1948,167,15630,1281,3763,1538,7635,4127,6681,165,2075,292,27570,5204,20025,3400,11003,11894,5671,356,3263,833,61646,6443,18715,2752,9204,13388,4468,417,3454,789,59640,6852,16046,2737,10154,16759,5656,729,4900,752,64586,4069,11954,1685,6883,12422,3654,552,3759,483,45460,859,2216,329,1175,2587,765,100,820,183,9025,92,159,23,74,163,71,6,57,95,730,12,25,0,15,20,10,0,7,42,120,25006,73191,12900,49830,62219,34942,2408,20286,3628,284414
49799,0,0,0,0,0,0,0,0,0,0,0,0,0,0,0,0,0,0,0,0,0,0,0,0,0,0,0,0,0,0,0,0,0,0,0,0,0,0,0,0,0,0,0,0,0,0,0,0,0,0,0,0,0,0,0,0,0,0,0,0,0,0,0,0,0,0,0,0,0,0,0,0,0,0,0,0,0,0,0,0,0,0,0,0,0,0,0,0,0,0,0,3,0,0,0,0,0,0,0,6,0,0,0,0,0,0,0,0,0,0,0,0,0,0,0,0,0,0,0,0,0,0,0,0,0,0,0,0,0,0,0,0,0,0,0,0,0,0,0,0,0,0,0,0,0,0,0,0,0,0,0,0,0,0,0,0,0,0,0,0,0,0,0,0,0,0,0,0,0,0,0,0,0,0,0,0,0,0,0,0,0,0,0,0,0,0,0,0,0,0,0,0,0,0,0,0,0,0,0,0
49499,0,0,0,0,0,0,3,13,0,13,0,5,6,4,3,3,4,22,3,52,6,16,36,10,8,8,20,49,4,160,6,12,23,3,0,0,17,15,3,87,9,12,22,3,0,5,13,15,0,76,5,6,9,3,0,5,14,14,0,62,9,0,0,0,0,0,5,0,0,14,0,0,0,0,0,0,0,0,0,0,0,0,0,0,0,0,0,0,0,0,35,52,94,19,18,27,82,132,11,465,0,0,0,0,0,3,3,3,0,9,0,8,0,3,4,3,0,24,0,36,6,14,3,6,12,7,0,38,0,83,6,12,6,4,6,0,0,7,0,37,3,10,8,13,6,5,3,4,0,54,6,11,0,4,7,3,0,6,0,37,0,0,0,0,0,0,0,0,0,3,0,0,0,0,0,0,0,0,0,0,0,0,0,0,0,0,0,0,0,0,20,54,20,32,40,23,6,75,0,263
3RQLD,538,460,7049,3033,671,7647,1460,9851,561,31274,2265,3275,16158,5086,1674,5034,4252,10247,878,48863,11697,14902,35839,7972,4145,6145,13425,15820,1923,111876,18658,17375,31642,6965,5006,5890,15607,13122,2263,116529,22050,16876,27993,6984,5950,6166,18795,13690,2282,120785,17147,12681,18986,4350,4659,5135,15121,11080,1602,90768,6754,3966,3560,940,1359,2050,3562,2901,692,25772,1720,445,276,101,175,247,244,373,257,3839,241,36,36,4,14,24,23,39,67,480,81059,70020,141551,35430,23655,38338,72486,77119,10521,550177,471,698,1557,8262,2723,15921,282,3991,469,34380,2441,6748,2973,11603,7841,9319,660,3797,502,45886,9303,26926,5941,17771,20195,10372,1510,7092,1151,100261,11775,27715,5453,17906,25034,10257,1596,8225,1388,109352,13274,25373,5058,19290,28808,12337,2054,11290,1365,118848,8954,16421,2829,12676,19786,8811,1208,9292,930,80905,3060,3016,567,1947,4132,2099,264,2006,441,17536,613,228,42,105,318,154,28,199,235,1919,61,29,9,16,39,21,7,14,69,266,49956,107148,24434,89564,108882,69291,7609,45909,6555,509346
3GBRI,440,750,5250,3161,1060,6734,1637,8354,504,27885,2481,6368,14436,6334,3730,6862,5137,10235,1054,56631,13802,29007,32444,8814,9261,8105,13145,15593,2583,132753,21983,30537,26051,6580,9188,6316,13029,11277,2384,127344,22561,24085,22293,5813,8644,5649,14096,10535,2056,115741,13465,15207,14314,3618,5957,4236,10615,7808,1162,76389,3439,4372,2620,779,1384,1442,2514,1937,424,18907,475,535,212,61,125,186,142,210,158,2116,55,47,26,12,20,20,8,19,45,253,78702,110920,117647,35173,39368,39551,60337,65956,10368,558022,493,870,1140,7989,2977,14584,314,3397,436,32200,2895,9205,2960,13111,10650,11169,690,3444,681,54809,11507,39413,5785,17551,25885,10394,1281,6447,1710,119970,13646,37029,4686,15626,27058,8045,1408,6308,1646,115453,12426,29106,4062,15692,29333,8878,1823,8287,1353,110948,6177,16595,2308,9822,19120,5900,1186,6201,788,68103,1248,2948,435,1565,3891,1350,199,1254,265,13145,133,186,31,68,246,93,7,110,121,993,7,27,4,6,15,10,0,5,53,131,48518,135380,21408,81431,119180,60428,6908,35455,7056,515756
39799,0,0,0,0,0,0,0,0,0,3,0,0,0,0,0,0,0,0,0,3,0,0,0,0,0,0,0,3,0,3,3,0,0,0,0,0,0,0,0,9,0,0,3,0,0,0,0,0,0,8,5,0,3,0,0,0,0,0,0,5,0,0,0,0,0,0,0,0,0,0,0,0,0,0,0,0,0,0,0,0,0,0,0,0,0,0,0,0,0,0,7,0,6,0,4,5,0,4,0,31,0,0,0,0,0,0,0,0,0,4,0,0,0,0,0,0,0,0,0,0,0,3,0,0,3,0,0,0,0,6,0,0,0,0,0,0,0,0,0,4,0,0,0,0,0,0,0,0,0,4,0,4,4,0,0,0,0,3,0,6,0,0,0,0,0,0,0,0,0,0,0,0,0,0,0,0,0,0,0,0,0,0,0,0,0,0,0,0,0,0,0,10,4,0,7,5,0,7,4,33
39499,7,0,8,9,3,8,3,17,0,52,10,13,34,25,3,13,20,100,7,223,34,75,117,42,19,19,68,172,22,564,21,42,73,18,8,10,60,64,23,324,29,41,66,10,11,12,60,71,7,310,33,31,42,7,12,3,44,36,4,212,12,4,0,0,0,6,19,3,9,59,0,0,0,0,0,0,0,0,0,3,0,0,0,0,0,0,0,0,0,0,144,207,339,121,56,74,271,459,66,1743,3,0,4,9,6,17,0,7,0,50,16,13,8,66,22,19,0,106,0,252,30,92,15,89,39,26,6,142,8,444,12,48,7,16,22,8,7,22,3,147,18,43,5,33,32,12,8,35,6,202,32,39,16,23,47,20,6,36,6,217,3,10,0,3,0,0,0,3,0,24,0,0,0,0,0,0,0,0,0,0,0,0,0,0,0,0,0,0,0,0,117,237,54,230,170,114,29,361,24,1336
2RVIC,525,207,4197,1433,320,4100,537,6005,359,17688,1885,1639,9932,2379,827,2872,2037,5959,516,28046,7620,8489,18470,3503,2232,3362,5783,9115,982,59550,12459,9788,14903,3562,2723,3170,7134,7854,1189,62778,15103,9109,14981,4305,3298,3352,10026,9017,1300,70488,13510,8566,11382,3282,3267,3017,8998,7982,1113,61117,6125,2579,2192,736,923,1073,2153,2072,476,18334,1771,329,216,62,111,132,160,328,205,3308,301,34,47,13,14,23,35,56,76,602,59293,40747,76331,19274,13723,21090,36855,48382,6209,321909,240,265,707,4092,928,9515,112,2553,307,18727,1073,3353,1861,7149,3340,5554,241,2503,319,25392,4301,16396,3502,9537,9169,5423,420,3855,625,53221,6595,16427,3221,9472,12300,5444,592,4569,759,59380,8217,15688,3333,12248,15901,6817,940,7116,853,71122,6846,12419,2184,9198,11737,4989,797,6206,691,55072,2854,2092,404,1528,2452,915,126,1289,312,11977,635,132,33,94,204,52,8,161,159,1471,75,39,19,29,53,18,3,33,54,318,30843,66802,15255,53351,56094,38723,3244,28286,4076,296681
2GMEL,663,1100,7531,5552,1298,10838,1525,12315,771,41591,4461,11732,25440,12299,7301,15214,7542,16641,2130,102768,33316,72539,64202,17977,22288,19611,23036,25711,5468,284146,51210,67487,49085,11841,18908,13991,22883,19598,4808,259809,49392,47438,43633,10536,15934,12071,25609,19473,4273,228358,29139,32958,27779,6722,11358,8156,19367,14674,2699,152859,7624,11172,5711,1647,3113,2872,4236,4199,966,41533,1118,1444,522,148,345,347,280,600,303,5108,171,170,84,19,49,46,34,70,120,766,177107,246044,223993,66751,80585,83150,104512,113276,21533,1116953,565,1275,1199,10631,2918,24764,264,4215,691,46521,4774,16102,4881,24088,16579,25279,1101,5385,1510,99704,25306,92848,12820,36018,47552,23324,2441,10165,3975,254436,30285,74774,9657,28062,47723,16636,2952,9836,3274,223203,25829,55624,8585,29254,53861,18076,4340,14001,2967,212541,12801,34095,4729,18032,35366,11285,2908,11028,1662,131905,2612,6876,886,3388,7994,2460,360,2274,630,27484,277,525,71,192,569,195,17,251,226,2316,46,95,22,29,74,28,4,22,108,430,102496,282214,42858,149690,212636,122045,14387,57174,15041,998542
29799,0,0,0,0,0,0,0,0,0,0,0,0,0,0,0,0,0,0,0,0,0,0,0,0,0,0,0,0,0,4,0,0,0,0,0,0,0,0,0,3,0,3,4,0,0,0,0,0,0,8,0,3,0,0,0,0,0,0,0,3,0,0,0,0,0,0,0,0,0,0,0,0,0,0,0,0,0,0,0,0,0,0,0,0,0,0,0,0,0,0,0,4,7,0,0,0,0,3,0,23,0,0,0,0,0,0,0,0,0,0,0,0,0,0,0,0,0,0,0,0,0,0,0,0,0,0,0,0,0,0,0,0,0,0,0,0,0,0,0,0,0,0,0,0,0,0,0,0,0,0,0,0,0,0,0,0,0,0,0,0,0,0,0,0,0,0,0,0,0,0,0,0,0,0,0,0,0,0,0,0,0,0,0,0,0,0,0,0,0,0,0,0,0,0,0,0,0,0,0,0
29499,6,0,6,6,0,5,4,8,0,42,13,10,26,33,5,11,8,40,3,145,37,85,96,40,21,14,47,71,7,420,28,46,61,17,6,8,47,37,13,264,21,35,31,12,9,5,44,38,11,195,16,29,22,7,10,4,30,20,5,140,5,4,3,0,3,3,3,0,0,24,0,0,0,0,0,0,0,0,0,3,0,0,0,0,0,0,0,0,0,0,123,203,249,120,56,53,183,214,41,1242,0,0,3,8,0,10,0,3,0,25,8,16,11,48,12,21,3,24,7,142,19,101,21,54,41,27,3,28,3,304,10,35,8,17,25,8,5,7,3,121,13,20,5,17,20,7,4,9,3,102,6,24,0,8,20,6,0,7,0,80,0,6,0,4,7,0,0,0,0,16,0,0,0,0,0,0,0,0,0,0,0,0,0,0,0,0,0,0,0,0,54,202,44,161,126,74,17,86,16,786
1RNSW,685,463,8174,2645,499,7297,1371,10285,570,31996,2503,3157,17679,4817,1615,5201,3921,10319,853,50069,11966,16024,33411,7592,4275,6341,12334,15546,1858,109349,19931,18465,28018,7326,5094,5532,15153,13497,2060,115070,23981,17995,27047,7714,6541,5922,19122,15302,2397,126013,20799,15740,19682,5494,5598,5287,16076,13037,1885,103588,8925,4813,3726,1127,1490,1785,3954,3170,779,29774,2571,694,370,95,209,214,340,467,367,5330,432,62,52,13,17,43,31,61,119,829,91793,77415,138156,36826,25337,37622,72308,81673,10897,572026,458,782,1338,8346,2094,15997,258,4293,501,34072,2058,6202,3204,13415,7013,9549,500,3566,552,46056,7881,28660,5766,17910,18794,10282,1108,6214,1180,97810,11662,30569,5496,17443,24762,9971,1212,7462,1462,110036,14134,28687,5548,20662,31000,12077,1623,11308,1440,126491,10783,23172,3482,14700,22285,8760,1158,9206,1141,94689,4191,3848,605,2144,4819,1697,260,1873,554,19994,945,274,72,127,408,140,27,228,323,2544,140,45,11,28,53,24,8,18,110,440,52254,122252,25531,94777,111222,68498,6161,44170,7273,532137
1GSYD,810,1812,10406,5544,1712,10241,2218,12171,979,45892,5489,15399,25860,12721,8676,14291,8038,15948,2698,109120,37792,83767,59744,19542,23458,21143,23105,26002,6971,301533,57710,77443,49560,13563,21168,15250,24863,19550,5756,284869,52564,54439,43304,11085,17532,12615,27908,20149,4953,244549,30604,37105,28354,7129,13060,8865,21830,16186,3187,166319,8128,12692,6242,1953,3617,3108,5139,4236,1021,46144,1118,1889,557,190,443,439,343,468,308,5751,172,237,64,16,53,52,31,40,94,758,194389,284781,224085,71736,89725,86017,113473,114751,25976,1204929,696,2310,1684,12783,4632,22528,393,4129,821,49981,5403,21039,4761,24724,19832,21942,1145,4923,1889,105648,29812,100258,11142,35025,52049,23893,2608,9960,4909,269666,35509,81381,8936,26897,55457,17725,2958,9806,4063,242735,28416,60451,8470,27072,57918,18143,4084,14325,3499,222380,14341,38221,4909,16663,40278,11808,2933,11350,2000,142504,2859,8558,956,3091,10315,2738,391,2021,720,31649,281,731,90,193,840,221,27,179,259,2820,51,72,16,26,86,32,4,17,94,395,117375,313021,40969,146468,241410,119035,14549,56703,18258,1067789
19799,0,0,0,0,0,0,0,0,0,0,0,0,0,0,0,0,0,0,0,3,0,3,3,0,0,0,0,3,0,9,3,3,3,0,0,0,0,3,0,11,0,0,4,0,0,0,5,3,0,20,0,3,0,0,0,0,0,0,0,10,0,0,0,0,0,0,3,0,0,6,0,0,0,0,0,0,0,0,0,0,0,0,0,0,0,0,0,0,0,0,3,9,14,3,0,0,9,15,3,59,0,0,0,0,0,4,0,0,0,3,0,0,0,0,0,0,0,0,0,3,0,7,4,0,3,0,0,0,0,17,0,0,0,4,0,0,0,0,0,13,0,7,4,4,0,4,0,0,0,17,0,3,0,3,0,3,0,3,3,11,0,0,0,0,4,3,0,0,0,11,0,0,0,0,0,0,0,0,0,0,0,0,0,0,0,0,0,0,0,0,0,15,10,11,18,15,0,3,3,72
19499,0,8,10,17,0,4,3,16,3,63,17,28,58,50,4,24,20,73,10,284,43,117,130,47,25,23,87,143,15,637,49,72,82,27,27,17,79,77,19,441,25,46,61,28,17,22,64,43,11,319,29,28,46,11,12,13,42,34,11,228,8,19,8,0,3,9,8,3,0,61,0,0,0,0,0,0,0,0,0,3,0,0,0,0,0,0,0,0,0,5,167,321,397,186,88,109,314,395,63,2042,0,0,0,18,0,13,0,10,0,44,10,26,16,72,26,30,3,50,5,243,30,133,32,81,41,35,11,76,9,451,19,64,13,24,24,15,6,11,9,183,23,53,15,26,39,4,3,17,11,185,10,37,7,25,34,10,5,16,7,151,3,6,0,3,6,0,0,0,0,28,0,0,0,0,0,0,0,0,0,0,0,0,0,0,0,0,0,0,0,0,106,329,80,247,172,111,29,183,37,1291