SUA_CODE_2016,M15_19_Managers,M15_19_Professionals,M15_19_TechnicTrades_Wrs,M15_19_CommunPersnlSvc_W,M15_19_ClericalAdminis_W,M15_19_Sales_W,M15_19_Mach_oper_drivers,M15_19_Labourers,M15_19_Occu_ID_NS,M15_19_Tot,M20_24_Managers,M20_24_Professionals,M20_24_TechnicTrades_W,M20_24_CommunPersnlSvc_W,M20_24_ClericalAdminis_W,M20_24_Sales_W,M20_24_Mach_oper_drivers,M20_24_Labourers,M20_24_Occu_ID_NS,M20_24_Tot,M25_34_Managers,M25_34_Professionals,M25_34_TechnicTrades_W,M25_34_CommunPersnlSvc_W,M25_34_ClericalAdminis_W,M25_34_Sales_W,M25_34_Mach_oper_drivers,M25_34_Labourers,M25_34_Occu_ID_NS,M25_34_Tot,M35_44_Managers,M35_44_Professionals,M35_44_TechnicTrades_W,M35_44_CommunPersnlSvc_W,M35_44_ClericalAdminis_W,M35_44_Sales_W,M35_44_Mach_oper_drivers,M35_44_Labourers,M35_44_Occu_ID_NS,M35_44_Tot,M45_54_Managers,M45_54_Professionals,M45_54_TechnicTrades_W,M45_54_CommunPersnlSvc_W,M45_54_ClericalAdminis_W,M45_54_Sales_W,M45_54_Mach_oper_drivers,M45_54_Labourers,M45_54_Occu_ID_NS,M45_54_Tot,M55_64_Managers,M55_64_Professionals,M55_64_TechnicTrades_W,M55_64_CommunPersnlSvc_W,M55_64_ClericalAdminis_W,M55_64_Sales_W,M55_64_Mach_oper_drivers,M55_64_Labourers,M55_64_Occu_ID_NS,M55_64_Tot,M65_74_Managers,M65_74_Professionals,M65_74_TechnicTrades_W,M65_74_CommunPersnlSvc_W,M65_74_ClericalAdminis_W,M65_74_Sales_W,M65_74_Mach_oper_drivers,M65_74_Labourers,M65_74_Occu_ID_NS,M65_74_Tot,M75_84_Managers,M75_84_Professionals,M75_84_TechnicTrades_W,M75_84_CommunPersnlSvc_W,M75_84_ClericalAdminis_W,M75_84_Sales_W,M75_84_Mach_oper_drivers,M75_84_Labourers,M75_84_Occu_ID_NS,M75_84_Tot,M85_ov_Managers,M85_ov_Professionals,M85_ov_TechnicTrades_W,M85_ov_CommunPersnlSvc_W,M85_ov_ClericalAdminis_W,M85_ov_Sales_W,M85_ov_Mach_oper_drivers,M85_ov_Labourers,M85_ov_Occu_ID_NS,M85_ov_Tot,M_Tot_Managers,M_Tot_Professionals,M_Tot_TechnicTrades_W,M_Tot_CommunPersnlSvc_W,M_Tot_ClericalAdminis_W,M_Tot_Sales_W,M_Tot_Mach_oper_drivers,M_Tot_Labourers,M_Tot_Occu_ID_NS,M_Tot_Tot,F15_19_Managers,F15_19_Professionals,F15_19_TechnicTrades_Wrs,F15_19_CommunPersnlSvc_W,F15_19_ClericalAdminis_W,F15_19_Sales_W,F15_19_Mach_oper_drivers,F15_19_Labourers,F15_19_Occu_ID_NS,F15_19_Tot,F20_24_Managers,F20_24_Professionals,F20_24_TechnicTrades_W,F20_24_CommunPersnlSvc_W,F20_24_ClericalAdminis_W,F20_24_Sales_W,F20_24_Mach_oper_drivers,F20_24_Labourers,F20_24_Occu_ID_NS,F20_24_Tot,F25_34_Managers,F25_34_Professionals,F25_34_TechnicTrades_W,F25_34_CommunPersnlSvc_W,F25_34_ClericalAdminis_W,F25_34_Sales_W,F25_34_Mach_oper_drivers,F25_34_Labourers,F25_34_Occu_ID_NS,F25_34_Tot,F35_44_Managers,F35_44_Professionals,F35_44_TechnicTrades_W,F35_44_CommunPersnlSvc_W,F35_44_ClericalAdminis_W,F35_44_Sales_W,F35_44_Mach_oper_drivers,F35_44_Labourers,F35_44_Occu_ID_NS,F35_44_Tot,F45_54_Managers,F45_54_Professionals,F45_54_TechnicTrades_W,F45_54_CommunPersnlSvc_W,F45_54_ClericalAdminis_W,F45_54_Sales_W,F45_54_Mach_oper_drivers,F45_54_Labourers,F45_54_Occu_ID_NS,F45_54_Tot,F55_64_Managers,F55_64_Professionals,F55_64_TechnicTrades_W,F55_64_CommunPersnlSvc_W,F55_64_ClericalAdminis_W,F55_64_Sales_W,F55_64_Mach_oper_drivers,F55_64_Labourers,F55_64_Occu_ID_NS,F55_64_Tot,F65_74_Managers,F65_74_Professionals,F65_74_TechnicTrades_W,F65_74_CommunPersnlSvc_W,F65_74_ClericalAdminis_W,F65_74_Sales_W,F65_74_Mach_oper_drivers,F65_74_Labourers,F65_74_Occu_ID_NS,F65_74_Tot,F75_84_Managers,F75_84_Professionals,F75_84_TechnicTrades_W,F75_84_CommunPersnlSvc_W,F75_84_ClericalAdminis_W,F75_84_Sales_W,F75_84_Mach_oper_drivers,F75_84_Labourers,F75_84_Occu_ID_NS,F75_84_Tot,F85ov_Managers,F85ov_Professionals,F85ov_TechnicTrades_W,F85ov_CommunPersnlSvc_W,F85ov_ClericalAdminis_W,F85ov_Sales_W,F85ov_Mach_oper_drivers,F85ov_Labourers,F85ov_Occu_ID_NS,F85ov_Tot,F_Tot_Managers,F_Tot_Professionals,F_Tot_TechnicTrades_W,F_Tot_CommunPersnlSvc_W,F_Tot_ClericalAdminis_W,F_Tot_Sales_W,F_Tot_Mach_oper_drivers,F_Tot_Labourers,F_Tot_Occu_ID_NS,F_Tot_Tot
1000,359,153,3358,711,156,2235,502,3788,246,11493,1046,676,5962,1072,343,1165,1498,3813,317,15882,4707,3322,10647,1916,889,1593,4441,5891,582,34000,8755,4916,9945,2243,1423,1650,5956,5450,788,41129,11779,5759,10340,2679,1984,2060,8131,6639,1036,50399,11940,5487,8126,2046,1984,2075,7075,6208,907,45853,6536,1899,1715,428,597,730,1921,1643,400,15875,2142,279,192,46,86,96,158,266,209,3472,368,35,32,6,3,22,18,38,60,598,47632,22518,50310,11144,7469,11627,29715,33740,4542,218699,182,236,565,2923,696,4869,85,1671,210,11431,576,1647,1102,3792,1938,2415,197,1501,185,13355,2597,7763,2003,5416,5703,3081,466,2544,364,29942,4891,9803,2087,6237,8578,3496,544,3010,546,39195,6749,10602,2383,7811,11492,4466,704,4701,597,49512,6080,9174,1547,5944,8652,3352,528,3874,576,39720,3179,1695,276,889,2110,664,133,924,311,10177,814,123,34,47,213,57,8,151,178,1630,123,26,12,19,28,16,0,16,53,290,25189,41066,10005,33084,39409,22420,2666,18387,3021,195252
1001,30,24,381,124,27,293,41,360,29,1317,87,116,948,236,63,196,184,368,53,2247,471,688,1471,341,189,302,532,590,65,4644,708,675,976,284,240,231,543,430,86,4170,737,665,848,275,252,239,652,463,87,4219,546,549,617,172,208,201,534,412,51,3288,131,147,118,39,65,60,165,98,25,849,22,15,12,3,5,3,7,9,7,84,7,3,0,3,0,0,0,0,3,12,2746,2882,5365,1464,1053,1530,2654,2734,403,20830,22,32,46,311,98,711,10,160,19,1410,80,232,142,629,279,437,16,128,26,1965,294,1304,253,842,709,479,39,218,32,4170,387,1090,179,656,908,349,44,285,49,3949,416,945,164,660,1134,427,62,364,48,4226,264,704,109,516,842,322,44,352,32,3174,59,107,27,84,146,66,7,65,15,565,3,5,5,3,10,0,0,8,4,39,0,0,0,0,0,3,0,0,0,6,1540,4413,921,3702,4118,2796,220,1582,222,19519
1002,8,3,61,31,9,86,11,88,0,313,33,56,107,68,30,109,48,127,6,579,105,198,224,104,54,78,71,152,9,979,145,235,147,74,44,51,48,88,13,838,180,287,154,76,57,44,80,109,16,1001,134,236,152,42,43,36,70,75,9,811,58,74,25,9,10,13,17,22,6,238,16,7,3,0,5,3,0,3,4,37,0,0,0,0,0,0,0,0,0,4,673,1089,882,409,261,424,344,657,65,4801,8,15,14,100,29,175,7,38,4,393,28,86,26,175,77,126,3,48,9,577,51,301,35,170,161,93,3,87,4,907,76,350,36,113,184,56,0,56,12,877,112,357,34,116,276,72,3,62,8,1052,81,297,35,96,212,56,3,59,9,848,21,53,6,23,39,14,4,9,8,173,3,0,0,3,4,0,0,0,0,13,0,0,0,0,0,0,0,0,0,3,389,1448,192,795,977,590,21,366,59,4838
1003,3,3,39,20,3,96,5,104,0,282,25,18,116,37,4,45,28,67,0,344,85,142,236,82,26,53,53,142,11,818,178,251,247,70,35,57,58,118,15,1035,203,226,261,102,53,71,96,128,17,1151,172,206,202,82,63,76,108,114,19,1039,68,74,40,12,20,37,42,34,11,326,8,8,3,0,0,3,0,4,3,30,3,3,0,0,0,0,0,0,3,15,735,926,1151,397,206,436,389,710,82,5041,3,3,14,63,8,160,0,40,3,303,14,38,24,106,50,104,3,19,3,354,63,258,40,144,108,105,4,48,12,779,104,353,51,186,199,77,5,55,21,1061,125,378,52,233,261,121,8,98,17,1297,95,303,46,156,253,121,6,91,15,1079,24,45,8,23,58,29,5,22,10,216,0,3,0,0,4,0,0,0,0,11,0,0,0,0,0,0,0,0,3,3,433,1367,232,918,944,708,41,368,84,5094
1004,3,0,41,13,3,48,5,56,3,173,9,9,69,15,14,28,14,42,4,196,58,31,156,40,18,38,32,66,9,445,75,49,128,45,16,48,67,59,12,496,89,77,149,58,26,57,56,85,13,595,110,72,128,42,33,54,60,73,16,582,24,31,27,14,12,12,32,21,3,175,8,3,0,0,0,3,0,0,3,24,0,0,0,0,0,0,0,0,0,3,369,274,693,222,120,285,263,406,63,2694,0,3,7,50,18,103,0,18,3,200,11,10,9,47,29,47,0,16,4,166,32,74,22,86,70,54,3,22,8,371,58,108,22,105,118,67,0,41,8,542,62,110,36,122,157,100,3,64,12,658,76,148,29,122,132,73,5,44,10,631,16,25,0,12,27,17,0,15,3,117,0,6,0,0,0,3,0,0,0,12,0,0,0,0,0,0,0,0,3,3,247,497,132,534,545,469,17,210,45,2707
1005,11,5,98,41,6,92,18,145,17,430,32,53,247,152,30,118,49,154,5,842,196,243,580,166,66,129,168,238,29,1822,243,249,360,129,74,94,203,184,34,1563,255,251,272,143,85,54,228,208,26,1536,209,214,210,96,75,44,198,163,22,1231,49,56,48,24,17,15,41,35,11,297,15,8,11,0,3,4,9,5,4,59,0,0,0,0,0,0,0,0,0,5,1012,1086,1825,755,346,557,921,1133,149,7787,7,12,13,130,23,256,0,71,7,516,37,109,53,290,98,203,6,67,12,866,110,485,98,295,292,175,4,86,14,1567,157,432,84,240,351,127,9,124,28,1546,160,403,61,261,391,132,14,169,17,1605,106,362,34,180,267,110,11,120,16,1210,29,55,8,28,62,23,0,25,3,234,3,3,0,0,3,3,0,0,3,15,4,0,0,0,0,0,0,0,0,5,609,1868,348,1428,1486,1021,51,661,95,7567
1006,3,4,120,41,12,139,13,172,9,521,36,31,264,58,12,53,55,128,14,635,173,148,469,103,39,80,162,181,28,1376,272,283,417,97,52,92,169,157,18,1557,362,347,444,101,89,96,220,194,32,1885,334,330,333,50,76,85,182,180,21,1595,138,176,89,23,36,54,59,47,10,636,34,42,4,4,9,5,8,3,8,121,3,4,0,0,0,4,0,0,3,14,1353,1360,2139,476,331,614,858,1060,143,8345,6,12,28,165,19,235,4,69,5,545,33,57,49,171,81,118,5,34,7,550,112,276,86,232,204,132,9,86,14,1159,183,429,97,246,287,161,19,101,22,1540,223,504,101,281,404,206,24,193,19,1958,182,440,68,202,333,136,20,106,14,1506,44,113,17,40,124,68,11,32,8,451,6,13,3,4,19,5,3,0,4,53,0,0,0,0,0,0,0,0,0,6,792,1857,451,1337,1470,1058,91,624,92,7765
1007,4,4,31,4,0,58,7,71,9,192,13,12,111,33,12,38,41,44,6,307,45,96,215,57,20,55,141,78,15,720,71,62,171,57,20,33,140,58,12,618,95,73,173,76,32,33,159,97,21,764,98,87,134,55,53,38,170,84,13,725,24,21,24,11,6,8,31,21,9,153,3,3,3,0,5,0,0,0,9,20,0,0,0,0,0,0,0,0,4,8,353,358,858,299,151,258,688,446,91,3507,3,3,8,40,10,98,3,18,3,192,6,59,15,94,34,57,3,10,3,296,36,206,41,144,115,86,11,45,5,689,68,154,26,146,122,59,3,52,6,639,70,171,27,172,182,76,5,88,4,782,83,127,33,135,117,59,8,86,15,654,20,32,9,20,25,3,3,11,3,122,3,0,0,0,0,6,0,0,0,9,0,0,0,0,0,0,0,0,5,4,286,757,162,754,598,445,35,315,46,3395
1008,0,3,46,18,3,38,14,50,3,170,7,8,62,20,0,19,13,42,5,175,23,44,136,21,9,14,30,52,4,340,75,77,157,27,17,28,63,74,11,524,109,104,181,57,42,46,111,106,14,776,90,90,125,34,20,36,90,109,9,593,33,20,23,12,13,9,19,21,4,151,7,0,0,0,0,0,0,3,3,20,0,0,0,0,0,0,0,0,3,4,351,348,729,184,106,193,337,458,46,2762,0,4,9,62,10,62,0,30,0,172,6,15,7,47,13,17,0,13,0,129,13,75,36,77,64,45,4,9,4,337,53,153,33,104,113,60,0,20,7,546,74,190,50,132,186,99,5,57,15,798,65,156,26,122,115,90,10,54,10,640,13,20,3,14,23,8,0,7,7,96,3,0,0,0,3,0,0,0,3,13,0,0,0,0,0,0,0,0,0,4,219,619,171,552,524,378,22,202,43,2731
1009,55,56,936,297,64,880,212,1284,72,3856,314,474,2228,610,225,747,448,1303,112,6462,1367,2107,4290,1085,656,909,1216,1802,246,13689,2538,2597,3906,1032,871,833,1505,1609,289,15186,2712,2498,3587,1058,1037,895,1849,1865,305,15801,1768,1922,2454,750,880,683,1630,1419,236,11749,451,615,436,156,200,281,402,291,64,2900,67,69,33,14,22,21,23,27,31,309,9,10,7,4,0,3,5,3,6,45,9280,10364,17868,4998,3970,5253,7284,9598,1373,69988,60,100,170,1109,268,2217,33,511,57,4529,314,725,405,1779,907,1394,61,316,76,5974,1112,3494,705,2204,2368,1342,118,520,159,12026,1449,3809,670,2176,3291,1262,178,841,197,13876,1468,3568,664,2692,4051,1588,234,1217,197,15680,934,2676,426,1762,3030,1278,196,904,155,11361,176,483,67,260,689,215,23,138,54,2103,21,30,10,10,37,13,3,9,26,146,0,4,0,0,4,0,0,0,7,20,5532,14890,3123,11985,14635,9308,852,4459,934,65713
1010,16,5,162,69,18,218,41,305,14,837,64,74,377,108,37,128,79,289,25,1171,330,396,722,188,109,181,228,457,55,2666,477,511,644,173,165,193,260,364,55,2839,548,457,638,211,169,178,318,411,49,2991,449,437,494,199,171,169,322,349,47,2641,128,133,91,21,42,56,98,77,17,663,11,14,3,6,0,6,3,16,6,61,7,0,0,0,0,0,0,3,0,10,2021,2025,3126,968,717,1133,1342,2267,269,13879,12,17,20,222,53,482,11,105,13,936,56,131,78,307,163,241,6,78,14,1086,230,669,132,461,444,235,12,228,32,2448,276,795,134,431,693,271,11,211,46,2861,377,819,122,578,802,349,40,280,45,3400,243,672,87,429,607,266,26,252,20,2592,61,102,17,53,130,50,7,37,8,459,4,3,0,4,11,3,0,4,9,38,0,0,0,0,0,0,0,0,4,8,1261,3208,590,2480,2900,1887,102,1205,188,13826
1011,11,4,129,32,8,146,14,146,9,498,39,47,330,70,34,77,58,152,13,814,213,281,569,137,81,173,189,289,45,1973,270,243,380,121,96,134,177,216,21,1666,287,241,332,145,101,122,228,188,26,1663,215,194,231,72,95,91,189,155,24,1279,76,53,71,20,23,44,66,38,12,405,15,8,9,3,4,4,11,9,4,66,0,0,0,0,0,0,0,0,0,4,1118,1066,2055,613,441,789,928,1206,157,8372,10,9,23,142,32,288,0,65,8,577,35,120,46,238,116,161,4,53,10,774,139,593,99,393,330,200,13,138,32,1932,155,518,55,284,375,150,5,101,23,1667,192,387,50,270,488,164,15,143,23,1727,129,294,30,192,386,127,10,136,10,1312,26,50,8,24,56,34,4,19,7,233,9,3,3,4,4,4,0,3,5,40,0,0,0,3,0,0,0,0,3,6,686,1982,319,1544,1778,1126,60,662,111,8275
1012,0,0,35,18,4,77,4,69,5,211,21,8,68,22,3,18,18,44,4,212,56,65,154,45,15,45,38,85,3,497,71,63,152,41,17,52,49,67,8,523,94,89,158,52,29,68,66,124,19,699,123,104,127,36,34,47,75,98,17,654,48,34,31,11,9,19,14,31,7,201,5,8,0,3,0,0,3,5,4,21,0,0,0,0,0,0,0,0,3,3,420,373,733,219,109,321,257,526,70,3032,3,3,5,35,10,134,0,24,11,216,6,28,15,59,9,60,3,16,5,205,39,125,23,108,71,63,3,31,12,466,51,142,41,116,108,79,3,45,5,596,45,162,32,163,164,101,9,70,5,758,60,189,32,121,181,89,8,76,12,758,18,34,3,27,41,27,0,15,3,168,3,3,0,0,3,0,0,0,4,16,0,0,0,0,0,0,0,0,0,3,225,685,153,622,583,559,22,276,52,3179
1013,9,4,76,25,3,85,10,96,10,317,26,20,187,45,11,51,34,108,11,504,120,92,317,92,41,72,129,144,22,1038,143,86,192,149,57,71,168,137,14,1020,138,122,224,148,49,62,161,139,17,1060,120,128,124,98,63,51,155,110,17,873,38,34,25,14,13,22,46,22,3,230,6,9,3,0,4,0,3,6,0,29,3,0,0,0,0,0,0,0,0,3,603,504,1152,578,238,418,717,758,99,5073,4,7,11,77,28,163,3,31,0,328,25,45,27,127,56,86,6,36,8,404,84,212,67,232,197,115,9,63,9,994,84,203,46,183,193,106,13,70,15,912,106,199,40,203,264,89,24,126,16,1065,62,225,17,147,150,62,19,80,16,774,12,29,8,20,40,11,3,12,3,143,0,4,0,4,0,0,0,3,5,15,0,3,0,0,0,0,0,0,0,3,369,923,214,1000,935,633,83,415,70,4640
1014,0,5,27,9,7,43,3,78,0,178,17,18,101,28,18,36,28,65,7,310,40,70,187,70,38,38,82,110,9,644,71,100,151,81,39,40,97,89,14,686,94,84,131,84,52,28,102,87,12,684,82,76,97,64,39,42,89,88,8,591,23,27,27,8,15,7,34,24,5,165,17,3,4,0,0,0,3,0,3,36,4,0,0,0,0,0,0,0,0,4,356,381,733,341,205,248,433,540,69,3302,3,3,6,44,16,114,0,25,6,218,11,24,16,81,34,66,4,12,0,253,41,135,31,107,106,72,5,30,4,526,59,151,34,135,168,91,3,49,5,690,59,138,37,172,189,79,4,64,11,753,46,155,22,120,143,72,4,65,3,625,11,13,8,18,31,7,3,11,6,111,3,0,0,0,3,0,0,0,0,15,3,0,0,0,0,0,0,0,0,3,232,625,150,675,680,503,26,266,37,3195
1015,8,3,77,16,3,79,13,84,3,293,38,20,131,17,8,28,29,164,6,440,139,129,260,53,35,56,102,285,23,1088,175,110,186,34,33,50,110,177,17,891,184,99,181,31,36,52,117,181,22,896,160,67,135,21,36,52,108,104,13,686,49,18,30,3,11,12,39,29,5,204,11,0,0,0,0,0,3,3,0,26,3,0,3,0,0,0,0,0,0,5,768,447,1007,175,155,330,530,1027,101,4537,3,4,14,50,17,147,3,29,3,272,26,43,29,65,58,74,0,64,3,363,58,228,55,156,162,92,3,183,9,946,67,190,33,108,173,86,7,104,9,782,86,159,25,138,211,100,8,115,12,856,38,104,24,90,167,60,6,92,10,582,22,18,3,15,42,11,3,18,4,145,5,0,0,0,3,0,0,3,3,15,0,0,0,0,0,0,0,0,0,0,309,756,181,631,826,568,29,610,49,3961
1016,3,0,26,5,0,40,6,65,3,153,13,6,61,16,3,22,19,60,3,195,25,34,127,39,14,29,57,99,8,422,61,40,79,40,15,35,62,78,5,436,65,35,110,56,24,25,93,86,6,497,36,45,71,44,31,25,71,62,16,403,24,18,25,11,11,12,23,12,6,139,8,0,0,0,0,3,0,0,0,15,0,0,0,0,0,0,0,0,0,3,232,185,494,215,91,196,330,463,52,2264,0,4,3,34,7,90,0,26,7,167,8,14,16,53,31,43,5,13,4,180,14,96,14,84,69,49,5,34,11,374,29,88,19,106,89,40,9,27,10,418,43,107,25,106,123,56,11,59,4,526,33,88,20,128,79,46,8,45,3,444,3,21,4,19,23,12,3,4,3,83,0,0,0,0,0,0,0,0,0,5,3,0,0,0,0,0,0,0,0,5,143,408,90,523,423,326,39,210,34,2199
1017,13,5,62,17,4,92,16,98,11,313,21,21,167,49,21,83,42,137,17,561,100,158,314,103,49,110,102,186,20,1136,147,218,279,80,69,75,116,157,13,1152,164,182,235,101,87,82,146,186,23,1211,120,196,191,87,65,74,113,156,10,1012,30,48,40,18,19,20,41,27,3,249,14,4,3,0,4,0,3,0,3,40,0,0,0,0,0,0,0,0,0,4,616,841,1295,458,315,527,580,952,92,5680,4,3,15,58,25,214,6,75,5,394,32,60,32,164,86,128,7,53,3,562,77,297,56,225,196,136,9,86,15,1096,73,358,49,223,234,117,8,75,12,1149,97,320,73,248,344,130,9,137,17,1371,74,271,45,166,251,78,18,123,4,1030,27,48,3,36,50,18,3,23,8,211,3,3,0,0,4,3,0,3,0,16,0,0,0,0,0,0,0,0,3,3,375,1351,269,1117,1191,821,58,575,65,5824
1018,0,0,47,8,3,23,8,59,0,156,6,7,91,13,7,20,23,50,3,227,36,47,163,39,14,32,103,53,7,502,41,31,128,33,27,13,114,46,6,428,66,39,138,33,25,12,130,41,15,495,48,50,93,29,22,13,109,53,8,434,15,7,19,4,3,3,20,13,5,91,3,0,0,0,0,0,0,0,0,15,0,0,0,0,0,0,0,0,0,0,219,189,680,151,103,116,507,320,51,2346,0,0,4,38,7,51,0,30,0,138,7,29,17,51,37,21,4,17,0,181,23,73,40,62,105,63,9,28,8,412,31,75,26,88,105,57,4,42,3,430,35,98,16,96,137,63,3,63,12,515,40,84,22,71,94,39,13,53,5,419,3,16,0,20,21,11,0,8,0,82,0,0,0,0,0,0,0,0,3,7,0,0,0,0,0,0,0,0,0,0,133,382,117,422,512,300,35,246,33,2177
1019,4,5,85,24,7,44,8,74,3,256,11,16,174,27,12,35,39,112,9,440,67,117,305,57,31,50,131,147,18,926,127,133,282,59,40,28,135,111,19,939,153,152,281,53,58,68,169,134,29,1095,143,150,202,31,43,40,142,95,19,858,44,55,35,7,15,23,28,26,9,238,6,8,3,0,0,0,5,0,3,25,0,0,0,0,0,0,0,0,0,7,551,638,1359,257,203,299,652,713,102,4784,0,4,15,71,12,123,12,41,7,287,14,54,28,133,64,77,3,54,3,432,65,230,50,134,160,69,12,59,3,775,75,244,53,142,202,94,16,63,14,900,97,252,65,149,312,98,15,84,11,1085,56,216,35,120,208,78,13,64,12,800,16,54,3,12,56,11,0,21,3,177,0,3,0,0,5,0,0,0,0,16,0,0,0,0,0,0,0,0,0,3,323,1051,248,763,1023,538,78,384,59,4468
1020,3,3,43,3,0,36,3,54,0,145,9,12,116,13,3,24,27,37,0,239,50,78,230,18,12,32,164,71,8,672,69,79,154,20,27,16,143,45,8,571,82,40,141,22,12,33,156,63,5,560,75,37,64,19,26,24,82,48,3,378,24,19,11,0,3,7,20,15,4,102,17,3,0,0,0,0,3,0,0,22,0,0,0,0,0,0,0,0,0,0,336,268,758,102,86,175,590,343,38,2699,3,0,12,40,6,74,0,18,3,153,6,18,22,45,27,49,3,20,0,198,43,147,25,102,89,66,14,22,5,508,55,133,26,94,91,53,9,38,6,493,57,102,26,86,126,58,14,72,0,543,37,76,20,50,83,38,3,45,3,353,12,13,6,8,10,14,3,12,3,74,7,0,0,0,0,3,0,0,0,11,0,0,0,0,0,0,0,0,0,0,219,488,133,426,435,360,45,217,24,2349
1021,0,0,52,8,0,37,8,41,4,150,7,12,114,12,4,10,26,53,4,235,38,54,252,23,9,29,179,87,9,685,48,50,168,25,11,13,192,61,13,571,41,41,187,16,16,18,213,66,9,606,41,39,97,12,14,10,130,41,3,387,16,11,15,4,3,0,17,9,3,71,0,0,0,0,0,0,3,0,0,6,3,0,0,0,0,0,0,0,0,4,202,201,879,97,51,117,758,356,45,2716,0,3,9,26,7,70,3,21,0,135,17,26,20,47,30,38,12,23,0,214,39,104,33,82,95,71,42,40,7,509,31,83,21,82,104,46,29,56,6,458,47,90,24,80,105,50,26,58,8,490,11,55,19,55,68,29,14,42,0,288,9,3,0,9,12,3,0,9,0,41,0,0,0,0,0,0,0,0,0,7,0,0,0,0,0,0,0,0,0,0,144,364,132,369,430,307,126,247,24,2151
1022,4,3,74,29,0,85,14,106,7,328,13,24,153,40,14,34,21,82,5,391,81,83,312,55,32,37,62,102,14,772,172,152,347,77,36,46,89,109,23,1048,251,183,326,75,68,63,143,133,26,1268,158,199,209,59,40,62,121,116,18,982,58,68,44,13,13,28,33,38,14,307,12,10,0,0,6,3,0,5,5,47,3,0,0,0,0,0,0,0,0,3,755,716,1466,353,207,360,489,700,109,5158,0,0,10,113,24,194,3,41,7,394,25,36,26,138,44,96,4,19,5,391,60,172,42,163,127,90,3,48,4,715,121,242,65,185,220,123,10,62,9,1041,145,263,53,224,285,160,5,109,9,1241,108,212,35,176,228,124,8,69,16,967,20,43,11,23,79,26,3,21,3,231,3,3,0,0,6,0,0,0,3,12,0,0,0,0,0,0,0,0,3,3,475,959,247,1018,1011,814,41,362,54,4987
1023,73,107,1326,525,88,1333,261,1907,86,5701,401,897,3460,1218,429,1336,782,1940,162,10623,2071,4600,7334,1689,1096,1340,2711,2732,375,23951,3407,4575,5588,1347,1201,1033,3050,2188,389,22777,3473,3811,5068,1237,1388,1000,3573,2262,403,22220,2285,3133,3206,835,1064,776,2738,1792,266,16081,510,800,460,165,221,259,489,354,83,3331,82,110,48,11,34,24,31,41,36,423,14,7,3,0,4,0,6,4,9,50,12315,18050,26492,7027,5518,7093,13643,13215,1813,105171,90,192,244,1571,418,3052,44,810,68,6486,477,1472,645,3086,1645,2361,118,609,121,10515,1671,7240,1202,3600,4469,2179,257,996,232,21845,1956,6684,1078,3053,4992,1850,255,1271,266,21418,1954,5300,934,3496,5785,2094,307,1874,225,21977,1167,3918,512,2135,3858,1373,195,1394,138,14683,213,518,73,290,705,237,34,215,66,2361,20,46,9,12,51,21,8,17,28,211,3,5,0,0,3,0,0,3,11,31,7554,25379,4692,17249,21929,13170,1218,7186,1156,99532
1024,13,8,99,34,5,98,23,156,10,443,41,39,289,75,18,78,48,149,6,737,148,167,604,162,47,93,120,216,20,1571,203,211,379,124,43,69,152,177,23,1378,210,196,346,118,63,76,208,190,32,1436,174,191,228,84,58,67,176,142,27,1157,48,57,47,16,18,23,46,18,6,286,9,5,3,0,0,3,4,6,3,41,0,3,0,0,0,0,0,0,0,3,839,876,2005,613,263,505,766,1059,132,7059,13,12,14,98,28,278,3,47,3,500,36,72,56,193,106,154,5,47,11,666,110,346,97,290,223,167,11,72,17,1335,128,325,50,275,270,129,9,86,16,1294,134,305,60,319,317,143,16,118,14,1429,100,235,34,210,277,110,16,113,8,1105,14,38,11,21,58,30,5,15,3,202,3,0,0,3,6,0,0,0,0,14,0,0,0,0,0,0,0,0,0,3,543,1332,327,1415,1286,1008,57,506,76,6545
1025,15,9,140,41,7,106,18,151,10,497,30,52,306,63,24,87,37,140,6,747,208,363,601,128,91,145,220,217,29,1994,298,350,438,109,102,106,269,202,35,1901,272,259,340,98,110,97,245,239,34,1693,212,234,228,70,80,67,213,166,18,1294,68,84,52,12,21,27,62,48,5,381,11,7,0,4,3,5,3,8,0,47,0,0,3,0,0,0,0,0,0,5,1114,1364,2107,529,438,645,1067,1169,136,8571,3,12,18,118,35,260,8,68,12,522,30,131,45,237,105,144,16,40,11,762,146,669,102,331,324,183,20,93,18,1889,165,579,85,304,404,130,14,109,15,1810,190,441,78,258,476,168,14,154,36,1803,107,335,48,183,345,106,13,142,8,1278,39,46,9,36,87,24,8,21,3,269,4,3,3,6,4,0,0,0,4,32,0,0,0,0,0,0,0,0,0,6,677,2216,382,1468,1778,1013,96,639,106,8376
1026,6,3,42,14,0,41,7,33,0,143,13,16,91,11,9,25,25,34,4,222,56,54,146,24,18,37,104,47,9,496,77,54,111,19,13,26,86,38,10,437,78,54,105,29,32,21,109,53,12,492,67,39,86,12,24,19,99,57,13,411,32,10,15,7,7,5,11,6,0,96,11,0,0,0,0,0,0,0,3,19,0,0,0,0,0,0,0,0,0,0,332,237,591,113,104,167,452,277,51,2314,3,4,4,37,20,70,0,18,3,168,7,25,17,40,38,49,3,7,3,195,39,110,25,78,63,41,5,20,10,396,44,110,24,67,93,46,6,20,10,429,38,91,29,91,133,52,3,44,4,473,31,74,6,58,67,32,5,38,3,325,16,12,0,8,13,4,0,6,4,68,6,0,0,0,0,0,0,0,0,9,0,0,0,0,0,0,0,0,0,0,178,436,118,382,428,295,33,164,34,2065
1027,6,4,107,63,11,132,25,155,7,514,35,50,226,68,21,82,45,103,11,641,166,316,456,142,69,137,123,209,29,1637,298,426,443,145,111,126,132,164,33,1881,319,424,413,157,131,132,173,202,37,1984,244,315,328,118,95,119,147,176,20,1555,95,91,53,25,35,40,46,39,11,440,12,12,0,4,6,4,10,4,5,61,4,4,0,0,0,0,0,0,0,8,1173,1645,2037,716,475,769,695,1055,156,8727,10,8,17,166,30,325,7,70,3,643,33,88,32,170,109,131,4,47,4,619,102,495,100,297,263,158,0,85,9,1514,180,573,94,286,445,163,12,102,25,1869,212,575,95,369,608,234,10,161,17,2282,157,412,55,272,403,201,9,125,11,1645,22,69,11,42,95,29,0,29,9,304,0,3,0,3,6,0,0,0,5,24,0,0,0,0,0,0,0,0,0,0,730,2221,405,1608,1954,1235,52,620,84,8905
1028,8,3,55,122,5,51,18,83,3,356,21,30,158,119,13,41,48,59,4,499,76,136,318,82,19,28,222,83,16,979,105,73,283,26,26,19,284,61,21,888,114,71,225,36,33,25,348,65,20,935,84,51,127,20,25,15,213,44,7,586,26,16,18,7,7,6,25,10,0,112,6,0,0,0,0,0,5,0,0,14,0,0,0,0,0,0,0,0,0,0,441,383,1176,409,130,180,1169,415,78,4375,3,3,8,67,27,91,6,38,3,252,7,40,25,115,59,56,8,18,8,335,49,164,39,107,121,90,47,44,5,669,55,143,30,114,173,88,47,64,14,738,66,109,34,126,206,73,49,74,12,749,27,83,7,61,93,40,20,42,9,384,8,9,0,5,20,8,0,12,0,59,4,0,0,0,0,0,0,0,0,7,0,0,0,0,0,0,0,0,0,0,228,562,138,591,701,455,181,296,41,3191
1029,3,0,56,24,3,39,9,51,0,179,12,4,123,14,3,25,27,57,3,263,57,55,211,44,21,27,53,81,5,555,91,87,185,64,22,32,68,93,8,649,112,75,198,70,44,29,73,81,23,711,86,119,129,52,32,57,73,76,9,635,11,31,29,7,13,11,22,18,4,140,0,3,0,0,0,0,0,3,4,19,0,0,0,0,0,0,0,0,3,3,374,374,933,277,136,225,310,458,67,3152,3,0,11,57,9,94,0,19,3,197,9,15,19,88,29,42,0,22,3,230,47,104,38,91,87,72,0,30,4,472,71,166,38,145,105,69,7,50,13,659,85,163,33,146,162,95,9,67,15,762,40,150,14,111,143,60,5,43,10,584,15,25,5,18,20,14,0,5,3,104,0,0,0,0,0,0,0,0,7,11,0,0,0,0,0,0,0,0,4,3,267,624,153,661,566,442,19,232,57,3019
1030,737,1735,9119,5203,1642,9271,1963,10639,893,41192,5132,14846,23110,12032,8405,13463,7477,14424,2561,101453,36151,81393,54532,18311,22704,20094,21542,23901,6670,285291,54576,74517,44762,12363,20153,14308,22890,17669,5397,266637,49071,51491,38900,9873,16349,11570,25478,17987,4576,225284,28307,34783,25325,6278,12042,8072,19740,14476,2916,151934,7491,11943,5693,1772,3378,2786,4623,3873,938,42496,1005,1800,513,178,412,417,311,433,271,5340,156,229,53,11,52,46,22,38,85,691,182624,272729,202010,66013,85138,80026,104052,103421,24310,1120325,618,2189,1476,11437,4316,19995,349,3503,747,44624,5023,20163,4255,22607,18706,20351,1073,4530,1790,98498,28479,96161,10264,32491,49151,22324,2464,9303,4718,255352,33738,76883,8132,24340,51461,16196,2729,8784,3817,226082,26574,56201,7631,23962,52986,16262,3801,12880,3267,203570,13151,34993,4381,14609,36663,10353,2700,10264,1815,128929,2600,7965,872,2789,9487,2480,359,1854,656,29063,257,689,73,179,794,207,23,162,229,2621,44,65,13,25,80,33,4,15,85,364,110487,295309,37103,132436,223639,108212,13508,51296,17124,989108
1031,7,8,119,22,5,149,32,205,17,565,55,66,309,48,26,76,62,261,4,905,234,299,596,109,86,131,203,456,46,2163,243,270,410,100,69,108,217,281,34,1735,308,296,342,112,111,93,267,249,25,1801,218,247,301,73,115,94,225,193,29,1482,73,71,67,13,18,37,61,46,5,396,19,7,9,3,0,5,9,14,3,71,3,0,0,0,0,0,0,0,4,8,1157,1269,2154,494,432,680,1073,1703,168,9116,9,11,14,126,35,289,10,69,13,578,44,128,48,183,99,176,9,85,6,775,122,578,99,349,296,237,11,170,21,1884,157,496,68,259,368,175,16,180,21,1726,169,422,85,312,469,188,18,217,16,1888,118,354,56,209,364,133,12,155,16,1406,37,60,11,35,74,29,7,32,3,292,3,5,0,3,0,3,0,4,6,29,0,0,0,0,3,0,0,0,0,3,653,2041,379,1478,1709,1222,81,918,106,8586
1032,4,0,53,16,6,90,10,105,3,288,14,18,115,24,3,54,37,122,8,386,67,87,211,45,29,71,85,161,13,768,97,85,195,45,33,63,102,136,12,767,124,113,183,67,63,63,165,165,22,961,101,126,189,70,45,64,135,132,17,877,32,30,28,9,14,13,41,44,5,211,9,4,4,0,0,0,4,4,3,27,0,0,0,0,0,0,0,0,3,8,459,463,980,272,189,423,577,863,80,4298,7,4,6,55,14,149,3,25,8,275,15,53,21,99,50,92,3,34,9,375,64,154,42,145,126,121,6,44,6,715,54,151,40,168,162,121,8,81,8,787,115,205,51,228,173,137,9,123,14,1042,62,221,26,158,158,81,13,108,6,831,8,29,5,22,41,21,0,24,8,153,3,3,3,0,5,0,0,0,4,17,0,0,0,0,0,0,0,0,0,4,323,812,191,874,739,726,41,437,60,4196
1033,5,0,27,8,0,46,7,48,0,157,10,5,75,15,4,24,10,51,6,196,46,54,175,20,19,36,26,57,4,435,82,95,163,47,9,37,45,81,7,561,100,83,156,40,23,41,66,92,9,606,92,85,137,42,13,51,57,77,6,570,27,32,20,10,8,20,22,17,5,156,11,5,3,0,0,0,0,0,0,22,0,0,0,0,0,0,0,0,0,4,377,359,758,190,79,261,237,424,37,2714,0,0,7,50,3,111,0,16,3,195,10,15,8,35,19,29,0,14,3,135,32,103,21,89,72,38,3,33,3,396,62,107,26,95,118,65,0,40,4,519,55,137,35,139,140,93,3,56,3,668,56,133,14,101,139,81,5,52,3,590,8,19,7,20,26,10,0,10,7,102,0,0,0,0,5,0,0,0,4,13,0,0,0,0,0,0,0,0,3,4,238,514,121,533,509,435,19,227,37,2625
1034,13,14,248,129,12,220,26,220,9,891,60,120,578,158,34,164,98,224,31,1468,334,543,900,282,116,208,202,391,46,3012,375,497,641,227,115,163,238,329,33,2621,446,454,495,167,156,171,295,265,41,2493,356,339,410,95,151,124,305,202,31,2021,83,110,83,21,29,41,73,46,14,503,25,15,3,0,3,3,7,6,0,68,3,0,0,0,0,0,0,0,0,6,1694,2094,3359,1075,620,1096,1247,1692,202,13090,11,23,19,236,33,494,10,92,12,923,54,236,103,484,216,307,12,129,9,1548,198,932,148,525,497,247,23,157,27,2752,262,822,122,352,535,193,28,177,22,2505,262,630,101,395,695,212,29,210,25,2554,175,440,82,303,513,178,16,175,16,1903,46,87,20,39,99,31,3,43,9,383,4,5,5,0,12,9,0,3,0,40,0,0,0,0,0,0,0,0,0,3,1010,3176,600,2340,2593,1670,118,986,115,12599
1035,51,72,1057,366,72,691,189,1005,49,3537,235,639,2326,825,331,751,433,1118,97,6746,1300,2707,3998,1077,732,768,1348,1455,254,13643,2136,2803,3484,995,746,648,1893,1399,265,14373,2380,2436,3226,869,826,612,2181,1472,269,14270,1481,1852,2067,513,600,429,1670,1026,131,9770,293,433,300,105,146,108,268,189,53,1904,38,64,22,8,21,10,22,23,23,231,3,6,0,0,0,3,3,0,8,26,7920,11008,16483,4759,3473,4021,8001,7693,1148,64507,54,125,143,938,281,1787,20,401,51,3793,306,1061,383,1921,1108,1311,40,306,83,6522,982,3951,651,2198,2525,1180,71,415,179,12146,1306,3987,607,1944,3241,1169,99,618,171,13140,1284,3315,546,2225,3571,1336,133,972,161,13532,735,2357,318,1373,2196,800,97,795,86,8756,115,352,45,161,344,133,10,121,26,1307,7,24,4,15,20,12,0,12,23,111,0,3,0,3,3,0,0,0,13,22,4791,15173,2693,10774,13283,7718,474,3640,786,59339
2000,335,70,2187,616,125,1575,252,2782,175,8117,986,462,4334,776,229,861,940,2594,225,11404,3847,2252,7538,1137,575,1010,2540,3960,383,23238,6730,3282,7145,1397,959,1204,3531,3874,542,28666,8916,3726,7979,2050,1373,1466,5412,4827,706,36457,9133,3965,6228,1642,1472,1451,4983,4622,679,34173,4909,1355,1308,380,464,584,1170,1228,283,11677,1527,176,118,38,64,63,93,194,145,2410,271,23,34,7,3,18,26,41,48,462,36655,15311,36877,8035,5264,8236,18948,24116,3171,156613,127,117,351,1774,366,3736,47,1303,147,7972,409,1086,819,2602,1169,1781,97,1200,132,9302,1893,5375,1499,3713,3482,1932,192,1936,251,20275,3636,6693,1635,4170,5449,2335,279,2256,342,26794,5041,7402,1825,5950,7540,3320,467,3812,448,35798,4765,6430,1270,4669,5677,2411,390,3301,386,29290,2396,1186,242,797,1403,468,77,691,193,7457,563,79,24,58,116,26,3,96,103,1067,60,27,14,19,41,13,4,16,29,216,18884,28392,7680,23757,25236,16031,1564,14609,2031,138178
2001,5,3,87,18,3,51,16,71,0,257,22,21,203,29,17,34,38,84,13,452,105,110,342,58,56,48,166,116,17,1021,176,134,267,61,75,47,202,115,33,1103,191,117,274,71,76,54,216,94,23,1114,131,108,146,41,50,29,171,74,15,760,32,24,17,13,7,16,39,24,11,178,6,3,0,0,0,0,0,4,0,17,0,0,0,0,0,0,0,0,0,3,673,520,1335,279,289,271,848,584,105,4917,3,8,13,55,23,165,3,43,10,315,30,39,31,101,85,82,5,24,5,402,63,251,52,168,196,91,14,33,14,880,110,270,46,146,253,109,22,38,15,1004,89,213,38,188,280,99,29,73,11,1026,50,139,21,119,196,53,20,45,6,651,15,24,0,14,37,4,0,15,0,111,0,3,0,0,3,0,0,0,0,6,0,0,0,0,0,0,0,0,0,0,363,946,206,795,1074,603,87,265,58,4393
2002,5,0,27,3,3,61,3,47,6,161,13,17,108,8,8,22,26,60,0,261,78,63,209,34,26,45,57,107,11,617,77,65,135,39,22,44,72,69,7,539,96,71,117,33,19,45,80,89,9,559,101,69,98,33,44,47,78,65,13,547,37,25,16,10,8,21,20,23,4,166,15,0,0,0,4,6,0,6,0,27,0,0,0,0,0,0,0,0,0,4,422,312,718,165,128,289,341,466,52,2888,3,3,3,41,9,102,0,18,7,181,9,32,22,69,31,54,0,37,0,264,34,142,30,105,84,55,3,57,4,513,34,125,31,107,92,61,0,58,6,517,61,136,27,138,178,61,6,75,3,692,44,117,25,104,108,46,7,76,10,545,19,27,0,18,17,4,0,16,7,101,6,0,0,3,0,3,0,0,5,21,0,0,0,0,0,0,0,0,0,4,208,579,149,588,521,398,21,340,41,2843
2003,19,20,272,135,21,322,23,383,27,1219,127,190,769,290,84,294,128,431,52,2353,523,970,1470,346,270,338,396,569,74,4959,791,1021,1043,290,244,270,438,432,82,4606,876,816,943,296,257,250,528,531,92,4593,584,703,654,183,230,229,448,403,49,3481,133,187,138,47,51,71,132,105,27,885,30,23,8,3,13,8,14,15,8,118,0,0,0,0,0,0,0,3,3,14,3091,3934,5297,1591,1173,1780,2104,2864,409,22234,10,23,42,319,62,777,6,166,24,1426,93,353,148,712,354,579,14,165,29,2438,285,1526,273,784,821,495,14,232,49,4477,392,1475,219,710,977,340,31,300,57,4505,436,1233,205,768,1148,425,63,405,61,4747,272,891,114,561,838,280,51,320,34,3361,62,140,22,82,136,48,8,73,9,586,4,8,0,8,9,0,0,4,6,45,0,0,0,3,0,0,0,0,0,15,1559,5659,1028,3943,4345,2941,188,1668,274,21605
2004,25,10,204,109,26,277,50,444,21,1170,118,175,728,244,80,279,149,510,48,2341,492,879,1468,280,244,271,391,709,57,4784,658,874,897,291,247,260,440,518,70,4260,710,706,895,304,271,252,519,489,60,4207,541,591,624,241,249,185,458,433,63,3394,147,159,109,60,59,59,122,82,22,819,27,24,13,3,4,7,9,19,7,108,0,3,4,4,0,0,0,0,0,14,2730,3429,4940,1532,1184,1597,2136,3191,346,21093,14,23,52,289,74,733,10,169,21,1397,96,332,155,661,280,565,24,238,24,2369,325,1485,259,739,753,408,39,279,45,4344,383,1286,206,606,873,360,30,280,53,4083,388,1079,170,730,1041,407,69,418,63,4353,266,812,103,582,796,324,60,351,43,3330,49,125,23,73,144,64,6,63,18,566,4,3,3,0,6,7,0,10,8,45,0,4,0,3,8,0,0,0,3,20,1516,5145,976,3685,3978,2867,243,1809,273,20500
2005,5,3,49,17,0,38,7,72,4,193,12,10,102,8,3,23,21,108,9,300,66,68,146,14,19,29,70,173,12,588,90,59,119,18,19,25,93,114,12,541,85,42,99,36,32,22,89,108,9,528,78,59,103,29,25,30,85,79,8,493,22,15,14,4,8,6,33,25,5,124,9,4,3,0,0,0,0,0,3,19,4,0,0,0,0,0,0,0,0,7,372,242,630,128,116,176,398,675,62,2797,3,0,9,28,9,89,0,42,0,191,11,28,15,52,28,40,0,64,5,240,33,92,33,100,77,56,0,64,15,463,33,87,26,99,78,55,4,68,6,462,44,81,17,167,108,67,3,85,4,579,41,70,22,96,91,60,0,73,10,471,8,11,6,23,19,14,0,8,0,88,6,0,0,3,0,0,0,0,0,11,0,0,0,0,0,0,0,3,0,6,175,377,125,563,412,378,15,410,46,2512
2006,10,5,81,28,5,100,5,84,5,321,23,21,145,25,9,23,18,70,9,348,109,119,257,43,18,65,72,129,15,823,184,100,231,43,31,53,91,122,7,855,224,104,190,62,39,65,146,147,11,985,163,93,175,42,30,61,131,147,9,854,48,27,22,18,12,25,47,35,6,239,17,6,5,0,4,4,0,3,3,38,0,0,0,0,0,0,0,0,0,4,772,472,1100,267,142,394,511,741,68,4468,0,6,0,101,14,158,0,27,8,319,13,39,31,109,31,72,0,20,7,326,83,262,60,159,115,92,3,49,10,831,93,257,48,152,169,102,7,66,4,892,123,198,56,175,260,124,12,115,8,1064,69,157,32,152,159,99,6,106,15,795,15,29,3,30,28,17,3,24,5,151,4,0,0,3,0,3,0,0,0,18,0,0,0,0,0,0,0,0,0,3,398,951,236,881,781,657,36,401,58,4397
2007,40,43,577,278,69,720,92,1013,48,2891,252,409,1727,633,225,756,372,1056,84,5508,1205,2308,3716,853,592,767,1035,1450,204,12132,2203,2646,2933,789,675,692,1144,1262,246,12582,2202,2188,2578,886,680,597,1468,1215,233,12037,1511,1759,1892,581,602,493,1224,983,159,9207,431,525,292,119,175,159,266,247,65,2275,64,74,31,3,12,16,19,48,26,297,7,6,7,0,0,0,0,0,6,36,7913,9961,13744,4148,3036,4201,5611,7278,1069,56970,30,39,108,833,159,1774,29,371,57,3404,228,698,346,1612,691,1337,79,358,69,5415,902,4005,715,1954,1889,1120,96,415,137,11228,1183,3732,607,1805,2439,1015,133,636,151,11707,1195,3023,590,2183,2844,1111,200,973,146,12256,710,2147,331,1423,2012,842,146,812,107,8535,153,326,56,254,414,135,16,189,38,1581,22,21,6,6,30,10,0,18,14,118,3,3,0,0,3,0,0,7,11,26,4426,13996,2765,10064,10472,7333,702,3770,735,54266
2008,3,0,64,34,9,50,11,92,0,271,16,17,167,41,15,37,27,47,6,369,76,126,279,42,39,25,53,60,9,716,255,274,294,62,77,45,91,68,17,1178,366,265,278,97,84,65,98,70,15,1336,218,216,195,52,65,51,78,55,14,940,66,85,43,13,17,15,28,24,4,294,12,3,7,0,0,5,0,6,0,25,0,0,0,0,0,0,0,0,0,0,1002,995,1330,341,304,298,394,425,63,5145,0,4,9,61,18,126,3,34,4,265,17,38,18,114,59,84,0,24,5,357,64,246,44,121,160,54,3,26,10,726,160,420,51,130,244,79,8,21,12,1128,140,373,51,207,369,93,10,46,16,1301,71,229,43,100,218,64,0,29,7,765,15,51,5,22,46,13,0,6,8,169,0,0,0,3,3,0,0,0,0,5,0,0,0,0,0,0,0,0,0,4,470,1361,223,762,1113,523,25,188,59,4721
2009,3,3,67,13,7,60,7,84,0,243,14,25,137,24,16,44,19,63,9,353,85,122,260,44,26,75,69,109,13,800,142,116,140,33,26,66,84,70,11,686,177,101,142,45,44,70,96,78,8,750,142,89,124,46,53,48,88,71,7,667,51,22,27,13,12,14,30,28,4,197,24,0,7,0,0,3,3,4,4,47,3,0,0,0,0,0,0,0,0,3,644,476,904,220,178,373,395,505,63,3756,0,3,9,55,12,120,0,40,3,240,7,80,29,78,54,67,0,31,6,356,37,259,44,128,127,72,7,35,4,716,62,185,30,123,151,87,9,40,5,682,84,173,36,141,182,92,7,59,9,789,73,152,14,111,153,77,7,73,7,672,22,21,8,19,33,5,0,11,0,129,3,0,0,0,0,3,0,0,5,15,0,0,0,0,0,0,0,0,0,9,288,874,166,658,721,531,33,299,37,3610
2010,632,1080,6902,5380,1269,10463,1431,11703,735,39592,4317,11585,24050,12071,7167,14929,7198,16057,2053,99425,32587,71745,61522,17583,21837,19247,21909,24814,5324,276567,49782,66368,46850,11387,18374,13606,21490,18724,4632,251215,47725,46379,41472,10041,15413,11681,24099,18596,4081,219490,27880,32028,26358,6393,10914,7856,18233,13990,2560,146215,7176,10831,5439,1565,3013,2748,3960,3999,911,39642,1007,1408,501,146,337,334,259,574,283,4849,157,168,83,16,49,44,32,68,111,736,171260,241597,213183,64576,78370,80906,98617,108524,20687,1077734,531,1244,1109,10200,2790,23735,243,3943,655,44453,4622,15803,4649,23240,16023,24606,1043,5165,1455,96608,24735,91201,12382,34783,46044,22662,2322,9836,3881,247852,29452,72917,9249,26888,45887,15950,2810,9454,3168,215774,24992,54042,8214,27877,51727,17300,4138,13342,2868,204493,12248,32906,4511,17119,33879,10766,2787,10571,1578,126359,2434,6665,851,3243,7674,2382,352,2183,592,26368,244,511,71,175,555,193,17,240,217,2227,48,90,17,29,64,24,4,22,103,410,99298,275374,41052,143564,204640,117614,13719,54751,14522,964541
2011,10,4,207,41,9,134,29,189,21,644,55,63,467,87,72,117,158,236,31,1286,304,315,1033,202,263,207,653,444,76,3500,394,360,764,204,263,161,735,381,74,3329,305,199,531,152,198,123,645,315,64,2530,229,158,383,121,162,84,456,224,33,1858,43,48,56,34,23,38,88,46,14,388,3,0,0,3,3,0,3,7,0,23,3,0,0,0,0,0,0,0,0,3,1342,1144,3448,841,995,869,2770,1834,317,13557,15,3,43,107,50,374,8,90,7,695,67,93,74,289,227,274,40,83,26,1176,263,615,156,578,715,332,79,139,49,2928,234,481,113,482,676,256,87,162,43,2528,156,274,85,459,604,275,98,237,20,2209,97,180,43,325,472,186,43,175,27,1546,15,23,5,41,72,20,4,23,5,210,0,0,0,3,3,0,0,0,3,10,0,0,0,0,0,0,0,0,0,4,850,1675,517,2281,2813,1722,362,908,183,11314
2012,15,11,155,28,9,178,14,187,14,624,61,51,297,68,23,121,74,221,14,925,243,276,647,146,86,152,231,347,37,2176,406,317,450,162,75,114,255,252,46,2069,537,303,442,115,103,119,334,274,36,2257,384,238,342,100,108,113,327,276,41,1928,162,66,60,21,28,36,72,66,18,528,35,7,5,3,3,4,3,8,12,85,9,0,0,0,0,0,0,0,3,16,1848,1268,2390,659,432,844,1309,1639,215,10609,13,7,24,117,39,395,0,74,11,680,35,141,61,254,132,209,3,85,10,936,123,551,105,349,348,210,13,172,34,1910,191,548,95,324,425,239,15,164,24,2024,238,512,84,410,538,267,26,240,26,2345,206,341,72,281,430,169,22,214,28,1768,61,57,16,50,87,38,3,47,14,367,13,0,0,3,3,0,0,4,9,29,0,0,0,0,4,3,0,0,0,7,888,2170,464,1786,2010,1522,86,1004,145,10074
2013,0,3,51,9,0,65,8,54,5,200,15,12,155,25,18,32,17,63,6,342,38,48,245,42,30,40,80,87,13,625,64,52,169,36,33,32,87,111,20,596,59,51,218,35,30,30,116,112,19,667,52,63,160,33,37,25,114,99,18,597,17,10,31,8,5,3,14,21,4,121,6,0,3,0,0,0,0,0,3,16,0,0,0,0,0,0,0,0,0,7,257,249,1030,181,159,226,434,547,87,3160,0,3,5,24,3,114,0,23,10,187,16,41,18,89,53,82,0,21,6,322,35,137,46,132,135,62,3,37,0,582,37,106,29,114,118,63,4,49,13,526,41,92,30,166,168,96,6,68,10,678,34,115,15,104,99,47,4,74,8,503,12,20,4,19,16,12,0,18,3,104,0,3,0,3,0,0,0,0,4,9,0,0,0,0,0,0,0,0,0,0,178,511,146,650,611,467,23,283,51,2920
2014,5,0,16,8,0,44,4,58,0,140,11,7,72,14,3,12,28,48,0,194,21,38,121,14,14,16,96,44,7,367,37,61,138,19,12,12,104,61,15,456,73,45,148,23,20,11,164,86,14,586,75,61,80,15,26,11,129,62,12,477,23,18,11,4,10,9,29,17,4,122,12,3,3,0,0,0,3,3,0,24,0,0,0,0,0,0,0,0,0,3,254,235,592,97,87,122,555,378,51,2372,3,0,8,44,10,65,3,15,0,153,7,15,13,46,17,31,3,16,3,148,24,86,20,65,45,35,4,30,0,307,40,105,22,82,90,48,10,53,4,444,45,110,22,90,104,36,17,76,3,510,41,97,16,77,79,43,11,54,8,415,10,16,3,20,18,5,0,13,0,85,0,0,0,0,5,3,0,3,0,12,0,0,0,0,0,0,0,0,0,4,164,426,114,433,362,260,38,251,27,2074
2015,3,0,37,13,3,59,6,71,0,198,17,24,116,26,9,30,14,44,8,290,81,143,204,62,22,30,50,106,15,705,121,133,180,43,25,37,49,56,11,644,125,96,141,52,36,22,78,89,11,653,75,78,122,34,37,26,61,74,7,525,25,19,21,8,4,4,12,20,0,125,0,8,5,0,0,0,0,3,0,18,0,0,0,0,0,0,0,0,0,6,455,497,838,237,142,204,270,464,65,3173,0,3,5,25,12,121,3,25,3,197,23,42,14,60,28,57,3,26,3,248,48,217,35,119,92,48,4,43,9,618,62,184,32,91,108,70,3,61,11,614,58,169,33,145,140,66,0,66,7,676,41,113,20,95,121,60,9,69,7,534,12,19,3,12,17,8,0,14,0,83,0,0,0,0,4,0,0,3,0,9,0,0,0,0,0,0,0,0,0,3,235,745,146,545,519,425,27,296,38,2981
2016,19,15,133,45,18,204,15,190,27,652,78,68,329,59,25,92,67,193,19,928,273,388,646,110,92,144,211,370,35,2271,419,307,471,116,90,126,247,324,50,2159,455,300,453,98,104,139,325,340,37,2250,331,266,295,74,126,103,296,248,26,1771,107,96,58,26,34,44,91,73,5,531,23,9,4,7,3,9,12,11,5,67,3,0,0,0,0,0,0,3,4,14,1704,1452,2396,526,495,849,1268,1752,210,10649,10,8,11,127,61,408,0,70,11,710,43,138,47,211,151,188,10,79,14,879,162,667,112,330,336,179,12,188,27,2009,177,540,91,345,417,198,21,175,26,2003,213,449,112,371,578,253,29,229,18,2252,144,366,46,302,375,152,32,216,22,1649,35,58,13,55,66,34,3,47,12,320,4,6,0,3,10,0,0,3,4,24,0,0,0,0,0,0,0,0,3,10,797,2232,437,1752,1979,1419,108,1013,130,9855
2017,3,3,45,13,0,25,4,55,0,158,20,21,100,15,8,24,15,44,6,254,104,72,156,23,17,49,40,85,8,560,88,66,93,27,19,28,49,67,10,452,104,61,92,27,26,37,62,80,8,491,100,57,57,17,39,33,51,47,7,407,29,11,8,3,3,0,14,22,10,103,5,0,3,0,0,0,0,3,3,18,0,0,0,0,0,0,0,0,0,4,451,297,552,124,120,202,241,405,51,2441,0,0,3,41,12,93,0,10,0,163,12,31,14,61,43,40,0,15,3,226,43,162,43,69,71,42,3,31,6,467,41,108,23,52,104,51,0,38,11,426,52,90,13,87,108,57,5,60,3,474,42,76,8,69,92,48,3,37,5,390,14,17,0,13,8,7,0,5,0,64,0,0,0,0,0,0,0,0,0,11,0,0,0,0,0,0,0,0,0,0,197,488,111,400,439,334,14,204,28,2218
2018,6,3,107,33,7,127,17,151,6,458,41,58,313,50,44,85,41,137,14,787,155,300,618,101,103,112,208,270,48,1918,251,236,431,87,113,72,224,239,25,1686,280,212,471,92,98,63,302,249,38,1808,200,166,353,90,70,48,285,181,30,1423,69,42,66,16,20,20,55,46,16,345,12,4,7,0,3,3,3,4,4,48,0,0,0,0,0,0,0,0,0,4,1020,1030,2370,468,458,535,1142,1266,189,8486,12,3,23,109,19,266,3,45,3,486,30,129,58,243,154,177,0,27,14,837,116,520,99,286,417,206,12,88,24,1755,139,370,81,257,421,201,13,114,19,1618,142,341,76,270,477,180,24,156,28,1692,93,253,32,230,320,127,16,163,19,1248,19,51,11,42,51,25,3,27,3,232,5,10,0,3,7,4,0,5,3,31,3,0,0,0,0,0,0,0,0,0,550,1672,379,1432,1865,1182,75,624,115,7893
2019,0,0,62,22,3,74,10,86,6,259,13,20,121,25,14,28,29,65,7,328,91,117,248,50,27,38,61,127,8,763,120,128,186,48,32,74,90,88,23,793,147,105,156,69,63,56,138,134,18,892,111,122,118,52,47,49,122,75,9,704,39,23,20,4,9,18,26,28,6,174,7,3,3,0,0,3,0,3,3,22,0,0,0,0,0,0,0,0,0,4,530,515,922,276,196,337,485,602,71,3936,3,8,9,64,14,160,0,43,4,301,15,58,18,74,40,70,4,31,8,329,45,245,37,131,107,95,5,27,5,708,65,218,38,158,161,83,11,56,4,798,75,224,24,174,214,86,17,94,9,904,48,163,17,136,179,77,20,90,9,746,15,20,3,26,34,13,4,11,3,125,7,3,0,0,5,0,0,3,0,16,0,0,0,0,0,0,0,0,0,0,279,936,155,753,756,582,64,358,36,3930
2020,22,9,141,31,8,60,17,188,8,479,48,37,277,29,15,57,52,158,11,696,189,196,559,87,60,88,144,273,36,1637,276,213,388,65,60,54,182,189,33,1461,375,205,397,83,78,91,267,222,25,1740,269,238,283,55,77,69,221,169,25,1417,125,80,67,9,28,29,62,50,8,457,39,8,5,3,0,3,3,12,3,84,6,0,3,0,0,0,0,4,0,15,1348,984,2116,363,339,460,949,1260,151,7973,14,3,19,110,40,191,0,71,3,455,30,79,59,166,99,127,8,66,3,625,117,397,88,229,263,166,15,115,19,1402,135,354,61,233,299,115,15,132,17,1366,183,403,85,327,368,155,17,191,21,1752,144,323,59,190,268,96,28,146,23,1277,63,46,3,34,58,13,0,22,8,248,26,0,0,3,7,0,0,3,3,43,0,0,0,0,0,0,0,0,0,3,702,1596,379,1293,1397,861,83,749,109,7162
2021,8,5,100,55,12,174,24,192,13,586,58,62,243,57,26,119,73,196,13,855,148,237,503,103,64,107,133,337,32,1653,256,286,377,96,59,83,155,213,13,1535,303,280,331,92,89,110,244,226,31,1697,218,239,227,81,89,76,187,199,22,1334,72,49,46,11,17,28,43,56,4,336,14,11,3,3,0,0,3,8,9,45,3,0,0,0,0,0,0,0,3,11,1087,1167,1836,495,350,695,856,1425,130,8046,7,14,14,108,36,352,4,83,10,614,27,107,58,191,84,196,3,97,7,760,95,469,106,247,223,168,8,145,5,1465,135,462,82,251,310,143,6,106,21,1515,155,451,80,277,458,196,13,187,16,1828,109,272,50,230,299,154,13,161,9,1300,39,34,6,27,38,16,4,32,6,213,7,0,0,0,6,0,0,3,5,26,0,0,0,0,0,0,0,0,0,4,576,1802,387,1327,1446,1228,47,826,80,7730
3000,240,84,2618,488,147,1843,453,3030,188,9087,727,550,4436,731,259,788,1414,3634,223,12755,3518,2377,9340,1397,652,913,5000,5759,502,29458,5801,2982,8876,1522,945,1043,6576,4695,613,33057,7998,3326,8246,1734,1375,1232,8306,5403,729,38357,7563,2891,6255,1249,1185,1175,6741,4703,593,32358,3999,907,1185,258,362,497,1527,1191,307,10239,1375,131,111,38,58,60,119,154,128,2161,187,15,13,0,4,10,11,27,31,301,31410,13262,41083,7425,5001,7546,30153,28597,3320,167783,138,191,544,1995,718,3703,87,1449,160,8974,570,1439,899,2495,1753,1739,214,1771,111,10988,2453,5582,1603,4062,4969,2271,608,3113,264,24942,3641,5886,1665,5017,6693,2707,695,3181,397,29890,4894,6115,1665,5782,7822,3282,930,4487,425,35406,4091,4532,1066,4103,5388,2347,470,3804,330,26125,2011,883,204,633,1178,509,98,798,193,6502,495,65,23,36,121,49,10,102,105,1003,45,12,5,4,21,5,0,9,18,120,18338,24703,7668,24130,28660,16611,3113,18719,2011,143953
3001,417,743,4992,3115,1044,6532,1602,8031,481,26968,2413,6333,14045,6260,3693,6760,4992,9831,1036,55362,13541,28854,31589,8697,9191,8001,12701,14990,2541,130117,21467,30280,25206,6404,9057,6171,12423,10754,2319,124097,21895,23756,21507,5612,8460,5501,13266,9962,1996,111961,12857,14939,13703,3449,5821,4084,9989,7313,1111,73278,3093,4287,2493,745,1340,1401,2345,1812,393,17921,367,522,202,58,120,185,125,200,149,1928,44,48,20,12,14,19,10,16,41,227,76094,109763,113772,34363,38754,38658,57458,62916,10069,541859,484,863,1085,7775,2899,14221,301,3211,415,31254,2833,9086,2836,12846,10483,10949,668,3271,673,53647,11310,38971,5617,17159,25409,10174,1245,6135,1678,117694,13316,36473,4491,15083,26349,7776,1367,5949,1618,112419,12010,28543,3867,15025,28543,8544,1742,7785,1309,107362,5856,16189,2198,9366,18561,5705,1138,5824,765,65599,1081,2853,416,1485,3758,1305,189,1183,250,12523,102,177,32,62,239,91,7,96,108,914,7,27,3,6,19,6,0,5,50,127,47000,133179,20542,78806,116252,58776,6661,33456,6876,501544
3002,10,15,135,61,24,249,39,304,7,847,74,47,369,110,22,131,110,325,19,1214,265,332,725,143,82,177,322,529,47,2613,357,401,643,149,109,142,385,374,55,2628,419,427,589,190,145,144,475,398,43,2839,327,304,550,117,110,152,398,317,37,2311,106,71,86,29,40,35,82,59,12,519,25,7,3,0,6,7,5,6,15,70,7,0,0,0,0,3,0,0,0,10,1599,1602,3109,802,529,1035,1818,2310,235,13045,10,4,42,229,88,512,5,100,17,1001,75,137,66,259,182,220,4,145,12,1095,196,582,124,443,461,269,14,289,27,2409,251,694,111,473,507,296,16,219,24,2588,249,650,125,504,750,278,19,322,24,2935,155,481,73,418,502,214,29,301,22,2188,48,63,12,46,112,27,3,54,4,376,10,14,0,4,11,3,0,5,9,53,0,0,0,0,0,0,0,0,3,7,1009,2620,545,2372,2612,1818,95,1448,150,12658
3003,36,30,329,198,26,547,69,478,36,1746,101,227,893,355,91,306,180,494,62,2714,679,1152,2174,765,306,433,603,746,130,6999,1094,1366,1952,760,414,431,715,720,155,7606,1228,1334,1668,644,440,461,846,750,168,7535,932,946,1112,344,328,335,673,551,95,5320,214,288,221,68,105,122,215,172,29,1430,33,25,13,5,14,9,10,23,6,129,11,5,3,0,0,5,0,0,3,23,4334,5374,8362,3150,1724,2651,3310,3933,693,33517,28,46,74,494,163,1007,5,181,27,2027,138,442,192,707,474,557,29,152,29,2725,603,1964,388,1409,1325,711,52,377,91,6929,734,2117,354,1423,1790,766,72,548,97,7899,816,1874,282,1274,1825,853,92,629,102,7754,467,1131,140,758,1293,582,52,526,57,4999,85,183,35,129,273,159,16,113,28,1026,10,16,0,6,14,12,3,12,9,91,0,0,0,0,0,4,0,0,4,12,2884,7776,1468,6205,7165,4659,323,2534,449,33459
3004,3,0,52,11,6,57,11,65,3,205,11,13,148,14,5,37,52,73,6,356,70,111,328,34,19,29,240,95,10,934,118,77,268,17,22,23,250,33,16,828,109,81,179,18,31,31,225,54,11,731,64,50,109,9,20,17,144,28,11,447,23,7,27,0,3,4,28,12,6,106,7,0,0,0,3,0,0,0,0,16,0,0,0,0,0,0,0,0,0,4,399,342,1112,100,105,188,959,361,70,3626,4,4,17,48,24,102,3,18,0,232,12,56,17,56,59,70,10,28,0,307,53,187,42,99,186,95,19,55,3,735,51,154,28,90,173,97,24,72,10,687,78,104,25,71,169,91,26,65,6,636,33,51,14,36,105,43,12,50,0,343,8,3,0,0,13,8,0,14,0,45,0,0,0,0,4,0,0,0,0,8,0,0,0,0,0,0,0,0,0,0,245,558,146,409,727,502,91,300,25,2991
3005,7,3,164,34,7,184,27,193,10,636,26,78,443,52,23,76,133,188,9,1024,166,273,952,113,83,85,405,390,64,2516,281,328,926,81,105,52,480,251,54,2559,296,304,791,64,113,44,578,245,65,2494,197,172,413,31,71,33,437,168,29,1557,40,35,55,6,13,10,54,30,4,250,3,0,3,0,0,3,0,6,0,18,0,0,0,0,0,0,0,0,0,3,1020,1194,3746,379,408,484,2111,1476,246,11063,10,5,38,126,50,298,7,83,6,634,52,133,84,179,177,155,12,73,10,887,180,515,150,329,407,226,65,140,15,2024,172,468,122,336,424,198,60,192,20,1983,163,390,90,340,437,234,69,255,19,1997,76,163,29,163,241,111,30,155,8,977,21,28,7,10,47,21,3,25,3,164,0,0,0,0,3,0,0,0,0,12,0,0,0,0,0,0,0,0,0,0,682,1710,510,1480,1779,1256,243,921,89,8674
3006,122,144,1510,858,205,2010,365,2396,153,7760,657,1187,3795,1482,633,1907,908,2575,258,13412,3636,5046,9423,2412,1495,2347,2492,4072,562,31482,5733,5878,8658,2081,1659,2230,2737,3354,694,33033,5916,4983,7443,1985,1720,2191,3119,3212,628,31194,3984,3552,4712,1259,1324,1771,2524,2486,393,22010,1320,1264,1047,294,452,811,784,753,190,6915,184,159,75,29,61,105,62,103,61,828,26,12,6,0,3,10,3,7,14,82,21575,22230,36660,10409,7555,13384,12994,18960,2953,146711,129,195,266,2246,673,4460,88,876,140,9076,797,1925,713,3651,2275,3144,150,744,182,13577,3120,7838,1626,5348,5796,3364,268,1540,425,29327,3516,8189,1496,4911,7212,2965,287,1683,428,30683,3376,6573,1278,4994,8038,3698,420,2367,383,31126,1990,4312,739,3190,5641,2853,326,1908,280,21240,492,910,163,561,1364,790,80,426,108,4904,51,64,5,29,95,45,11,33,48,387,4,8,3,4,5,3,3,0,23,56,13479,30012,6286,24930,31101,21325,1634,9582,2016,140361
3007,0,0,46,16,6,53,14,101,6,245,14,15,127,16,7,42,46,102,7,365,60,66,248,48,18,63,120,167,20,800,81,92,204,46,32,46,110,135,15,762,100,87,172,60,36,59,159,124,19,822,88,82,154,28,34,32,109,93,9,638,26,18,27,8,4,3,34,13,5,147,9,5,0,0,0,0,3,0,3,23,0,0,3,0,0,0,0,0,0,4,382,359,976,219,150,299,595,746,79,3808,0,11,17,62,19,140,5,42,13,305,8,31,30,84,59,82,6,26,0,320,54,129,57,132,147,105,15,50,5,686,53,147,48,145,164,93,14,74,9,745,67,169,32,185,182,109,13,98,10,865,55,128,19,120,144,60,6,76,8,614,11,11,5,15,42,15,0,14,10,119,0,0,0,0,3,0,0,0,0,6,0,0,0,0,0,0,0,0,0,0,241,625,206,748,750,609,56,373,54,3662
3008,8,3,92,49,16,147,28,179,7,526,26,42,202,73,14,71,45,143,13,628,126,238,446,153,43,107,126,209,24,1487,238,284,443,175,69,112,160,199,29,1703,267,268,416,171,89,123,239,256,33,1862,233,248,336,124,58,108,213,198,20,1534,52,81,56,12,15,46,47,47,15,365,7,7,5,3,3,3,4,4,4,44,0,3,0,0,0,0,0,0,0,7,962,1172,1991,756,313,718,869,1234,145,8166,11,8,22,154,46,332,4,53,9,635,24,117,24,187,77,150,9,42,8,650,114,403,77,310,228,163,5,88,18,1409,149,509,94,381,337,204,24,148,23,1865,174,524,95,436,471,254,16,206,23,2199,122,306,60,326,332,166,3,158,21,1499,22,60,10,38,50,35,0,32,6,257,0,3,0,0,3,3,0,0,6,22,0,0,0,0,0,0,0,0,0,0,621,1938,383,1839,1546,1310,61,733,117,8532
3009,3,0,35,7,0,38,4,64,3,156,10,11,73,10,4,25,18,89,3,243,51,53,122,37,6,27,52,117,8,473,53,46,99,32,18,19,78,71,6,432,76,51,94,21,20,19,74,79,8,436,69,44,76,15,17,22,57,44,3,346,24,20,10,6,3,4,9,3,3,87,5,0,0,0,0,0,3,3,3,15,0,0,0,0,0,0,0,0,0,0,296,230,506,130,82,146,302,463,40,2191,0,3,10,30,12,85,0,26,0,165,9,46,12,38,32,49,3,32,0,219,37,131,24,63,80,36,3,35,3,408,37,99,21,98,86,31,0,50,6,431,58,83,19,93,81,39,3,48,3,420,25,83,16,67,84,30,3,28,0,340,8,11,4,3,9,6,3,11,3,55,0,0,0,0,0,0,0,0,0,7,0,0,0,0,0,0,0,0,0,0,176,451,103,388,381,277,14,236,20,2042
3010,8,17,273,76,13,295,60,338,15,1090,46,118,770,86,41,150,195,289,34,1737,325,558,1840,194,110,162,710,445,84,4440,517,495,1432,114,151,141,793,359,87,4088,624,530,1196,140,212,166,1001,412,84,4369,443,394,722,83,152,126,756,285,70,3017,107,74,106,19,36,35,119,80,22,589,19,3,4,0,3,12,7,8,3,58,0,0,0,0,0,0,0,0,3,10,2079,2200,6348,711,720,1089,3631,2217,400,19397,19,32,59,267,100,564,3,121,13,1186,67,295,129,343,290,334,36,109,19,1618,301,1097,242,567,793,409,114,223,41,3787,328,908,157,545,837,396,91,321,36,3630,345,791,174,584,1004,466,132,386,43,3931,211,477,67,376,612,313,48,306,22,2428,44,70,10,52,78,46,14,62,14,386,8,3,0,3,3,0,3,5,11,41,0,0,0,0,3,0,0,0,8,10,1325,3681,839,2727,3725,2531,432,1539,207,17014
3011,3,0,61,20,0,80,11,97,8,280,9,13,138,30,13,37,46,98,14,395,79,62,224,48,42,54,96,137,14,760,107,98,237,85,57,66,128,121,18,907,130,130,230,73,59,49,191,150,20,1029,102,100,169,77,53,37,173,119,11,839,40,20,29,11,9,12,26,12,5,173,6,9,3,0,3,0,3,0,0,27,3,0,0,0,0,0,0,0,0,4,483,432,1088,346,238,333,678,743,91,4426,3,6,16,68,31,164,0,33,8,322,19,36,30,73,58,79,3,23,3,320,36,144,37,148,170,83,7,38,3,669,64,191,54,193,232,83,11,71,10,905,78,210,42,249,264,102,11,102,5,1061,58,159,23,175,201,57,9,106,3,794,18,15,0,25,46,12,0,24,4,141,0,0,0,3,0,0,0,0,0,7,3,0,0,0,0,0,0,0,0,5,275,769,197,934,1002,572,42,395,38,4220
3012,0,0,64,11,9,65,19,79,3,252,7,33,216,31,3,30,90,70,8,488,84,179,545,55,25,32,337,84,31,1375,93,113,400,45,24,18,263,70,28,1048,97,85,329,39,28,13,300,52,24,970,56,59,187,17,18,14,177,55,14,605,20,20,25,11,5,10,39,16,0,149,0,0,0,0,3,0,3,5,0,14,0,0,0,0,0,0,0,0,0,0,367,493,1772,205,115,186,1227,429,111,4904,0,0,24,47,29,103,0,21,4,243,19,130,30,84,81,61,9,24,0,442,71,350,84,175,201,94,68,62,11,1121,76,192,45,139,200,72,48,70,8,859,85,181,30,146,191,70,31,92,20,848,45,70,17,55,105,49,21,68,10,431,5,9,3,13,26,5,4,14,4,91,0,0,0,0,0,0,0,0,0,10,0,0,0,0,0,0,0,0,0,0,309,939,228,667,836,457,191,349,56,4036
3013,5,20,242,107,26,324,52,335,8,1126,64,112,675,161,52,179,157,358,31,1795,306,503,1407,256,169,206,599,598,61,4106,365,523,991,226,147,133,563,503,46,3506,474,482,894,226,203,157,673,392,57,3560,350,373,627,141,168,120,516,286,35,2608,87,86,89,26,32,37,106,57,4,531,21,6,6,3,0,4,4,12,9,61,0,0,0,0,0,0,4,0,0,6,1675,2105,4930,1148,802,1157,2676,2538,257,17297,13,23,51,316,106,650,12,149,13,1323,74,292,109,419,333,360,25,113,18,1731,260,993,179,643,836,365,49,239,42,3602,282,825,141,534,822,277,45,338,29,3297,326,766,137,618,914,346,57,369,40,3570,209,487,61,420,620,199,31,264,10,2301,52,79,15,50,91,39,9,54,8,387,11,6,0,6,5,8,0,3,3,45,0,0,0,0,0,0,0,0,0,5,1218,3467,692,3009,3725,2242,210,1519,168,16254
3014,61,81,848,497,93,971,157,1327,68,4105,247,368,1875,537,202,668,342,1063,91,5387,1250,1813,4340,799,486,860,970,1537,181,12244,2525,2744,4255,899,638,950,1191,1536,303,15046,2849,2939,3895,1005,816,1089,1485,1604,249,15940,2066,2132,2524,624,648,929,1279,1361,188,11755,693,715,402,122,196,342,352,347,85,3246,80,85,28,11,15,29,28,39,26,338,11,4,7,0,0,0,0,4,14,35,9769,10877,18182,4493,3095,5846,5806,8822,1209,68108,60,88,205,1286,319,2160,29,531,57,4738,315,633,342,1543,871,1223,53,360,60,5395,1034,3101,736,2249,2155,1243,87,655,132,11383,1585,4193,783,2325,3211,1307,113,827,183,14518,1790,4208,796,2670,4122,1860,151,1259,185,17044,1084,2536,399,1796,2912,1353,94,1044,116,11335,259,470,70,263,581,333,16,206,45,2241,31,29,4,13,28,18,3,23,27,175,6,0,0,0,8,0,0,0,7,33,6160,15255,3337,12145,14207,9492,554,4898,809,66864
3015,34,27,488,206,55,421,57,615,26,1936,129,213,1082,269,152,321,222,617,36,3035,663,1062,2041,418,329,407,685,923,95,6617,888,1171,1507,374,348,342,682,660,79,6047,1043,1167,1288,358,394,316,803,653,92,6124,753,946,901,222,333,283,727,486,71,4729,242,284,198,61,53,101,186,139,30,1289,44,18,14,5,0,12,10,26,8,137,7,0,7,0,0,0,5,0,3,19,3802,4885,7522,1910,1671,2207,3373,4116,446,29928,22,40,115,549,209,916,11,219,7,2096,154,463,188,715,595,521,14,186,21,2850,446,1787,312,990,1325,510,47,286,32,5728,525,1716,253,864,1413,479,46,389,57,5741,593,1714,262,989,1596,504,66,576,57,6353,374,1177,150,689,1145,402,46,479,36,4499,112,185,37,118,215,91,11,111,19,902,15,10,3,7,9,3,0,8,25,87,5,0,0,0,3,0,0,0,3,10,2248,7098,1315,4915,6508,3427,242,2255,257,28265
3016,32,40,441,471,59,677,140,710,34,2609,200,323,1474,1340,209,484,451,695,101,5279,862,1499,3021,1367,420,474,1178,932,179,9938,1235,1408,2196,731,463,384,1173,816,172,8574,1344,1380,1829,630,547,378,1215,786,127,8235,807,892,1152,330,360,270,949,597,91,5442,174,213,203,63,94,73,204,139,19,1189,17,14,24,6,7,10,18,14,8,124,3,0,0,0,0,0,0,3,0,11,4687,5778,10334,4941,2160,2752,5318,4690,742,41399,31,51,111,693,228,1340,28,315,34,2824,209,759,267,1259,763,964,98,267,38,4623,665,2946,510,1565,1854,834,116,393,94,8978,810,2504,367,1304,2078,698,104,496,106,8459,785,1986,292,1412,2190,719,121,682,86,8279,433,1203,152,820,1413,476,84,594,51,5220,61,203,28,122,241,94,18,142,9,917,3,16,3,4,16,4,7,16,6,77,0,3,0,0,7,0,0,0,3,12,2994,9679,1729,7174,8773,5126,579,2904,424,39389
3017,4,0,44,6,4,53,13,105,5,240,28,15,104,15,10,46,30,111,9,360,61,47,146,33,16,34,97,134,10,574,75,56,128,21,32,28,89,120,11,562,99,72,125,38,35,34,142,110,14,669,74,70,97,35,23,31,98,103,13,541,29,21,21,10,9,13,32,26,3,158,3,0,4,0,0,3,0,0,0,18,0,0,0,0,0,0,0,0,3,6,382,276,665,156,144,240,487,720,62,3129,3,11,13,50,25,120,3,31,4,255,18,35,23,57,30,57,3,35,3,250,27,105,36,90,89,63,8,60,7,485,39,121,28,96,110,64,19,71,7,559,55,131,33,124,165,63,15,109,9,705,50,85,26,90,119,54,7,81,14,531,16,15,7,13,21,10,3,16,3,94,6,0,0,0,3,3,0,6,3,23,0,0,0,0,0,0,0,0,0,0,216,497,161,530,565,428,64,398,39,2896
3018,0,3,58,32,6,52,3,71,3,226,14,12,147,28,3,25,46,63,6,351,50,84,295,44,16,24,109,74,11,709,109,113,259,42,45,35,164,61,14,840,146,101,241,63,52,30,188,76,19,915,111,110,162,27,30,29,157,71,14,717,28,30,32,8,9,6,17,12,0,138,6,6,0,0,0,0,4,5,0,26,0,0,0,0,0,0,0,0,0,0,472,462,1197,249,162,212,686,432,69,3934,3,3,15,71,19,149,0,36,0,299,20,39,25,95,64,64,5,21,5,338,60,198,44,125,134,65,19,30,9,684,80,214,59,161,183,79,14,42,11,836,111,246,36,159,223,102,19,80,13,987,63,147,20,103,163,69,10,59,9,635,15,26,3,11,24,11,0,12,0,100,0,3,0,0,3,0,0,3,0,13,0,0,0,0,0,0,0,0,0,3,348,881,206,716,810,531,71,279,40,3892
4000,115,38,771,152,33,458,153,1203,54,2971,361,191,1535,198,76,311,437,1417,65,4585,1826,909,2818,377,220,444,1340,2067,143,10141,3031,1077,2453,423,318,412,1555,1964,160,11389,4119,1224,2787,544,504,577,2213,2275,247,14499,3904,1239,2333,509,543,569,2008,2030,234,13371,1979,412,438,106,160,182,481,556,113,4420,508,49,58,12,17,25,60,83,64,876,82,4,17,3,3,4,7,21,13,157,15921,5150,13209,2311,1878,2990,8251,11617,1099,62427,32,40,138,715,177,1109,18,572,50,2865,161,457,310,936,464,708,41,574,35,3684,790,1988,570,1436,1485,808,92,933,98,8196,1402,2154,606,1686,2237,971,136,1039,116,10341,1962,2259,738,2395,2830,1280,226,1706,147,13538,1883,2089,452,1799,2148,930,156,1412,134,11009,898,381,84,263,541,171,38,344,78,2793,210,29,11,15,58,18,3,42,36,413,21,5,3,5,13,0,0,5,20,79,7356,9399,2913,9245,9947,6005,712,6629,705,52915
4001,175,234,1899,1408,311,3172,568,4623,204,12590,1126,2583,7207,3515,1471,3834,1993,5489,451,27663,6775,13764,16781,5395,4406,4559,6185,8185,1128,67179,10563,14777,13316,4278,4610,3628,6303,6579,1169,65223,11993,12208,13248,3894,4763,3483,7417,6339,1143,64481,7994,9769,8903,2840,3954,2652,5567,4452,736,46877,2196,3192,1821,521,938,837,1142,1085,270,11998,320,381,178,35,89,131,67,109,93,1420,48,39,12,8,16,12,16,10,29,185,41195,56952,63356,21894,20554,22303,29254,36869,5232,297610,189,292,417,3599,847,7865,84,1903,156,15356,1261,3717,1510,7517,4093,6604,165,2042,290,27200,5156,19891,3343,10915,11779,5631,351,3234,820,61124,6337,18480,2701,9088,13181,4410,412,3408,776,58796,6686,15703,2657,9960,16404,5556,713,4818,748,63237,3952,11681,1648,6765,12185,3594,538,3717,469,44544,807,2165,323,1165,2536,755,92,801,176,8822,78,153,22,72,162,71,6,54,95,712,12,25,0,12,20,10,0,7,42,116,24477,72112,12620,49092,61209,34487,2367,19981,3575,279914
4002,3,8,93,28,12,101,14,147,4,403,18,30,212,33,14,72,79,130,4,589,102,135,429,71,42,78,214,209,10,1305,185,166,309,75,51,88,248,172,27,1326,238,166,281,95,81,98,328,206,32,1529,182,146,233,68,73,67,250,163,18,1205,52,42,35,16,10,23,53,40,4,283,14,3,7,3,0,0,6,7,4,49,4,0,0,0,0,0,0,0,3,12,807,699,1605,386,294,525,1201,1073,111,6701,3,6,17,109,35,257,3,71,5,498,34,80,29,126,67,127,3,67,4,539,73,328,69,238,222,172,8,73,12,1182,118,274,60,226,276,170,15,87,16,1234,137,290,49,285,343,187,9,171,13,1490,97,188,44,203,263,122,22,155,7,1095,24,34,3,28,43,23,3,32,5,192,6,0,0,0,4,0,0,3,3,22,0,0,0,0,0,0,0,0,0,3,498,1195,267,1213,1255,1049,67,653,57,6250
4003,0,3,43,3,6,36,9,104,5,212,14,13,115,21,9,38,33,151,13,402,55,47,189,39,22,44,86,348,18,851,70,36,136,44,23,37,99,204,23,664,108,46,156,51,20,40,135,178,18,757,99,52,117,44,35,41,76,99,10,579,23,15,14,9,6,3,34,23,3,126,5,0,0,0,3,0,7,6,0,27,0,0,0,0,0,0,0,0,3,3,375,203,776,220,129,239,480,1105,90,3616,3,0,3,32,4,124,0,44,3,219,16,23,18,90,48,101,4,79,6,386,49,93,34,112,110,102,8,163,11,675,44,93,26,109,100,67,11,135,5,574,70,94,29,162,169,85,14,143,5,773,42,76,11,109,97,49,9,101,7,505,11,21,3,26,13,4,0,27,3,103,0,0,0,3,0,4,0,3,0,11,0,0,0,0,0,0,0,0,0,0,236,393,127,636,553,528,51,684,37,3252
4004,0,0,21,4,7,54,0,61,0,152,8,11,90,28,9,22,25,58,5,255,31,56,160,77,24,38,76,66,13,554,47,49,94,75,26,14,107,50,7,471,76,46,124,76,34,24,119,60,14,572,62,33,93,52,32,15,118,62,15,480,13,17,14,11,3,4,25,10,3,104,6,0,4,0,0,0,0,0,0,7,0,0,0,0,0,0,0,0,0,0,247,225,602,318,133,183,463,371,53,2602,0,5,3,25,6,76,0,29,3,144,4,45,20,59,45,52,4,18,3,258,40,168,21,108,98,50,0,30,9,524,45,119,15,118,106,46,0,22,8,479,57,91,17,158,146,82,0,84,11,639,38,86,20,103,88,50,4,57,7,438,12,15,3,10,13,9,4,15,0,86,0,0,0,0,0,0,0,0,0,3,0,0,0,0,0,0,0,0,0,3,197,531,93,571,506,366,20,253,43,2579
4005,8,3,52,13,3,61,8,79,4,226,16,17,123,17,5,34,15,63,5,304,88,103,238,35,13,50,67,133,15,749,106,111,202,46,16,34,74,111,16,717,138,110,168,49,23,39,91,125,11,760,96,88,128,39,27,43,94,83,9,607,42,23,15,9,6,6,24,20,3,149,13,3,0,0,0,0,0,0,3,19,0,0,0,0,0,0,0,0,0,4,505,464,937,207,97,259,371,621,66,3537,3,3,13,36,20,135,3,30,4,243,12,41,14,65,42,56,3,33,3,269,47,170,39,108,140,79,4,54,15,660,59,139,40,126,185,79,9,48,7,701,70,133,33,148,195,107,3,91,8,781,55,111,21,115,125,64,9,82,7,573,12,8,0,14,24,12,0,13,3,93,3,0,0,0,7,0,0,0,0,15,0,0,0,0,0,0,0,0,0,0,259,605,157,624,729,538,28,349,45,3342
4006,3,0,31,4,9,40,5,53,0,156,5,20,111,12,3,20,40,41,3,263,27,64,143,27,17,26,117,72,9,502,57,55,122,38,19,29,119,62,14,508,78,51,147,48,24,31,181,91,18,671,63,57,74,25,23,21,104,47,15,441,15,11,22,10,4,7,12,9,0,91,0,0,0,0,0,0,0,0,0,5,0,0,0,0,0,0,0,0,0,0,247,267,663,155,100,181,578,374,61,2635,0,6,3,21,7,123,3,27,0,187,7,49,7,57,34,53,3,25,0,237,28,114,21,107,75,59,0,31,5,449,36,86,33,113,96,72,4,54,0,502,54,84,26,134,134,86,4,77,7,613,37,84,11,113,86,28,3,50,7,428,7,10,3,15,16,6,3,11,3,63,0,0,0,0,0,0,0,0,4,4,0,0,0,0,0,0,0,0,0,3,166,425,114,566,443,434,26,272,35,2485
4007,3,0,49,16,0,43,10,74,4,198,16,12,88,21,7,36,13,81,0,273,44,58,210,42,17,51,69,106,12,594,125,87,206,63,21,33,80,119,16,748,125,104,216,72,35,69,92,125,19,865,182,143,204,67,54,64,81,131,10,928,72,71,41,18,19,18,33,30,8,319,13,7,4,0,5,3,4,9,0,40,0,0,0,0,0,0,0,0,0,3,585,480,1014,298,147,326,386,657,70,3975,0,0,6,76,7,115,0,41,0,244,9,21,18,78,20,60,0,29,0,240,41,113,32,131,98,77,3,36,3,533,77,175,55,156,131,71,3,66,3,741,101,177,47,227,205,119,7,98,14,1002,85,231,38,198,226,100,5,89,3,976,35,54,10,31,57,24,0,18,3,230,10,3,0,0,3,0,0,3,3,25,0,0,0,0,0,0,0,0,3,3,355,768,199,897,752,564,23,385,39,3987
4008,0,0,30,8,4,51,16,66,4,180,5,23,139,24,5,40,64,94,10,404,39,101,283,49,22,40,278,96,26,942,76,108,299,37,32,24,261,78,30,948,131,100,327,55,42,25,307,114,34,1135,71,78,176,30,31,10,190,84,21,694,20,6,31,7,7,3,20,14,6,111,0,0,3,0,0,0,4,6,3,13,0,0,0,0,0,0,0,0,0,3,343,419,1294,213,144,192,1138,550,134,4421,3,3,4,30,11,131,0,36,3,225,12,66,28,81,39,73,14,31,3,355,57,269,37,142,130,113,25,44,10,834,60,185,45,160,157,95,27,59,12,794,100,158,48,203,199,112,23,111,10,962,43,103,23,133,120,61,13,91,7,593,9,16,3,21,14,4,7,18,4,89,0,0,0,0,0,3,0,0,0,8,0,0,0,0,0,0,0,0,0,0,288,795,194,768,671,591,106,398,54,3860
5000,93,43,845,153,38,472,141,891,54,2720,322,255,1785,236,87,242,580,1160,94,4757,1760,1409,4985,528,263,304,2434,2514,252,14459,2869,1442,4548,579,370,287,2980,1933,291,15299,3809,1443,4354,628,483,388,3741,2084,354,17281,3577,1171,2721,477,470,394,2897,1728,279,13715,1868,341,537,130,161,179,652,551,129,4547,524,52,48,17,25,14,61,88,44,869,65,3,11,0,0,0,5,16,7,113,14882,6156,19828,2753,1895,2282,13498,10966,1515,73765,39,52,133,555,259,988,21,412,31,2501,189,490,317,798,693,498,103,565,48,3686,976,2103,705,1462,1940,760,403,1208,111,9673,1631,2262,679,1711,2292,860,379,1207,146,11166,2123,2246,772,2046,2725,1128,573,1603,186,13416,1944,1763,502,1584,2079,856,304,1237,153,10422,872,337,98,252,492,166,61,315,61,2653,181,22,11,19,49,18,4,40,30,376,21,4,4,0,7,3,3,3,8,48,7982,9277,3226,8429,10531,5275,1855,6594,775,53946
5001,4,9,145,31,11,113,14,147,10,492,20,21,282,38,9,70,52,130,8,623,110,128,468,70,34,79,156,223,27,1288,199,193,407,106,48,81,195,175,32,1419,246,264,346,142,62,82,264,190,28,1630,239,225,254,112,78,80,208,165,21,1381,89,79,61,26,22,37,52,55,11,432,19,9,6,0,0,3,3,8,5,59,3,0,4,0,0,0,0,0,0,6,927,929,1972,525,260,544,933,1098,143,7328,3,3,28,113,36,260,3,71,7,527,15,45,37,156,91,118,6,47,7,525,81,289,72,219,203,159,13,104,13,1148,128,332,78,292,292,128,16,141,19,1420,199,364,76,304,380,176,22,175,10,1710,150,286,59,265,326,117,14,123,11,1351,43,54,12,46,62,28,4,36,3,287,11,3,3,0,4,0,0,3,10,33,0,0,0,0,0,0,0,3,0,4,628,1373,366,1405,1395,978,76,698,78,7000
5002,6,3,34,15,9,40,0,36,0,143,12,21,76,25,6,18,8,32,5,203,89,159,271,99,34,35,45,117,17,866,140,149,238,66,38,29,70,73,13,819,147,98,154,71,49,33,82,57,21,709,118,83,105,60,30,19,60,55,15,540,26,15,12,5,7,9,18,14,3,112,7,0,0,0,0,0,4,0,3,15,0,0,0,0,0,0,0,0,0,0,545,526,897,343,173,173,301,376,76,3406,0,0,3,25,12,49,0,18,3,119,10,30,16,62,40,48,0,19,7,228,81,259,40,189,204,78,0,51,13,910,97,249,26,140,211,60,6,49,15,851,91,181,28,100,181,57,6,39,15,697,69,134,22,63,102,56,4,28,5,481,16,15,7,4,21,13,0,4,0,73,0,0,0,0,0,3,0,0,0,6,0,0,0,0,0,0,0,0,0,0,355,866,137,596,771,365,17,198,55,3362
5003,13,10,260,51,13,248,19,366,20,1000,49,76,607,46,28,133,135,323,14,1419,243,395,1339,118,101,162,530,578,57,3526,417,486,1192,129,142,149,695,470,81,3758,535,518,1088,154,136,159,726,381,87,3789,383,431,650,95,137,109,571,284,55,2728,101,101,99,35,46,40,114,78,10,623,9,15,6,3,4,4,6,11,0,61,3,3,0,0,0,0,0,0,0,6,1750,2028,5247,640,611,1006,2792,2503,332,16907,18,12,53,217,89,582,7,115,11,1105,75,134,111,289,236,246,18,130,17,1258,212,712,224,481,597,373,55,281,40,2981,257,804,189,614,707,363,41,326,34,3326,290,758,178,655,875,422,62,385,41,3670,192,533,98,450,574,260,46,259,23,2447,37,87,16,66,81,38,11,68,15,407,3,5,0,3,8,0,0,8,3,23,0,0,0,0,0,0,0,0,0,5,1080,3042,868,2780,3176,2289,241,1566,181,15231
5004,3,5,133,45,5,130,13,144,3,484,25,18,250,33,12,56,33,101,8,544,152,123,619,68,27,65,126,242,19,1450,304,265,623,89,52,93,256,251,26,1944,344,282,539,55,69,107,275,236,38,1934,290,188,321,61,62,87,220,180,28,1442,120,73,50,12,15,32,78,56,14,456,21,3,5,0,3,3,3,11,6,65,3,0,0,3,0,0,0,0,0,5,1265,954,2537,366,249,571,1008,1226,133,8321,3,6,20,133,25,258,5,60,3,524,32,51,50,137,57,108,0,63,7,509,152,302,91,246,200,134,15,117,8,1261,205,417,112,310,394,181,32,195,17,1863,246,371,91,312,435,219,26,181,21,1903,121,256,41,225,321,180,27,149,11,1329,66,34,8,42,65,37,6,23,8,291,12,7,0,0,9,3,0,3,3,35,0,0,0,0,0,0,0,0,0,7,841,1444,419,1404,1503,1129,111,793,78,7723
5005,3,4,55,5,3,45,16,54,4,190,13,12,108,15,7,29,31,41,3,264,41,51,181,13,22,22,76,77,5,492,89,72,144,15,22,26,113,56,11,550,122,88,158,15,21,42,162,85,17,705,83,70,95,9,17,19,122,63,8,489,48,18,26,4,5,7,35,17,0,165,6,4,0,0,5,3,0,7,0,29,5,0,0,0,0,0,0,0,0,6,415,318,772,75,100,194,551,409,65,2897,0,0,8,29,17,95,0,23,3,190,4,17,11,43,39,42,8,22,3,191,25,108,24,74,96,46,12,55,4,445,52,123,43,78,110,59,8,54,3,523,71,105,30,102,152,73,9,77,11,622,46,68,22,74,117,46,3,50,0,435,18,15,3,12,27,8,7,9,3,103,4,3,3,0,4,3,0,0,0,19,0,0,0,0,0,0,0,0,0,0,231,440,150,413,562,364,39,299,25,2526
5006,7,6,138,16,13,125,21,163,14,512,14,35,341,30,11,58,72,128,17,713,128,188,597,86,52,102,200,214,28,1602,241,247,502,86,53,81,274,196,38,1724,293,280,470,116,89,78,374,211,42,1962,240,178,303,80,75,48,288,157,28,1408,62,41,50,16,9,31,72,45,16,345,13,6,0,0,0,0,0,7,9,46,0,4,0,0,0,0,0,0,0,9,1010,992,2411,432,310,526,1308,1130,189,8309,13,12,34,141,43,307,3,57,6,613,24,85,51,160,130,109,7,61,7,639,118,402,82,239,302,152,23,103,15,1429,142,431,86,295,373,162,25,134,25,1667,186,410,72,345,467,211,44,210,26,1970,121,255,44,221,340,116,14,140,18,1285,16,48,13,28,68,17,4,31,3,231,12,3,0,0,5,3,0,4,0,25,0,0,0,0,0,0,0,0,0,0,633,1640,383,1445,1729,1080,123,724,103,7861
5007,0,5,143,9,6,105,17,111,7,399,14,51,328,27,11,41,158,123,10,764,131,282,769,101,38,54,533,166,45,2109,215,224,625,77,50,35,486,85,46,1843,230,187,520,71,61,31,523,97,38,1756,164,109,325,34,42,25,384,83,22,1192,35,30,43,11,14,7,75,20,8,240,6,3,0,3,0,0,0,3,0,16,0,0,0,0,0,0,0,0,0,4,790,894,2748,326,225,301,2167,688,180,8325,4,3,45,74,44,215,3,50,6,438,33,95,54,95,111,105,29,22,5,559,104,410,90,253,312,146,135,98,17,1564,129,335,83,236,331,132,84,137,25,1495,125,227,79,220,347,159,84,140,23,1402,84,118,30,143,193,91,53,123,10,845,16,23,4,16,27,10,3,18,5,124,0,3,0,0,4,0,0,0,0,11,0,0,0,0,0,0,0,0,0,0,503,1223,390,1038,1373,857,385,590,93,6442
5008,4,3,45,13,3,60,11,44,6,184,7,27,143,13,9,24,36,62,11,335,115,162,565,36,57,39,202,148,32,1359,188,130,477,49,68,23,202,106,42,1285,133,100,251,44,48,9,194,66,34,891,68,56,145,16,39,14,111,42,14,509,5,22,18,3,4,0,11,3,4,80,0,0,7,0,0,0,0,0,0,6,0,0,0,0,0,0,0,0,0,6,527,500,1656,182,230,173,767,471,140,4653,5,9,4,30,17,80,0,16,0,163,26,51,27,46,73,50,14,33,3,325,83,254,53,149,246,92,50,95,14,1041,110,194,67,148,186,59,32,61,16,875,66,111,23,90,172,68,28,78,6,646,31,62,10,45,76,29,10,39,0,304,4,11,0,4,6,0,0,11,0,31,0,0,0,0,0,0,0,0,0,8,0,0,0,0,0,0,0,0,0,0,331,696,188,513,773,380,135,329,50,3389
5009,277,430,4228,2448,510,5560,1072,6404,360,21285,1712,4101,13257,4736,2156,5824,3782,7983,812,44352,11379,24823,34486,7589,6880,6061,12362,12464,2075,118126,17701,24659,26832,5348,6426,4469,11470,8514,2103,107516,19318,19693,22755,4569,6305,4166,12443,7923,1967,99136,12329,13620,14139,3078,5034,3296,9143,5989,1125,67755,3259,4379,2959,785,1388,1314,2116,1876,439,18502,435,547,214,94,151,195,135,288,111,2180,59,42,22,5,18,15,10,24,33,230,66464,92293,118893,28643,28873,30899,52533,51461,9027,479080,306,575,963,5701,1592,11726,171,2723,284,24046,2074,6477,2625,10890,7395,9701,467,2627,505,42758,9034,32941,6156,15785,20659,8799,1352,5472,1368,101558,9722,28486,4450,12966,20105,6811,1251,5709,1224,90725,9513,23672,4223,13403,23737,8126,1601,6470,1205,91946,5362,14813,2521,9038,16690,5547,1106,4934,706,60726,1036,2935,521,1575,3806,1273,187,1057,233,12622,120,191,35,81,292,99,15,102,91,1034,10,29,4,13,24,5,3,12,25,121,37176,110137,21492,69463,94295,52078,6146,29103,5645,425534
5010,0,0,32,10,3,32,6,24,4,116,7,13,123,12,7,13,27,51,8,264,84,101,575,30,43,21,196,152,38,1238,121,99,400,32,39,14,175,68,30,982,81,71,270,14,35,16,216,72,30,806,64,40,133,11,20,11,151,47,10,490,3,14,14,3,3,3,14,7,3,70,0,0,0,0,0,0,4,0,0,8,0,0,0,0,0,0,0,0,0,4,365,335,1542,115,158,120,790,427,114,3967,3,3,7,22,11,59,5,24,0,127,7,35,27,45,67,50,16,30,3,283,84,231,75,124,218,58,60,76,16,933,77,138,35,104,134,57,34,68,6,657,57,92,24,76,120,56,22,69,9,529,32,45,15,41,60,26,7,28,6,259,0,6,0,6,5,0,0,3,3,37,0,0,0,0,0,0,0,0,0,3,0,0,0,0,0,0,0,0,0,0,253,554,176,424,619,315,141,297,48,2830
5011,3,0,40,9,0,24,0,34,3,115,9,4,91,10,6,25,16,49,0,210,49,38,222,26,17,36,113,111,6,614,60,76,226,51,28,29,121,69,11,667,63,56,224,31,24,25,108,81,11,617,33,40,107,17,16,9,51,44,3,318,9,9,21,7,6,3,6,17,0,77,0,0,0,0,0,0,0,0,0,4,0,0,0,0,0,0,0,0,0,0,233,217,923,143,93,149,421,405,41,2627,0,0,6,25,9,56,0,16,4,122,16,7,23,47,35,42,0,30,3,207,48,116,46,104,110,50,18,60,8,554,39,113,38,87,122,49,9,41,7,511,29,97,27,105,122,63,20,61,4,537,28,37,20,50,89,35,12,29,3,300,4,17,3,11,15,6,0,6,3,61,0,0,0,0,0,0,0,0,0,0,0,0,0,0,0,0,0,0,0,0,166,393,171,436,498,304,57,246,31,2290
6000,57,17,389,86,21,311,79,480,32,1470,194,80,808,130,50,146,306,646,52,2409,724,416,1602,190,159,195,751,977,96,5100,1178,636,1502,300,204,233,925,968,142,6088,1575,813,1733,417,323,294,1437,1168,187,7938,1592,837,1397,337,323,327,1231,994,161,7195,717,272,220,87,85,79,244,237,42,1985,186,33,27,9,10,10,26,35,30,372,22,11,3,3,4,0,3,0,4,50,6247,3109,7685,1548,1171,1599,5001,5507,747,32608,28,14,81,385,85,677,10,244,26,1548,78,169,186,484,321,426,13,255,34,1967,393,901,319,834,829,494,45,492,64,4372,622,1123,336,1066,1107,615,74,678,83,5696,898,1374,403,1432,1566,791,103,1050,100,7710,833,1215,271,1018,1243,527,74,817,70,6077,301,224,49,131,262,103,18,146,35,1263,67,8,3,7,14,16,5,20,16,161,4,0,0,3,3,0,0,8,10,28,3220,5026,1652,5356,5429,3649,338,3706,442,28813
6001,7,6,84,18,12,105,8,107,9,357,28,23,193,26,31,50,47,100,13,506,95,136,294,60,46,56,155,152,19,1018,144,124,239,78,53,59,152,135,16,998,155,158,256,88,74,57,235,168,28,1211,115,127,180,73,64,43,155,134,23,924,35,33,25,5,12,13,37,11,11,188,8,3,0,0,0,0,0,4,0,19,3,0,0,0,0,0,0,0,0,9,589,612,1273,351,294,387,798,810,110,5226,9,6,12,57,36,217,7,54,4,390,11,55,36,125,76,107,3,48,8,474,59,225,66,169,171,134,16,74,19,922,99,226,42,181,193,113,11,112,11,990,102,208,46,282,295,148,16,157,24,1271,67,175,43,176,218,79,14,137,12,916,13,21,4,21,29,12,0,22,7,129,3,4,0,3,0,0,0,3,3,16,0,0,0,0,0,0,0,0,0,0,364,914,250,1008,1013,812,63,612,77,5121
6002,7,0,78,24,3,108,9,96,7,334,24,19,168,32,12,55,53,123,8,491,129,130,370,59,49,76,159,195,17,1188,180,147,306,72,79,72,171,152,19,1200,193,132,294,80,67,80,229,205,26,1301,165,131,233,48,77,50,190,140,17,1055,48,45,49,10,14,10,55,28,6,271,9,7,6,0,0,3,0,4,6,33,0,0,0,0,0,0,0,0,3,8,762,611,1496,329,311,455,872,937,109,5885,5,3,20,64,21,250,4,65,5,432,18,50,34,125,55,120,6,68,8,484,74,230,70,218,195,124,11,121,10,1052,109,220,68,261,228,126,15,131,21,1181,115,219,66,306,299,157,27,206,20,1414,62,184,37,196,199,86,18,154,10,945,21,34,9,26,45,7,5,25,10,179,4,4,0,6,0,0,0,0,3,21,0,0,0,0,0,0,0,0,0,0,401,950,299,1203,1049,886,85,769,74,5720
6003,46,34,374,253,65,606,62,692,31,2164,174,331,1150,519,255,563,224,764,69,4049,1030,2090,2549,785,766,672,664,1007,186,9753,1635,2326,1979,719,811,492,647,781,166,9567,1843,2176,1921,759,897,488,947,799,224,10055,1304,1713,1446,443,653,444,848,679,125,7658,403,509,260,105,163,152,173,143,49,1952,53,62,35,12,23,19,19,17,18,244,6,9,0,0,0,4,4,0,5,33,6488,9244,9716,3599,3633,3448,3592,4881,874,45480,29,44,83,626,165,1291,10,317,38,2608,158,530,252,1241,657,981,35,267,59,4185,728,2902,490,1765,1889,931,48,475,135,9365,1059,3110,457,1473,2221,733,64,587,143,9838,1147,2881,430,1509,2625,788,100,760,150,10393,672,2094,275,1163,1968,548,77,714,111,7622,117,350,68,180,385,127,7,137,38,1404,14,33,0,8,28,11,0,17,13,133,0,8,0,0,3,0,0,0,12,24,3925,11951,2049,7981,9939,5404,346,3275,698,45572
6004,19,22,198,102,23,270,69,309,12,1025,106,155,604,174,69,248,170,365,20,1917,451,665,973,255,202,306,374,476,55,3766,623,730,752,223,228,234,441,369,80,3681,710,724,773,271,302,272,579,382,80,4088,502,599,618,182,231,214,404,260,51,3059,128,172,98,43,58,58,105,82,25,761,20,16,18,0,13,3,9,15,4,99,0,3,0,0,0,0,3,5,0,10,2564,3093,4031,1246,1129,1592,2157,2259,333,18401,19,15,44,284,83,597,3,168,14,1228,69,252,116,524,254,459,16,133,14,1847,227,1079,227,616,610,373,12,228,42,3423,324,1095,174,608,809,368,28,295,40,3745,381,1035,158,750,990,413,38,412,51,4224,247,745,130,529,708,281,41,317,35,3032,46,110,22,86,137,53,4,67,18,537,7,5,0,3,9,3,0,3,3,38,0,3,0,0,0,0,0,0,0,7,1314,4343,875,3405,3610,2545,147,1614,219,18073
6005,3,4,45,5,3,36,5,60,7,170,21,10,95,15,3,31,25,51,3,251,50,71,158,27,15,27,44,76,4,470,74,73,143,30,29,27,68,75,7,528,109,77,173,53,43,29,113,103,7,698,96,86,137,30,28,32,104,84,11,601,36,15,15,6,9,14,18,22,3,136,9,0,0,0,0,0,0,3,3,25,0,0,0,0,0,0,0,0,0,0,404,331,759,168,131,193,379,462,54,2888,0,0,4,44,8,102,0,26,7,203,5,28,15,59,21,48,3,29,0,209,27,119,33,92,68,61,3,32,3,435,45,138,30,107,97,76,10,52,3,560,45,159,39,146,160,74,4,102,9,742,40,119,23,109,116,52,4,82,5,558,16,13,3,14,18,9,0,10,4,87,0,0,0,0,4,0,0,0,0,8,0,0,0,0,0,0,0,0,0,4,184,580,150,573,482,422,27,346,36,2798
7000,8,23,121,57,15,95,22,194,32,571,54,127,326,160,35,46,96,313,63,1216,288,495,872,394,109,86,294,513,133,3175,431,431,757,337,130,65,320,372,120,2959,503,379,669,300,152,74,420,375,110,2980,382,297,379,174,103,67,294,266,71,2038,128,78,85,40,35,11,78,71,18,545,15,8,11,3,0,3,7,6,3,56,0,0,0,0,0,0,0,5,0,4,1804,1850,3223,1462,572,445,1529,2113,554,13545,4,34,31,114,69,118,3,60,33,470,44,132,56,267,179,109,19,118,47,968,253,755,139,625,566,195,54,210,90,2897,299,672,120,530,570,187,29,191,78,2674,364,664,124,513,549,159,49,218,78,2718,238,473,69,266,336,94,22,146,35,1688,40,90,15,55,75,25,9,38,10,367,7,6,0,6,8,3,0,0,3,38,0,3,0,0,0,0,0,0,0,4,1259,2832,548,2380,2353,897,188,989,372,11819
7001,3,7,54,55,3,97,12,82,9,325,18,37,163,57,23,46,27,76,14,461,159,287,359,268,72,74,96,132,41,1479,194,251,263,244,84,40,85,90,34,1295,244,271,238,187,92,43,115,110,44,1347,195,231,195,118,82,43,119,90,30,1109,42,64,42,25,19,10,30,30,7,259,3,3,3,0,0,0,3,6,0,24,0,0,0,0,0,0,0,0,0,0,868,1160,1321,953,377,341,486,611,181,6302,6,9,16,55,41,137,3,28,6,301,20,70,26,92,124,62,5,31,13,445,120,513,62,303,316,104,8,74,27,1522,133,506,48,224,269,67,10,64,27,1346,207,445,54,204,345,81,10,92,20,1455,143,304,16,178,245,62,3,63,13,1022,30,40,13,26,53,18,9,12,6,207,3,5,0,4,4,3,0,0,0,15,0,0,0,0,0,0,0,0,0,0,654,1898,233,1086,1402,535,42,367,106,6307
7002,19,37,299,200,58,389,65,354,33,1447,175,210,1009,719,190,290,297,449,100,3436,896,1562,3259,1222,546,388,844,1106,219,10039,1248,1371,2229,807,516,304,671,713,170,8028,1283,1095,1662,545,468,255,716,532,169,6714,879,805,919,257,377,148,573,352,99,4412,187,245,170,64,97,58,136,89,28,1077,22,22,15,0,11,15,3,6,9,103,0,0,3,0,0,0,0,3,0,10,4708,5343,9574,3815,2254,1847,3299,3604,827,35263,24,36,65,319,197,624,13,101,31,1408,134,378,175,674,716,462,47,186,61,2826,781,2530,414,1365,1868,672,86,443,127,8284,830,1989,234,927,1623,449,66,419,115,6665,867,1495,232,710,1515,425,68,450,86,5846,481,961,132,416,982,252,55,299,59,3643,90,173,30,66,233,61,7,57,21,742,3,16,3,9,7,4,3,3,0,51,0,0,0,0,0,0,0,0,3,7,3219,7577,1290,4479,7144,2952,339,1952,497,29469
8000,0,0,3,5,0,4,0,3,0,18,5,9,12,5,5,3,0,4,0,43,5,20,19,5,3,0,4,14,4,80,16,18,17,11,9,3,0,7,4,89,28,14,23,3,3,0,0,9,3,88,16,7,8,4,3,5,3,6,0,51,3,8,0,3,0,0,0,0,0,16,3,0,0,0,0,0,0,0,0,3,0,0,0,0,0,0,0,0,0,0,81,72,82,38,24,18,16,41,13,383,3,0,0,16,3,6,0,0,0,29,0,6,3,17,7,6,0,3,0,34,10,26,3,13,18,5,0,0,0,72,16,24,6,8,23,0,0,0,0,86,13,16,3,14,18,3,0,3,0,65,11,13,0,3,11,4,0,3,0,46,4,0,0,0,0,0,0,0,0,11,0,0,0,0,0,0,0,0,0,0,0,0,0,0,0,0,0,0,0,0,56,83,11,66,84,25,4,9,10,340
8001,311,175,792,1017,196,1462,212,1286,83,5530,994,1562,2523,1944,1056,1413,445,1243,219,11389,3777,9240,5688,2266,2996,1299,1062,1943,771,29026,5688,8922,3898,1675,2719,866,976,1406,806,26957,5887,6650,3189,1319,2586,721,1195,1103,664,23319,3074,4140,1849,713,1574,478,982,899,372,14082,607,1232,430,213,393,191,298,250,103,3715,79,141,42,19,37,30,23,24,22,414,8,10,9,0,0,3,0,3,9,48,20421,32070,18405,9177,11558,6453,5185,8159,3043,114480,171,238,216,1982,503,2622,25,460,75,6295,614,2003,571,2951,2612,1986,43,356,193,11326,3203,10971,1040,3269,6471,1555,74,726,648,27967,4586,9159,800,2420,5998,1022,70,652,636,25336,4287,6935,673,2321,6388,987,103,743,577,23014,1874,4012,348,1391,3890,761,80,591,273,13222,252,805,73,258,758,208,18,125,67,2565,22,66,5,19,63,20,0,12,21,224,5,8,0,0,8,0,0,0,10,32,15016,34188,3727,14605,26695,9166,416,3675,2501,109981
9000,3,0,4,4,3,3,3,8,0,30,6,4,13,11,0,0,9,22,3,69,25,19,39,31,12,0,19,28,5,179,44,27,61,20,10,7,22,31,12,236,50,14,93,27,15,0,31,38,6,277,46,25,76,14,6,8,29,33,7,251,18,16,30,4,4,3,35,15,3,122,6,0,5,0,0,0,0,4,0,21,0,0,0,0,0,0,0,0,0,3,203,103,324,112,52,29,152,172,43,1188,0,0,0,20,0,13,0,0,0,43,3,8,3,9,12,3,0,5,0,44,18,27,9,45,27,13,0,20,0,161,35,36,16,38,54,7,6,15,4,207,41,32,19,44,52,20,0,30,5,235,27,35,3,26,37,22,3,35,3,193,14,8,3,7,10,23,0,16,6,81,3,0,0,0,0,3,0,0,0,12,0,0,0,0,0,0,0,0,0,0,140,146,54,187,200,104,16,132,12,982