SUA_CODE_2016,A_0_4_y_Indigenous_M,A_0_4_y_Indigenous_F,A_0_4_y_Indigenous_P,A_0_4_y_Non_Indigenous_M,A_0_4_y_Non_Indigenous_F,A_0_4_y_Non_Indigenous_P,A_0_4_y_Indig_stat_ns_M,A_0_4_y_Indig_stat_ns_F,A_0_4_y_Indig_stat_ns_P,A_0_4_y_Tot_M,A_0_4_y_Tot_F,A_0_4_y_Tot_P,A_5_9_y_Indigenous_M,A_5_9_y_Indigenous_F,A_5_9_y_Indigenous_P,A_5_9_y_Non_Indigenous_M,A_5_9_y_Non_Indigenous_F,A_5_9_y_Non_Indigenous_P,A_5_9_y_Indig_stat_ns_M,A_5_9_y_Indig_stat_ns_F,A_5_9_y_Indig_stat_ns_P,A_5_9_y_Tot_M,A_5_9_y_Tot_F,A_5_9_y_Tot_P,A_10_14_y_Indigenous_M,A_10_14_y_Indigenous_F,A_10_14_y_Indigenous_P,A_10_14_y_Non_Indig_M,A_10_14_y_Non_Indig_F,A_10_14_y_Non_Indig_P,A_10_14_y_Indig_stat_ns_M,A_10_14_y_Indig_stat_ns_F,A_10_14_y_Indig_stat_ns_P,A_10_14_y_Tot_M,A_10_14_y_Tot_F,A_10_14_y_Tot_P,A_15_19_y_Indigenous_M,A_15_19_y_Indigenous_F,A_15_19_y_Indigenous_P,A_15_19_y_Non_Indig_M,A_15_19_y_Non_Indig_F,A_15_19_y_Non_Indig_P,A_15_19_y_Indig_stat_ns_M,A_15_19_y_Indig_stat_ns_F,A_15_19_y_Indig_stat_ns_P,A_15_19_y_Tot_M,A_15_19_y_Tot_F,A_15_19_y_Tot_P,A_20_24_y_Indigenous_M,A_20_24_y_Indigenous_F,A_20_24_y_Indigenous_P,A_20_24_y_Non_Indig_M,A_20_24_y_Non_Indig_F,A_20_24_y_Non_Indig_P,A_20_24_y_Indig_stat_ns_M,A_20_24_y_Indig_stat_ns_F,A_20_24_y_Indig_stat_ns_P,A_20_24_y_Tot_M,A_20_24_y_Tot_F,A_20_24_y_Tot_P,A_25_29_y_Indigenous_M,A_25_29_y_Indigenous_F,A_25_29_y_Indigenous_P,A_25_29_y_Non_Indig_M,A_25_29_y_Non_Indig_F,A_25_29_y_Non_Indig_P,A_25_29_y_Indig_stat_ns_M,A_25_29_y_Indig_stat_ns_F,A_25_29_y_Indig_stat_ns_P,A_25_29_y_Tot_M,A_25_29_y_Tot_F,A_25_29_y_Tot_P,A_30_34_y_Indigenous_M,A_30_34_y_Indigenous_F,A_30_34_y_Indigenous_P,A_30_34_y_Non_Indig_M,A_30_34_y_Non_Indig_F,A_30_34_y_Non_Indig_P,A_30_34_y_Indig_stat_ns_M,A_30_34_y_Indig_stat_ns_F,A_30_34_y_Indig_stat_ns_P,A_30_34_y_Tot_M,A_30_34_y_Tot_F,A_30_34_y_Tot_P,A_35_39_y_Indigenous_M,A_35_39_y_Indigenous_F,A_35_39_y_Indigenous_P,A_35_39_y_Non_Indig_M,A_35_39_y_Non_Indig_F,A_35_39_y_Non_Indig_P,A_35_39_y_Indig_stat_ns_M,A_35_39_y_Indig_stat_ns_F,A_35_39_y_Indig_stat_ns_P,A_35_39_y_Tot_M,A_35_39_y_Tot_F,A_35_39_y_Tot_P,A_40_44_y_Indigenous_M,A_40_44_y_Indigenous_F,A_40_44_y_Indigenous_P,A_40_44_y_Non_Indig_M,A_40_44_y_Non_Indig_F,A_40_44_y_Non_Indig_P,A_40_44_y_Indig_stat_ns_M,A_40_44_y_Indig_stat_ns_F,A_40_44_y_Indig_stat_ns_P,A_40_44_y_Tot_M,A_40_44_y_Tot_F,A_40_44_y_Tot_P,A_45_49_y_Indigenous_M,A_45_49_y_Indigenous_F,A_45_49_y_Indigenous_P,A_45_49_y_Non_Indig_M,A_45_49_y_Non_Indig_F,A_45_49_y_Non_Indig_P,A_45_49_y_Indig_stat_ns_M,A_45_49_y_Indig_stat_ns_F,A_45_49_y_Indig_stat_ns_P,A_45_49_y_Tot_M,A_45_49_y_Tot_F,A_45_49_y_Tot_P,A_50_54_y_Indigenous_M,A_50_54_y_Indigenous_F,A_50_54_y_Indigenous_P,A_50_54_y_Non_Indig_M,A_50_54_y_Non_Indig_F,A_50_54_y_Non_Indig_P,A_50_54_y_Indig_stat_ns_M,A_50_54_y_Indig_stat_ns_F,A_50_54_y_Indig_stat_ns_P,A_50_54_y_Tot_M,A_50_54_y_Tot_F,A_50_54_y_Tot_P,A_55_59_y_Indigenous_M,A_55_59_y_Indigenous_F,A_55_59_y_Indigenous_P,A_55_59_y_Non_Indig_M,A_55_59_y_Non_Indig_F,A_55_59_y_Non_Indig_P,A_55_59_y_Indig_stat_ns_M,A_55_59_y_Indig_stat_ns_F,A_55_59_y_Indig_stat_ns_P,A_55_59_y_Tot_M,A_55_59_y_Tot_F,A_55_59_y_Tot_P,A_60_64_y_Indigenous_M,A_60_64_y_Indigenous_F,A_60_64_y_Indigenous_P,A_60_64_y_Non_Indig_M,A_60_64_y_Non_Indig_F,A_60_64_y_Non_Indig_P,A_60_64_y_Indig_stat_ns_M,A_60_64_y_Indig_stat_ns_F,A_60_64_y_Indig_stat_ns_P,A_60_64_y_Tot_M,A_60_64_y_Tot_F,A_60_64_y_Tot_P,A_65_y_ov_Indigenous_M,A_65_y_ov_Indigenous_F,A_65_y_ov_Indigenous_P,A_65_y_ov_Non_Indig_M,A_65_y_ov_Non_Indig_F,A_65_y_ov_Non_Indig_P,A_65_y_ov_Indig_stat_ns_M,A_65_y_ov_Indig_stat_ns_F,A_65_y_ov_Indig_stat_ns_P,A_65_y_ov_Tot_M,A_65_y_ov_Tot_F,A_65_y_ov_Tot_P,Tot_Indigenous_M,Tot_Indigenous_F,Tot_Indigenous_P,Tot_Non_Indigenous_M,Tot_Non_Indigenous_F,Tot_Non_Indigenous_P,Tot_Indig_status_ns_M,Tot_Indig_status_ns_F,Tot_Indig_status_ns_P,Tot_Tot_M,Tot_Tot_F,Tot_Tot_P
1000,3494,3214,6713,22582,21352,43935,2253,2134,4384,28328,26703,55035,3661,3523,7182,26852,25605,52457,2545,2625,5173,33058,31752,64816,3476,3319,6795,26567,25154,51717,2672,2471,5145,32706,30952,63654,3112,2996,6107,24566,23207,47767,2418,2317,4734,30093,28519,58615,2421,2191,4610,19020,17558,36576,2065,1835,3904,23506,21579,45086,1862,1804,3672,18792,19158,37948,2169,1972,4144,22823,22937,45760,1580,1569,3148,19787,20989,40776,2003,2017,4023,23369,24583,47952,1441,1530,2972,21060,22455,43516,2148,2046,4194,24651,26031,50680,1567,1795,3362,25809,26878,52694,2594,2540,5134,29964,31220,61187,1649,1822,3475,28188,29452,57635,2880,2745,5618,32716,34016,66731,1624,1696,3327,31855,32372,64223,3272,3074,6341,36752,37144,73896,1446,1460,2904,34710,34908,69622,3508,3211,6721,39660,39583,79246,1131,1120,2247,34660,33357,68015,3408,3088,6490,39190,37561,76757,1874,2023,3889,95966,96729,192697,9492,9602,19093,107325,108350,215676,30339,30067,60405,430397,429175,859577,43419,41678,85100,504158,500923,1005080
1001,162,152,310,2741,2621,5364,162,195,353,3067,2967,6033,143,164,308,2639,2557,5196,161,138,297,2945,2857,5800,147,145,295,2514,2419,4929,150,149,301,2810,2716,5528,138,136,275,2669,2525,5192,178,164,341,2983,2824,5806,111,117,223,2788,2675,5461,252,211,466,3142,3004,6152,80,78,162,2610,2780,5387,222,188,410,2910,3052,5964,69,69,144,2582,2760,5341,194,193,383,2839,3028,5867,48,67,118,2418,2574,4993,161,172,329,2624,2809,5442,42,63,106,2389,2592,4985,186,153,339,2616,2813,5432,45,70,119,2558,2705,5270,185,168,352,2791,2938,5736,44,50,97,2480,2651,5131,170,139,306,2704,2836,5538,37,47,82,2439,2744,5184,180,193,367,2655,2982,5631,26,31,59,2293,2500,4798,197,181,384,2520,2712,5236,36,51,86,6104,7509,13614,496,655,1152,6632,8218,14852,1137,1245,2388,39222,41618,80839,2888,2896,5784,43251,45759,89007
1002,108,104,219,514,501,1015,36,37,75,662,651,1312,99,91,195,518,527,1053,31,38,67,652,658,1314,86,101,186,633,619,1246,38,37,76,751,755,1508,83,97,182,865,954,1821,84,82,166,1035,1132,2171,84,100,181,1044,1080,2123,112,119,234,1250,1300,2547,45,54,102,626,681,1307,64,64,122,737,798,1532,42,52,99,576,591,1173,46,43,91,665,693,1358,40,50,86,479,526,1003,35,37,70,552,603,1158,36,42,74,520,597,1118,40,43,80,599,673,1272,43,46,86,543,602,1143,40,50,93,628,703,1324,45,37,78,615,643,1258,58,72,132,721,746,1467,31,34,68,586,694,1285,44,53,90,660,775,1438,26,29,54,509,555,1066,48,28,77,578,620,1194,40,38,86,1488,1914,3408,120,143,265,1654,2104,3752,818,875,1687,9526,10488,20015,797,849,1650,11142,12209,23352
1003,41,42,81,508,514,1026,28,44,70,579,599,1176,44,43,88,614,537,1153,32,40,72,691,622,1312,51,43,98,587,554,1144,40,36,76,684,640,1317,35,35,72,617,526,1137,39,32,63,683,595,1275,29,36,65,432,426,858,32,24,51,492,481,973,29,29,59,445,438,881,34,33,61,514,492,1006,22,22,44,505,600,1101,33,36,66,553,658,1215,21,14,35,545,573,1115,29,37,67,596,624,1223,26,33,59,622,750,1374,43,40,91,696,824,1517,18,32,53,663,764,1431,45,49,93,727,849,1576,17,25,45,743,845,1589,51,58,114,813,930,1747,15,17,33,794,932,1727,67,62,130,876,1009,1888,16,12,27,821,934,1753,78,59,138,917,1006,1916,32,38,65,2767,3387,6158,210,271,479,3011,3700,6708,391,435,830,10675,11775,22448,762,810,1573,11825,13026,24852
1004,46,71,117,262,272,537,22,19,42,330,367,697,70,77,142,343,335,677,35,29,60,440,432,875,43,49,94,360,331,689,37,35,71,440,418,857,51,43,92,316,302,619,36,24,61,406,371,775,40,42,81,229,224,456,16,16,32,286,279,568,28,25,55,241,249,492,20,19,42,289,295,587,24,21,44,282,281,564,27,15,44,329,318,655,31,19,49,259,309,572,28,23,48,318,347,669,16,39,48,344,397,740,29,31,63,388,460,852,27,22,48,394,388,781,43,21,65,458,431,890,21,34,53,415,445,863,36,33,75,476,512,989,11,26,40,501,595,1095,42,37,76,554,664,1214,11,13,29,605,673,1273,47,50,103,661,742,1402,22,28,52,2163,2404,4563,203,208,406,2381,2646,5031,442,504,949,6711,7209,13917,617,564,1184,7765,8277,16044
1005,144,120,265,979,906,1888,59,59,115,1182,1087,2275,124,137,258,1057,980,2037,55,54,106,1232,1169,2404,114,110,225,1063,946,2006,55,58,120,1237,1114,2350,97,81,181,1123,1036,2160,96,107,203,1314,1226,2546,128,97,230,1190,1180,2371,136,131,266,1454,1405,2864,120,93,217,1127,1005,2133,73,64,138,1321,1167,2483,80,56,141,1009,939,1945,58,54,113,1146,1048,2196,55,48,111,905,900,1807,47,51,105,1009,1002,2018,60,58,114,945,967,1910,67,50,110,1062,1070,2140,47,46,88,936,1015,1949,61,62,123,1049,1116,2165,20,39,54,892,964,1852,59,55,118,967,1057,2022,17,30,44,910,986,1901,56,63,120,986,1080,2062,17,27,43,890,861,1751,55,65,123,965,947,1908,37,35,77,2199,2813,5012,195,308,503,2435,3154,5584,1062,978,2045,15227,15495,30717,1079,1177,2258,17362,17651,35020
1006,43,54,90,896,851,1742,54,49,109,995,952,1945,32,51,85,1068,1033,2101,80,73,150,1181,1155,2336,45,44,88,1099,1085,2182,70,84,156,1212,1211,2425,40,58,103,1096,1191,2279,57,74,125,1188,1320,2507,35,30,65,741,677,1416,49,39,89,820,744,1565,17,14,36,747,762,1510,34,37,66,798,815,1615,24,19,47,764,764,1520,70,49,119,849,835,1688,21,32,46,748,872,1619,56,56,109,819,960,1779,20,23,36,968,1081,2046,67,86,151,1048,1186,2236,19,35,51,1064,1216,2285,59,76,139,1145,1330,2481,13,16,34,1078,1215,2290,96,66,165,1183,1297,2482,20,25,50,1149,1258,2399,50,73,119,1217,1353,2570,13,12,27,1031,1244,2275,63,76,144,1110,1331,2445,20,24,48,4081,4989,9073,260,326,589,4370,5336,9706,368,435,803,16516,18227,34745,1061,1165,2224,17940,19837,37777
1007,103,81,182,372,364,735,21,28,52,496,478,974,90,97,193,383,378,758,31,39,70,502,512,1014,78,85,161,384,358,741,25,31,53,481,470,950,77,59,145,406,359,762,28,16,47,510,437,949,71,67,133,381,387,770,25,38,65,479,486,962,64,70,128,451,458,914,29,42,76,548,571,1116,44,53,99,393,432,825,40,40,79,473,525,1002,41,31,73,355,385,740,32,25,61,423,442,872,33,54,87,415,419,831,35,34,71,485,504,989,32,51,84,486,464,950,46,31,80,567,550,1115,34,30,62,543,553,1097,41,37,76,624,620,1241,26,23,54,607,651,1258,48,44,93,686,717,1404,14,19,36,574,557,1136,48,45,90,632,622,1261,35,33,67,1550,1967,3516,135,149,288,1717,2156,3868,741,764,1500,7285,7729,15011,591,604,1192,8615,9091,17708
1008,25,27,53,311,266,574,27,8,35,359,297,655,29,35,65,344,356,699,29,23,49,410,409,813,27,22,48,397,415,817,15,25,44,443,460,907,27,12,41,419,358,772,23,16,36,469,382,856,23,15,40,215,172,390,24,11,29,263,202,463,8,25,34,193,214,405,20,15,31,215,254,472,9,11,24,226,253,480,12,11,22,250,277,528,10,9,25,247,284,533,24,17,44,281,317,602,7,18,24,373,419,789,17,23,39,398,455,854,12,16,28,446,471,916,32,32,67,490,522,1011,12,10,26,528,596,1126,36,31,67,575,645,1219,16,20,33,532,652,1179,32,38,71,581,711,1287,19,14,26,628,687,1315,31,43,66,677,742,1415,27,19,50,2545,2738,5290,178,168,338,2754,2922,5674,269,261,526,7403,7884,15286,494,442,933,8160,8580,16746
1009,777,712,1493,8456,7990,16453,444,420,866,9675,9129,18804,712,713,1422,9403,8701,18112,468,464,934,10581,9879,20463,767,668,1434,8943,8502,17448,484,414,892,10200,9578,19775,712,672,1381,8629,8425,17057,491,423,914,9836,9515,19349,570,512,1084,8031,7706,15736,462,494,958,9064,8713,17777,419,424,845,7458,7683,15133,449,419,865,8324,8524,16847,314,374,690,7821,8346,16162,444,423,863,8573,9142,17716,301,315,620,8034,8574,16607,444,430,879,8783,9326,18106,273,337,610,8987,9725,18710,502,485,994,9757,10546,20308,289,336,623,9238,10098,19335,543,528,1066,10064,10971,21033,276,353,626,9516,10042,19563,474,519,989,10268,10911,21179,223,246,469,9297,10480,19774,554,553,1106,10075,11274,21351,154,193,350,8655,9724,18372,514,524,1034,9322,10435,19756,294,339,634,27859,34203,62063,1941,2586,4524,30089,37128,67217,6083,6192,12273,140332,150192,290521,8203,8679,16880,154615,165064,319676
1010,178,184,362,1650,1570,3215,102,119,226,1938,1871,3806,236,210,444,1885,1894,3774,128,108,231,2250,2205,4455,192,196,385,1866,1757,3625,102,113,214,2157,2063,4224,198,195,395,1786,1636,3428,112,108,226,2104,1947,4046,141,136,273,1503,1464,2966,133,122,254,1776,1721,3498,111,133,247,1500,1592,3092,135,122,256,1747,1848,3594,98,96,193,1544,1709,3247,119,108,225,1758,1907,3662,65,110,175,1522,1661,3182,104,106,211,1687,1881,3570,75,92,165,1755,1969,3725,124,104,231,1959,2155,4113,90,124,215,1792,2070,3862,112,149,268,1998,2337,4340,66,84,154,1900,2212,4110,137,156,296,2100,2459,4556,84,85,162,2068,2393,4466,202,157,354,2350,2633,4986,54,58,115,2250,2282,4536,158,140,297,2461,2480,4946,75,102,177,6238,7208,13439,468,607,1077,6774,7919,14691,1662,1802,3462,29261,31410,60672,2137,2226,4360,33052,35434,68486
1011,375,350,727,905,928,1838,75,74,146,1360,1348,2707,363,344,703,955,862,1817,68,74,140,1387,1274,2665,315,281,595,812,764,1577,54,54,110,1181,1104,2284,289,299,588,756,804,1560,66,60,127,1116,1160,2274,232,256,487,853,861,1713,84,81,166,1169,1201,2366,198,244,441,954,1092,2051,111,100,210,1270,1438,2709,139,156,296,958,1074,2034,87,94,179,1181,1323,2505,130,136,269,821,907,1731,70,66,132,1018,1112,2130,108,166,269,888,894,1786,88,76,158,1083,1129,2213,126,158,281,864,933,1802,62,78,141,1059,1171,2227,125,125,249,855,941,1796,77,89,163,1056,1147,2206,95,126,214,875,1004,1884,73,84,158,1044,1214,2257,67,99,161,741,847,1583,67,68,132,870,1011,1878,118,140,256,2192,2798,4992,191,235,429,2501,3171,5671,2681,2863,5543,13433,14711,28139,1172,1234,2408,17283,18810,36092
1012,66,79,142,325,310,632,26,20,50,411,411,824,65,57,118,347,375,724,23,27,55,436,461,895,52,63,115,383,358,738,27,29,58,464,444,914,59,49,111,429,381,809,35,30,68,533,460,989,45,53,95,269,279,550,16,22,43,335,350,683,37,30,68,271,323,595,24,22,52,327,377,707,27,32,57,303,326,634,32,22,53,362,385,740,25,14,38,325,359,686,23,25,48,366,403,775,24,22,37,377,436,813,37,24,67,437,485,925,25,27,58,435,480,911,42,20,60,498,533,1028,20,32,56,510,560,1068,31,32,61,560,618,1178,21,24,41,578,728,1306,44,49,94,640,800,1443,27,23,51,721,812,1530,46,46,92,794,883,1675,38,52,94,3249,3697,6944,268,388,651,3552,4133,7684,531,551,1081,8506,9419,17929,679,759,1441,9719,10738,20455
1013,59,42,106,624,616,1245,43,44,83,731,707,1429,49,56,109,678,587,1262,39,36,70,762,677,1441,50,55,99,579,529,1106,32,35,70,662,614,1280,46,50,98,624,561,1188,39,42,81,711,649,1364,48,33,83,690,538,1231,52,34,85,792,606,1400,64,29,94,666,647,1318,41,53,94,774,735,1509,41,36,78,670,651,1326,48,49,92,759,729,1492,37,26,62,650,558,1207,34,27,66,721,613,1335,28,25,50,658,630,1290,40,42,86,726,695,1422,29,23,56,652,653,1305,55,37,90,728,720,1451,24,20,44,696,699,1400,34,32,70,756,754,1509,19,21,42,674,679,1355,33,44,74,723,746,1470,11,17,23,606,689,1287,32,34,64,642,736,1382,25,25,48,1795,2284,4079,142,142,284,1956,2454,4414,527,454,982,10262,10324,20591,655,664,1318,11447,11441,22890
1014,107,91,198,455,414,865,26,28,52,584,532,1117,109,85,192,506,461,963,34,27,62,643,579,1222,109,80,188,503,397,893,38,27,62,643,496,1148,93,75,168,459,451,909,41,36,79,595,563,1151,73,69,139,395,365,757,36,33,68,505,465,967,68,61,127,436,422,856,26,26,52,528,504,1040,58,47,103,397,407,803,33,33,62,478,480,959,45,41,82,413,449,859,27,32,65,485,525,1006,36,41,83,462,466,925,27,36,62,531,538,1074,39,49,89,411,491,904,30,31,68,492,571,1059,29,46,75,517,540,1057,38,32,63,579,611,1194,26,38,66,542,600,1142,40,34,78,611,675,1285,18,25,47,498,560,1056,34,31,58,548,614,1163,34,48,77,1695,2237,3930,123,169,289,1849,2445,4295,838,793,1633,7680,8246,15924,554,564,1115,9073,9604,18668
1015,79,65,141,590,564,1154,55,42,94,724,669,1395,52,49,106,552,551,1104,49,48,96,657,648,1305,58,47,104,516,519,1035,49,49,96,616,616,1231,44,44,94,533,459,990,52,38,83,630,538,1170,35,46,77,518,487,1009,56,50,102,611,587,1194,31,40,74,630,660,1287,60,58,117,724,759,1485,36,21,60,578,586,1165,64,49,115,686,660,1345,20,26,46,511,510,1022,44,45,88,581,580,1154,30,33,62,501,488,990,60,48,106,589,568,1153,10,20,32,517,538,1053,47,43,91,571,605,1171,19,24,49,532,502,1034,44,37,86,604,565,1167,28,20,46,499,477,975,42,46,85,573,542,1108,17,15,36,428,444,875,43,63,109,493,520,1011,16,35,43,1227,1604,2828,161,209,367,1402,1848,3246,475,488,964,8146,8392,16531,822,821,1644,9439,9703,19144
1016,148,155,307,276,265,538,32,42,73,454,462,921,149,134,279,323,319,642,41,49,88,516,499,1016,124,134,255,339,277,612,48,44,86,505,447,955,127,110,231,318,303,626,33,35,66,483,441,925,117,95,211,296,258,555,38,31,64,448,383,833,123,86,211,325,271,591,26,38,63,478,388,864,77,66,140,297,278,577,28,35,60,403,375,779,62,64,125,291,282,577,22,32,52,376,372,751,70,66,139,308,299,602,31,35,67,409,395,806,66,65,129,341,322,668,46,34,81,453,425,878,52,63,120,342,377,717,33,36,70,436,477,911,41,64,103,396,429,823,54,48,105,491,543,1034,32,46,76,393,435,827,37,39,79,464,516,982,46,81,130,1221,1441,2670,135,186,319,1409,1711,3119,1239,1214,2458,5467,5557,11022,607,669,1276,7310,7443,14754
1017,109,91,204,638,620,1257,45,52,98,795,767,1561,123,89,204,747,710,1455,55,45,103,921,845,1764,112,105,216,725,719,1443,48,31,82,880,858,1741,90,91,181,723,765,1490,61,66,120,875,912,1789,77,74,152,801,800,1594,105,90,195,980,969,1947,56,56,106,666,749,1414,65,79,141,788,876,1663,48,59,104,698,733,1437,62,65,132,809,856,1669,45,60,100,701,762,1466,55,43,98,798,864,1666,30,52,84,705,742,1441,48,64,110,788,853,1639,54,55,105,756,829,1585,53,68,124,857,954,1812,39,46,82,795,889,1677,66,67,134,895,999,1897,35,32,73,848,947,1790,78,69,143,958,1046,2006,31,26,58,787,826,1611,84,76,162,894,930,1828,27,24,56,2100,2829,4925,203,246,454,2327,3098,5431,870,862,1735,11677,12904,24585,1027,1061,2088,13578,14835,28407
1018,45,40,90,306,294,603,33,37,66,389,373,760,37,41,77,313,276,589,28,30,60,372,355,730,24,35,66,284,250,538,32,29,55,336,318,656,33,29,61,333,281,614,18,28,46,390,337,725,39,33,77,347,262,613,34,24,55,418,324,741,46,24,73,345,316,656,38,44,80,428,379,808,30,23,52,346,276,621,31,25,57,410,319,728,26,19,43,263,267,530,15,19,37,303,305,612,38,27,62,353,321,673,30,20,55,422,373,791,14,13,26,349,310,663,24,22,51,389,353,743,13,14,28,358,401,765,24,30,62,403,454,848,20,19,40,417,418,837,39,27,63,473,467,938,15,17,30,352,363,715,22,31,55,396,406,798,37,24,62,1206,1429,2636,117,123,240,1353,1579,2937,420,374,793,5573,5481,11048,483,492,978,6475,6345,12818
1019,61,47,105,574,537,1113,21,32,54,661,616,1274,72,48,118,589,581,1170,33,27,61,696,656,1354,50,65,114,630,579,1206,36,15,44,712,656,1370,52,42,95,676,630,1307,24,21,43,754,692,1443,53,48,96,586,620,1207,30,29,56,663,693,1360,30,36,62,525,540,1066,32,20,52,581,590,1177,23,23,48,558,529,1086,29,19,53,606,578,1182,23,33,54,509,541,1050,19,14,27,545,581,1130,13,19,34,601,628,1225,29,34,64,642,684,1326,14,21,37,688,688,1376,37,27,61,740,733,1474,8,32,36,677,732,1411,25,32,63,713,793,1512,25,19,41,700,766,1471,49,38,86,773,823,1602,16,10,27,720,767,1487,43,47,83,773,828,1597,28,22,44,2531,3003,5536,149,157,305,2706,3179,5888,457,461,925,10561,11146,21704,544,502,1050,11567,12110,23679
1020,62,47,103,384,392,771,37,47,88,481,482,966,49,38,93,370,342,709,39,48,89,459,431,885,41,39,81,322,269,597,35,34,67,398,344,740,31,41,77,270,251,527,32,25,55,332,323,656,27,29,55,270,264,536,15,31,45,319,321,643,25,24,52,319,321,641,40,26,69,389,372,759,20,16,36,386,369,752,34,27,61,440,411,848,20,13,32,298,328,627,36,36,67,353,380,734,15,21,30,298,318,616,24,32,58,337,367,704,22,10,29,322,362,679,35,28,62,375,404,777,10,9,23,320,322,641,34,28,66,370,369,731,12,15,28,296,317,610,38,29,62,341,362,701,11,4,19,227,252,477,29,34,65,268,283,557,9,12,22,776,1037,1813,79,115,192,866,1164,2028,356,323,681,4861,5144,10010,503,532,1040,5722,6003,11728
1021,73,78,156,426,363,787,24,25,47,520,464,988,75,66,142,376,377,756,21,29,48,475,472,947,75,60,133,335,313,647,26,26,52,431,398,831,60,48,104,286,275,565,18,17,40,368,344,714,56,51,108,303,329,630,22,18,33,374,392,771,44,44,83,411,374,786,26,28,53,481,445,924,38,33,78,442,382,821,28,23,44,512,440,950,31,30,58,358,318,681,22,23,49,414,377,785,22,26,40,342,316,659,28,15,38,386,357,741,27,32,64,375,330,702,32,23,52,436,389,818,25,36,63,387,338,730,24,26,52,440,404,844,16,22,43,315,290,604,29,23,58,365,339,697,7,10,13,299,260,555,21,17,42,322,289,611,23,15,34,595,714,1312,41,65,104,661,794,1457,569,549,1122,5255,4985,10240,357,357,715,6183,5889,12075
1022,42,42,82,499,500,1005,29,28,58,568,570,1138,52,39,90,651,615,1267,49,31,78,751,688,1431,56,40,91,730,629,1355,33,34,65,816,702,1514,39,48,84,675,646,1313,36,48,82,739,739,1483,29,30,57,497,498,995,43,37,78,572,562,1137,16,16,32,433,456,891,33,29,60,478,506,990,10,22,31,454,470,927,36,36,71,503,527,1027,22,24,43,488,577,1058,36,30,72,547,627,1172,22,22,47,682,756,1435,42,41,85,754,816,1571,14,15,32,702,772,1479,48,48,98,766,842,1604,10,27,34,806,846,1651,61,60,123,873,931,1806,18,24,41,845,924,1773,60,53,113,931,1000,1929,20,13,33,825,961,1783,52,68,127,894,1040,1936,30,25,57,3366,3736,7101,369,471,840,3765,4235,8001,379,381,755,11658,12383,24042,926,1020,1946,12961,13785,26748
1023,1323,1202,2521,13336,12381,25721,560,556,1112,15217,14141,29356,1280,1197,2474,13474,12617,26094,592,545,1136,15342,14363,29707,1240,1143,2384,12332,11752,24081,479,490,966,14049,13388,27437,1076,1051,2129,12854,12035,24888,557,495,1052,14488,13579,28066,1037,961,1996,14312,14114,28428,665,641,1308,16010,15718,31734,764,795,1559,13681,13959,27639,792,684,1475,15243,15435,30674,640,675,1307,13781,14073,27857,670,635,1309,15086,15380,30469,580,515,1094,12789,13273,26066,585,522,1101,13950,14313,28264,535,583,1124,13415,14090,27501,631,570,1202,14581,15246,29833,520,577,1098,13557,14041,27601,710,599,1313,14790,15222,30012,462,527,992,13272,14164,27428,703,601,1311,14440,15289,29730,357,448,800,13496,14291,27783,663,658,1322,14511,15397,29905,303,314,616,12297,13103,25400,599,564,1166,13198,13984,27184,433,543,977,34118,41496,75617,1749,2343,4093,36301,44382,80690,10536,10539,21072,206710,215395,422107,9964,9910,19872,227212,235842,463052
1024,188,181,371,886,869,1759,82,64,144,1159,1121,2272,164,193,354,934,931,1866,79,69,154,1175,1199,2373,140,153,294,915,844,1762,81,71,154,1140,1071,2210,154,126,278,883,852,1736,74,72,147,1110,1052,2164,151,122,277,983,875,1859,107,99,205,1242,1096,2339,119,86,203,997,891,1890,100,85,184,1217,1061,2277,93,86,178,938,920,1858,78,68,146,1111,1075,2187,76,55,132,862,828,1687,88,71,156,1031,954,1978,71,69,147,889,899,1792,67,54,120,1026,1028,2054,72,88,161,895,986,1877,72,93,160,1033,1165,2194,53,61,113,957,935,1895,65,54,124,1076,1054,2133,45,52,96,1018,1091,2107,75,74,145,1135,1220,2349,43,51,94,950,1061,2013,70,81,150,1067,1194,2257,77,85,155,2981,3318,6294,250,298,549,3308,3694,6999,1448,1413,2862,15092,15308,30403,1285,1255,2534,17823,17970,35795
1025,198,154,349,1244,1165,2411,68,68,139,1514,1387,2901,177,143,324,1224,1181,2406,89,66,154,1488,1394,2888,139,130,270,1089,968,2056,77,48,124,1309,1143,2452,150,142,285,1047,1016,2062,80,73,157,1275,1229,2506,106,116,220,877,987,1862,70,80,149,1047,1186,2233,89,94,186,1061,1184,2244,74,77,145,1227,1351,2579,52,75,126,1109,1250,2365,96,89,180,1259,1411,2669,52,81,130,1043,1100,2140,74,77,146,1171,1252,2419,72,63,138,1094,1100,2192,92,69,159,1261,1235,2498,62,82,146,1021,1123,2146,77,87,163,1158,1289,2448,49,62,110,974,1060,2030,76,68,144,1096,1193,2291,37,34,77,1004,1092,2091,78,70,152,1121,1196,2317,22,26,50,920,967,1882,60,59,119,1005,1054,2056,39,56,89,2613,3323,5938,199,263,460,2843,3640,6490,1256,1255,2511,16316,17517,33837,1201,1193,2393,18777,19961,38741
1026,79,74,154,284,270,557,23,20,44,386,365,753,65,73,139,314,322,636,29,33,61,408,424,834,73,41,112,281,275,555,19,22,42,365,338,708,63,63,130,282,302,584,32,27,64,376,394,777,54,46,100,245,252,493,33,24,55,327,323,648,36,33,67,268,230,501,21,20,40,330,283,609,33,34,64,257,299,565,23,24,49,310,360,671,21,25,43,241,270,512,18,22,42,277,313,593,16,32,49,244,268,514,27,24,49,287,321,614,22,23,39,277,292,577,22,25,50,319,343,661,25,26,46,280,293,571,32,34,67,338,346,686,16,30,48,295,306,606,32,20,51,352,348,699,12,16,29,266,292,551,18,28,46,299,333,629,15,27,46,794,1013,1806,98,147,249,908,1187,2096,531,537,1069,4339,4676,9019,434,465,899,5298,5676,10977
1027,89,114,209,996,972,1960,60,59,113,1143,1145,2285,117,102,219,1242,1115,2352,49,42,93,1406,1263,2667,112,99,211,1177,1131,2302,54,56,113,1337,1284,2623,99,103,204,1113,1105,2211,69,62,127,1275,1270,2544,64,81,145,812,829,1643,45,57,102,923,970,1889,67,55,123,893,959,1852,68,78,139,1028,1091,2113,45,49,89,906,1039,1941,77,50,120,1021,1135,2157,33,43,79,968,1072,2034,35,61,98,1040,1172,2213,49,46,96,1147,1259,2412,70,48,123,1266,1358,2626,42,51,94,1186,1372,2561,65,78,141,1288,1500,2792,34,48,86,1221,1396,2614,83,83,169,1340,1528,2869,31,30,64,1308,1533,2843,90,68,158,1433,1631,3066,34,31,63,1221,1463,2691,92,88,177,1347,1587,2934,41,50,91,5164,6420,11585,407,508,915,5622,6979,12593,860,916,1776,19342,21666,41008,1271,1320,2595,21473,23907,45379
1028,59,67,124,509,483,983,22,31,49,586,573,1161,52,72,124,501,506,1005,44,40,82,592,621,1213,59,55,112,467,431,898,39,32,65,564,517,1075,41,58,96,598,455,1050,42,17,58,676,526,1204,54,34,86,566,436,999,30,24,48,642,492,1143,38,38,78,552,481,1032,33,29,65,628,549,1176,27,27,58,472,475,947,37,41,76,537,541,1075,20,28,43,468,449,919,33,32,63,523,506,1032,18,23,43,481,538,1019,29,34,65,531,592,1127,31,31,62,512,515,1024,27,28,56,569,577,1149,23,21,44,513,469,979,34,26,60,569,510,1080,32,26,53,442,410,847,33,27,60,503,459,961,9,21,27,343,346,687,25,24,46,371,393,764,20,22,44,809,953,1755,49,92,138,876,1059,1943,483,516,994,7219,6935,14153,476,463,939,8177,7916,16089
1029,68,76,138,362,353,714,14,12,32,448,444,890,67,70,137,426,398,825,24,15,45,515,484,1001,72,56,129,431,405,834,21,27,47,517,487,1002,62,67,123,387,379,768,36,31,65,481,476,959,42,37,80,316,301,613,20,28,42,375,365,742,45,31,75,293,340,638,33,15,45,369,388,762,28,28,60,313,342,656,22,23,37,360,393,757,12,26,39,384,412,789,27,19,44,419,454,877,25,21,53,400,478,877,34,24,57,460,525,990,19,31,43,441,483,915,34,37,72,492,549,1039,18,28,40,494,548,1038,29,33,68,542,604,1148,12,24,37,590,625,1218,39,33,74,645,687,1333,30,12,44,608,698,1302,34,35,66,665,741,1413,23,36,59,2320,2563,4882,154,196,353,2502,2799,5302,516,541,1063,7766,8319,16086,516,532,1046,8801,9393,18197
1030,3172,2886,6055,137193,130644,267834,7071,6794,13865,147433,140325,287758,3172,2956,6124,136503,129545,266050,6379,6162,12543,146055,138664,284714,3086,2817,5899,123773,116642,240412,5576,5177,10759,132437,124642,257076,2956,2773,5729,126859,120534,247392,6376,5719,12103,136193,129026,265224,2722,2673,5394,149311,146269,295583,9654,9220,18881,161690,158158,319848,2121,2198,4313,164200,169172,333368,11987,11869,23863,178309,183237,361549,1681,1913,3598,169946,175496,345447,11818,11158,22973,183446,188568,372010,1456,1621,3073,155364,156870,312232,9723,8998,18721,166544,167489,334031,1553,1805,3356,145727,150800,296530,8480,7787,16269,155755,160398,316152,1458,1717,3178,135185,143124,278314,7764,7230,14991,144412,152079,296488,1290,1409,2695,129764,133697,263462,7399,6900,14304,138449,142005,280453,1065,1159,2231,117076,123771,240845,6627,6418,13040,124763,131351,256117,770,916,1687,99166,106783,205945,5674,5734,11412,105617,113437,219046,1282,1512,2793,254844,302667,557509,16176,19856,36030,272303,324031,596337,27773,28355,56129,2044909,2106021,4150927,120713,119030,239749,2193398,2253408,4446805
1031,362,306,664,1010,1002,2013,103,102,206,1475,1413,2881,311,277,589,1062,999,2059,93,73,168,1461,1349,2816,249,270,521,1038,989,2032,89,85,169,1379,1346,2720,234,247,480,1057,930,1988,87,86,173,1379,1261,2637,180,215,401,990,953,1943,96,99,195,1267,1266,2535,158,153,312,1138,1221,2361,114,101,212,1402,1471,2879,148,155,305,1088,1083,2169,103,88,188,1333,1326,2666,92,108,203,921,1040,1966,77,81,160,1097,1232,2328,103,133,238,978,995,1975,100,84,187,1180,1211,2394,115,120,235,1007,1099,2107,72,87,167,1190,1309,2501,91,100,190,990,1139,2126,77,78,151,1155,1316,2475,76,92,169,1025,1170,2194,89,102,195,1187,1365,2554,65,71,131,992,1037,2033,88,87,172,1147,1188,2336,92,118,213,2815,3689,6506,242,335,577,3151,4139,7294,2271,2366,4640,16099,17348,33446,1435,1484,2920,19809,21197,41006
1032,166,143,309,556,497,1050,58,41,95,776,684,1459,176,147,317,594,570,1169,46,53,96,812,769,1584,160,139,297,595,618,1213,31,30,62,786,789,1577,133,119,250,646,608,1253,42,43,86,818,768,1583,95,99,190,509,554,1061,43,43,89,648,692,1343,68,86,157,473,527,1002,31,30,60,576,649,1225,52,77,125,492,520,1006,29,34,67,572,629,1204,37,48,88,472,516,991,31,31,62,546,592,1134,56,73,127,540,615,1158,33,40,76,634,722,1358,33,74,105,639,715,1355,42,49,84,714,831,1547,40,50,95,700,761,1462,58,59,110,797,871,1663,47,65,113,776,869,1641,62,52,117,888,987,1871,28,41,65,711,835,1545,52,54,107,792,927,1722,56,54,109,2719,3187,5907,244,326,571,3012,3573,6588,1151,1201,2358,10416,11394,21813,797,886,1680,12367,13485,25852
1033,32,33,68,334,280,614,22,11,32,385,325,708,35,39,70,353,345,698,26,29,55,416,404,824,27,36,62,367,352,721,22,18,41,421,403,822,31,28,52,327,341,666,22,23,44,379,389,765,12,10,28,235,174,418,15,11,28,267,201,467,10,10,18,232,244,479,10,16,25,252,272,527,16,14,29,269,302,577,14,26,38,306,343,646,15,12,29,282,291,577,22,14,40,316,319,639,16,20,32,357,380,737,25,23,46,394,415,807,6,16,19,370,420,789,23,20,44,395,453,851,14,17,25,416,475,895,29,38,60,456,524,987,20,13,27,488,598,1084,27,42,71,535,655,1184,13,14,21,568,651,1219,39,51,87,623,709,1330,20,16,37,2070,2319,4381,145,165,303,2232,2491,4722,259,262,515,6682,7169,13854,431,472,905,7368,7905,15278
1034,214,206,424,1648,1444,3091,88,74,159,1952,1731,3680,197,242,434,1607,1565,3175,75,70,153,1880,1876,3757,202,182,385,1534,1452,2983,78,73,148,1816,1707,3524,180,172,352,1670,1567,3235,114,84,198,1960,1833,3786,143,174,314,1819,2022,3838,131,124,257,2092,2317,4410,103,114,216,1694,1772,3465,109,97,202,1905,1986,3888,83,111,189,1596,1698,3291,114,82,189,1792,1888,3679,73,80,156,1419,1517,2938,94,83,175,1585,1684,3272,70,94,166,1459,1500,2954,84,80,169,1613,1676,3288,67,83,153,1436,1532,2966,97,78,170,1600,1687,3283,50,70,124,1391,1511,2903,87,64,155,1534,1651,3183,50,55,104,1407,1583,2995,92,68,163,1551,1704,3258,44,32,75,1278,1393,2671,84,91,178,1407,1520,2928,58,68,121,3431,4402,7832,220,308,528,3703,4783,8482,1521,1698,3217,23387,24961,48352,1470,1377,2848,26380,28035,54411
1035,471,458,926,7894,7462,15362,414,381,797,8779,8298,17078,474,506,978,8435,7949,16384,369,322,689,9275,8777,18054,488,442,928,7964,7683,15647,370,331,705,8823,8455,17276,468,484,954,8625,8145,16775,374,387,762,9469,9025,18495,381,362,743,9743,8987,18727,538,487,1022,10657,9835,20492,293,301,602,8200,8084,16282,485,421,903,8976,8807,17787,249,231,481,7872,8248,16120,456,422,877,8572,8904,17479,191,210,400,7889,8136,16025,391,338,733,8472,8689,17160,216,216,435,8530,9018,17547,418,394,813,9166,9626,18793,179,222,407,8328,8826,17157,436,397,835,8948,9447,18397,172,231,405,8812,8987,17801,472,416,895,9454,9643,19095,144,190,329,8465,8893,17357,482,437,923,9090,9519,18608,113,119,229,7267,8029,15291,417,405,827,7800,8551,16346,175,219,398,21571,25334,46907,1452,1861,3315,23200,27418,50618,4008,4203,8213,129605,133787,263392,7072,7007,14081,140690,144995,285678
2000,558,502,1060,16572,15530,32097,1300,1239,2536,18430,17268,35696,575,533,1109,19424,18142,37569,1577,1475,3051,21572,20155,41728,516,557,1074,19294,18545,37836,1557,1505,3066,21368,20607,41976,483,506,987,18977,17154,36132,1452,1376,2826,20912,19036,39948,346,284,637,14672,12854,27527,1235,1116,2345,16255,14256,30512,294,310,605,13595,13273,26874,1201,1068,2267,15096,14648,29741,254,239,496,14254,15192,29449,1166,1234,2404,15674,16673,32347,228,232,457,15468,16183,31655,1217,1272,2492,16916,17687,34601,254,242,493,18653,19547,38200,1512,1521,3031,20419,21312,41733,287,288,578,21116,22008,43129,1777,1654,3430,23176,23956,47133,298,263,565,23155,23800,46959,1946,1878,3816,25395,25944,51337,268,258,526,24900,25087,49990,2050,1989,4039,27215,27333,54545,205,186,389,24986,24744,49732,2198,2047,4250,27390,26981,54365,353,345,698,68849,70590,139443,6451,6818,13267,75654,77754,153411,4923,4747,9665,313913,312663,626578,26637,26198,52831,345471,343603,689078
2001,12,20,31,711,607,1319,24,36,57,750,658,1407,15,28,40,711,724,1431,25,28,53,752,773,1529,22,17,37,626,608,1229,31,41,65,672,659,1332,15,10,28,644,609,1259,28,31,58,692,651,1342,13,10,21,582,550,1131,34,29,60,625,582,1208,10,6,21,569,593,1163,33,33,65,609,632,1247,9,4,12,585,630,1210,35,28,58,621,658,1286,6,10,16,620,664,1287,40,42,79,664,711,1376,8,5,10,618,700,1319,38,36,75,668,739,1407,14,4,13,698,720,1413,39,34,70,745,756,1496,9,3,12,586,630,1214,40,36,73,632,673,1302,4,5,11,549,615,1165,32,39,73,588,660,1248,4,3,7,514,545,1057,37,22,63,557,576,1128,0,4,3,1263,1525,2786,107,130,242,1374,1662,3032,129,129,264,9271,9715,18982,545,555,1101,9944,10407,20345
2002,35,41,70,362,378,744,40,53,87,438,469,903,41,31,73,357,362,721,39,38,78,433,438,870,26,32,62,367,346,714,38,32,66,429,417,850,20,28,51,368,350,719,38,32,67,428,409,838,20,22,51,324,359,683,48,44,93,390,425,822,25,16,36,346,369,717,40,43,79,411,426,838,19,15,30,342,345,687,42,33,80,401,394,791,9,14,19,299,344,649,21,29,48,333,386,720,16,12,22,342,355,701,43,36,74,396,400,797,15,19,33,341,429,767,35,34,66,383,479,861,15,10,27,342,455,797,34,45,77,389,507,901,8,12,17,402,458,863,39,52,93,448,522,969,3,5,11,393,457,852,37,45,84,431,510,945,10,11,23,1413,1779,3193,171,241,412,1588,2033,3625,258,274,530,5999,6796,12794,652,755,1404,6905,7819,14728
2003,93,92,188,3112,2860,5969,189,173,366,3392,3127,6519,93,91,180,3054,2975,6027,166,167,330,3307,3227,6539,83,85,166,2861,2709,5564,157,148,298,3093,2936,6033,74,80,160,3069,2920,5987,169,194,363,3311,3191,6504,74,85,156,3391,3463,6853,250,232,478,3709,3783,7489,49,56,99,3061,3143,6208,202,197,404,3314,3401,6708,38,49,87,2826,2983,5812,192,198,386,3057,3224,6280,19,45,65,2668,2918,5588,163,165,328,2851,3129,5981,37,42,77,2722,3030,5756,178,174,347,2933,3248,6179,23,43,70,2742,3123,5858,163,187,350,2927,3351,6278,25,31,54,2823,3121,5943,180,170,349,3031,3318,6351,23,21,46,2655,3013,5666,157,195,358,2833,3233,6063,18,16,36,2509,2841,5350,153,190,337,2679,3049,5726,29,33,63,6898,8987,15883,577,704,1286,7503,9726,17231,668,772,1443,44382,48078,92466,2887,3089,5974,47944,51943,99885
2004,134,120,256,2829,2710,5541,194,183,376,3157,3015,6170,111,92,201,2950,2679,5628,198,172,371,3259,2948,6208,90,79,170,2666,2571,5229,202,158,359,2955,2802,5757,84,96,178,2757,2721,5483,175,185,362,3016,3002,6023,87,85,171,3108,3284,6395,202,202,407,3395,3572,6970,68,73,140,2775,3047,5827,177,193,374,3021,3315,6345,42,47,90,2737,2859,5595,199,195,396,2976,3099,6074,36,36,73,2435,2681,5119,160,174,336,2637,2891,5527,30,41,77,2534,2780,5314,163,165,324,2724,2993,5718,42,46,86,2573,2758,5331,184,178,358,2796,2979,5773,29,36,62,2510,2834,5341,180,187,370,2711,3058,5777,33,28,60,2540,2945,5489,199,174,374,2772,3143,5915,13,24,44,2441,2657,5098,158,189,344,2617,2875,5491,26,37,67,6837,8474,15314,558,697,1255,7428,9211,16635,825,847,1669,41694,45009,86701,2944,3061,6009,45463,48916,94378
2005,16,9,24,363,316,681,15,25,37,394,352,744,11,0,12,388,322,705,14,15,28,417,338,751,12,9,18,336,330,664,23,13,36,371,353,718,8,7,9,345,316,662,25,17,43,374,345,713,5,3,8,357,332,692,27,27,47,391,363,745,3,5,9,379,326,704,33,24,53,414,356,767,3,3,5,314,304,617,24,10,39,344,323,666,5,5,14,317,284,604,14,14,29,339,300,644,3,13,13,327,305,628,16,14,31,352,328,673,4,5,9,343,381,726,24,22,52,374,405,780,4,0,3,324,367,690,22,24,43,351,389,735,3,3,6,349,411,756,26,27,51,376,437,818,0,4,0,345,385,735,20,28,51,370,417,790,3,4,14,1046,1411,2458,94,128,222,1142,1549,2698,73,73,152,5535,5786,11318,387,393,779,5995,6258,12250
2006,27,28,63,506,499,1010,39,47,85,579,575,1157,42,42,83,527,541,1066,46,40,88,617,624,1242,34,39,72,565,537,1103,35,39,82,638,611,1252,30,37,60,582,529,1105,21,36,60,624,601,1223,27,27,55,396,403,808,41,39,75,460,474,937,23,22,44,420,530,947,27,49,78,470,597,1066,18,17,34,486,504,994,33,45,79,532,572,1107,13,17,29,407,479,885,34,34,68,460,521,983,17,22,37,547,576,1126,45,33,77,610,630,1238,14,21,35,572,628,1203,37,29,65,622,679,1302,9,19,29,551,612,1156,34,45,75,591,668,1261,15,20,34,604,671,1267,44,45,87,657,735,1390,17,14,28,576,639,1215,47,41,87,636,694,1332,14,30,45,2114,2411,4525,175,195,367,2302,2633,4934,301,338,641,8857,9552,18408,653,721,1374,9816,10611,20424
2007,147,151,302,7477,6934,14414,415,380,798,8040,7466,15507,141,147,288,7385,7168,14558,374,389,759,7903,7703,15604,133,145,274,7135,6663,13802,382,333,720,7652,7138,14794,138,143,279,7278,7050,14330,380,366,743,7795,7552,15347,110,103,214,7707,7340,15047,468,466,927,8284,7907,16188,76,76,151,7164,7357,14522,446,443,883,7688,7870,15555,71,83,146,7211,7685,14892,399,401,802,7681,8168,15846,71,73,142,6985,7310,14295,364,339,695,7421,7713,15138,63,79,139,7542,8074,15615,432,399,829,8031,8552,16580,75,60,140,7249,7921,15173,457,423,879,7784,8401,16187,61,64,124,7064,7831,14899,392,434,827,7510,8328,15845,40,44,87,6912,7726,14645,412,429,840,7364,8197,15565,45,47,89,6574,7187,13762,403,431,832,7017,7660,14677,47,60,108,18426,22789,41208,1430,1866,3295,19904,24713,44617,1212,1267,2477,112118,119021,231137,6747,7085,13840,120081,127382,247459
2008,11,5,15,650,606,1256,37,33,63,693,642,1332,5,10,17,774,713,1491,43,32,69,823,751,1573,8,5,15,779,674,1452,35,25,63,825,707,1531,3,3,7,658,614,1275,27,29,55,688,642,1334,0,4,3,466,450,913,21,15,45,490,467,961,7,0,4,344,370,713,17,15,39,365,390,753,0,3,3,441,531,974,25,28,53,463,559,1028,5,8,9,543,620,1161,42,32,75,592,655,1248,6,5,8,703,795,1493,37,31,70,746,830,1580,3,4,7,747,801,1547,38,41,79,785,846,1635,3,3,4,683,752,1431,36,35,70,717,785,1504,0,0,0,668,660,1329,38,39,75,709,697,1408,3,6,6,548,596,1145,35,23,54,580,628,1205,4,4,10,1421,1445,2873,102,145,246,1535,1592,3125,56,52,107,9425,9624,19049,530,522,1053,10017,10202,20218
2009,23,24,44,505,438,947,22,16,37,555,480,1035,15,23,35,509,492,1002,26,20,40,550,532,1079,14,19,32,479,401,878,24,28,49,511,442,955,10,13,27,455,427,882,24,24,53,495,472,961,3,8,9,443,475,920,23,28,49,467,510,980,9,12,20,482,481,961,32,26,57,520,513,1040,14,9,21,414,481,895,27,20,49,458,514,968,5,4,13,378,418,800,26,16,51,414,447,859,4,10,11,396,474,873,15,28,47,422,510,931,4,7,13,439,450,892,28,17,44,471,477,949,4,7,11,457,520,974,27,26,52,493,548,1039,4,4,16,471,539,1008,26,31,55,507,568,1079,3,6,8,454,495,942,32,50,78,482,549,1034,4,5,7,1364,1768,3132,99,120,214,1464,1890,3354,120,153,275,7248,7853,15104,435,445,873,7806,8448,16250
2010,1120,1127,2248,133274,126316,259592,7134,6791,13921,141530,134228,275764,1097,1123,2221,129087,122789,251879,6408,5928,12336,136593,129842,266434,1115,996,2119,118013,112099,230108,5477,5212,10696,124611,118313,242921,1066,1040,2105,124155,120237,244389,6116,5951,12059,131334,127227,258561,1105,1086,2195,153397,150394,303794,9139,8899,18037,163639,160384,324024,942,938,1873,162150,167072,329216,10813,11053,21870,173900,179060,352960,785,726,1511,164567,170593,335151,10662,10417,21073,176012,181730,357742,635,645,1282,147350,149500,296853,8687,8099,16792,156683,158242,314928,679,684,1365,139198,146414,285612,7912,7561,15473,147784,154655,302444,692,655,1350,135133,144744,279881,7481,7298,14773,143304,152700,296005,479,594,1072,123782,130111,253894,7160,6678,13835,131419,137382,268803,406,417,823,111698,119716,231413,6477,6498,12976,118583,126630,245212,334,369,706,95133,103978,199111,5637,5782,11420,101103,110134,211238,476,626,1103,255126,310155,565285,17463,22196,39660,273069,332978,606044,10944,11022,21969,1992057,2074126,4066179,116559,118363,234925,2119559,2203512,4323072
2011,53,70,124,2430,2373,4803,181,183,370,2669,2626,5293,63,56,122,2194,2215,4411,162,169,338,2423,2446,4869,49,41,98,1864,1728,3594,127,124,253,2050,1893,3939,47,50,104,1758,1642,3400,99,100,201,1909,1793,3700,36,43,73,1787,1830,3616,128,144,276,1955,2007,3965,30,52,84,2002,2239,4242,140,156,299,2177,2444,4623,24,33,58,2161,2402,4564,154,165,320,2345,2599,4944,27,31,52,2072,2098,4169,128,130,255,2228,2255,4483,21,21,49,1879,1904,3788,134,113,246,2034,2041,4078,20,31,44,1646,1760,3410,116,113,225,1782,1906,3685,15,20,35,1537,1546,3084,105,116,217,1652,1683,3333,14,20,31,1403,1599,3001,85,91,182,1505,1706,3208,9,9,17,1401,1615,3016,116,115,232,1521,1746,3270,17,17,29,2914,3113,6025,196,248,446,3130,3378,6507,432,492,919,27054,28057,55112,1888,1970,3852,29371,30523,59887
2012,177,155,327,1325,1299,2627,105,117,221,1602,1565,3170,165,141,309,1428,1329,2764,134,84,213,1733,1552,3287,143,126,270,1333,1337,2667,105,103,205,1576,1564,3137,131,108,236,1445,1337,2785,136,113,251,1713,1563,3271,97,115,207,1233,1284,2521,134,114,248,1459,1519,2975,82,129,209,1348,1371,2721,147,118,263,1576,1622,3198,54,88,143,1239,1313,2558,125,118,238,1416,1515,2937,57,72,131,1143,1233,2378,86,81,170,1290,1390,2679,61,67,123,1302,1422,2730,118,107,229,1481,1601,3087,50,85,135,1404,1518,2923,136,122,257,1586,1728,3310,41,74,121,1393,1474,2862,138,105,238,1576,1648,3227,45,53,97,1467,1535,3007,144,143,285,1659,1730,3388,30,27,52,1387,1369,2753,136,128,259,1550,1522,3069,36,58,98,3923,4560,8481,428,506,932,4382,5130,9515,1157,1300,2458,21375,22393,43770,2063,1951,4015,24594,25645,50239
2013,27,21,48,377,408,791,24,27,54,433,463,894,13,13,26,419,395,817,37,26,63,477,435,905,11,9,24,417,422,843,38,34,66,464,463,928,10,12,22,487,422,906,29,29,64,532,460,990,15,13,28,496,503,1000,39,43,75,552,555,1104,14,8,25,403,456,858,30,36,68,449,502,950,10,3,14,402,452,850,38,30,73,450,486,941,7,7,18,378,376,758,29,33,55,412,418,828,3,8,11,417,449,867,29,22,48,451,474,924,6,14,20,429,494,925,42,34,73,480,532,1016,10,8,22,512,527,1031,31,42,75,551,571,1124,3,3,4,534,530,1066,39,37,74,578,570,1144,10,7,13,535,575,1111,40,47,85,580,628,1208,7,12,14,1475,1794,3263,145,169,308,1627,1969,3587,152,132,287,7280,7807,15087,594,584,1180,8022,8527,16551
2014,23,25,45,246,268,517,21,22,47,292,316,608,20,15,38,255,236,493,19,21,38,295,273,568,15,15,38,289,262,552,32,22,50,341,301,637,22,13,34,319,280,596,18,28,44,353,319,678,11,8,25,259,234,494,29,22,54,305,265,572,9,4,9,205,221,426,16,21,36,233,243,473,7,8,15,244,269,514,9,17,33,264,296,565,3,9,12,255,272,522,18,21,32,278,301,573,10,5,17,293,320,616,26,23,52,323,356,676,3,3,3,327,321,646,32,22,51,357,346,700,8,5,14,398,378,772,26,29,52,429,408,836,7,4,9,373,410,778,27,31,61,405,446,853,5,6,12,358,380,741,26,32,61,386,420,808,4,10,11,963,1062,2025,107,109,212,1066,1183,2254,138,144,284,4780,4911,9691,408,416,828,5325,5473,10800
2015,12,18,30,447,419,867,33,35,73,498,468,964,13,20,33,462,400,868,38,34,71,516,454,969,15,16,24,403,397,799,20,21,46,433,431,866,13,8,28,432,406,836,22,14,38,472,427,901,11,13,25,382,345,724,29,28,56,423,385,808,7,7,12,370,443,819,38,28,70,414,480,897,3,10,19,433,431,870,33,35,67,467,481,952,3,4,9,381,396,781,39,19,62,426,424,851,6,6,13,373,445,820,35,31,62,413,480,888,7,11,16,377,476,852,25,37,68,407,523,936,7,3,10,417,466,879,39,41,82,462,509,968,0,17,17,401,489,894,37,39,73,438,544,980,3,0,3,391,415,807,36,35,73,429,454,876,3,5,11,1129,1432,2563,111,100,211,1241,1536,2776,103,134,233,6405,6963,13364,536,507,1048,7041,7602,14646
2016,113,106,219,1469,1422,2897,137,127,263,1718,1650,3373,126,126,254,1546,1439,2987,104,111,220,1778,1681,3457,110,108,214,1453,1316,2767,118,89,205,1680,1512,3190,107,96,204,1528,1424,2952,101,120,212,1730,1639,3374,83,72,157,1281,1296,2578,97,99,193,1455,1477,2934,57,57,120,1394,1463,2860,131,135,261,1583,1650,3236,41,63,100,1383,1461,2843,127,120,247,1550,1645,3192,30,57,92,1254,1342,2596,103,112,221,1397,1511,2906,48,68,117,1363,1423,2782,114,106,222,1525,1589,3115,43,54,96,1425,1463,2887,120,111,229,1587,1629,3216,46,47,89,1362,1471,2832,138,130,267,1545,1643,3186,27,39,68,1371,1407,2775,116,114,229,1512,1556,3073,24,36,64,1165,1312,2482,110,126,230,1302,1471,2774,56,56,118,3521,4126,7644,377,502,879,3955,4681,8641,924,981,1906,21522,22364,43885,1889,1993,3881,24328,25342,49672
2017,26,32,66,328,301,627,38,31,76,391,370,762,31,30,59,282,266,547,33,34,65,342,328,668,25,19,43,266,252,521,34,31,63,324,304,631,12,20,32,306,292,601,25,43,67,346,354,702,22,15,38,285,287,576,37,27,61,344,333,676,15,22,39,333,307,634,39,34,73,382,359,748,10,8,16,291,312,603,29,23,51,328,347,669,6,10,17,256,294,545,31,41,72,301,339,637,10,7,16,285,275,555,25,19,50,318,301,622,4,9,11,274,283,565,36,37,75,315,333,647,3,9,15,301,294,597,31,24,61,338,333,667,4,4,8,284,299,583,33,32,65,325,337,660,0,6,8,265,273,531,24,30,54,289,305,597,10,18,28,841,1091,1930,123,142,267,967,1254,2219,180,211,395,4590,4834,9428,533,554,1085,5307,5596,10905
2018,50,59,111,1190,1066,2258,98,83,183,1340,1212,2550,50,42,95,1193,1127,2317,91,86,177,1325,1252,2582,31,43,70,1158,1058,2218,86,74,161,1270,1178,2450,35,33,67,1082,1014,2099,96,93,183,1213,1133,2348,34,24,56,1131,1210,2342,103,108,213,1274,1344,2615,17,34,51,1206,1260,2463,97,133,230,1317,1421,2740,22,19,40,1125,1279,2404,98,114,209,1244,1410,2650,14,22,33,1063,1104,2162,78,85,158,1151,1204,2354,15,18,33,1020,1132,2155,84,92,172,1117,1239,2355,13,20,27,1185,1156,2341,108,90,203,1304,1270,2572,13,19,33,1155,1270,2424,85,114,197,1251,1408,2656,10,8,16,1178,1306,2481,120,97,220,1315,1412,2724,9,6,17,1100,1118,2221,103,98,205,1212,1226,2440,13,16,33,3014,3693,6707,341,469,812,3370,4185,7551,309,359,675,17800,18801,36597,1598,1731,3324,19709,20891,40601
2019,17,26,42,496,460,957,23,23,47,536,507,1045,12,16,34,554,514,1070,37,28,63,606,562,1164,22,21,37,537,522,1056,21,29,52,583,568,1147,15,12,28,492,508,997,35,35,66,542,554,1094,17,14,33,423,441,866,28,31,63,470,487,959,10,4,21,412,478,892,31,17,54,460,507,962,8,10,17,455,497,954,19,23,42,484,525,1012,11,8,14,440,525,964,19,21,46,470,559,1026,9,3,13,500,529,1031,35,26,59,548,562,1108,3,5,9,521,568,1091,38,31,69,558,603,1164,8,7,13,534,585,1118,28,37,66,571,633,1198,9,3,10,521,621,1144,38,39,74,566,667,1228,3,3,5,526,584,1117,25,35,62,555,629,1186,8,8,12,1672,2336,4014,158,224,386,1838,2568,4411,142,151,295,8099,9167,17273,548,602,1152,8791,9922,18710
2020,32,22,51,1001,1022,2021,56,70,128,1086,1114,2204,31,30,55,1157,1108,2266,70,72,146,1255,1212,2461,24,19,46,981,996,1980,53,62,116,1061,1075,2137,27,24,52,1045,1011,2056,46,50,93,1120,1080,2197,14,12,26,884,865,1751,60,63,127,961,935,1898,4,16,22,922,981,1904,45,52,100,977,1053,2025,12,9,18,920,979,1898,66,45,110,989,1033,2020,7,11,23,793,929,1728,49,72,125,857,1018,1871,11,9,19,885,971,1854,65,60,123,962,1045,2003,11,9,17,983,1151,2136,79,87,167,1076,1239,2314,8,3,13,1009,1128,2136,67,70,138,1089,1200,2288,13,14,19,1027,1126,2158,61,81,142,1098,1221,2317,4,15,11,946,1053,2006,63,71,132,1016,1141,2154,8,8,20,3011,3495,6501,257,286,542,3276,3790,7070,197,201,398,15570,16818,32390,1048,1137,2183,16812,18153,34970
2021,39,39,77,930,864,1791,62,50,112,1032,952,1983,36,28,65,1007,967,1974,62,54,116,1107,1045,2150,30,30,65,938,932,1867,77,53,130,1042,1013,2062,24,30,54,1031,1015,2051,80,77,151,1139,1119,2263,31,29,62,1045,983,2030,84,65,153,1169,1072,2240,29,24,49,997,991,1991,61,71,136,1087,1085,2171,14,15,29,850,935,1789,56,63,117,928,1013,1941,11,14,24,838,943,1790,53,60,111,908,1014,1926,20,15,35,907,978,1889,58,67,126,987,1064,2048,12,15,28,966,1109,2077,87,85,176,1074,1208,2280,6,14,18,958,1126,2084,68,67,137,1035,1205,2237,5,8,18,927,1119,2049,71,84,156,1003,1220,2218,8,4,9,940,986,1925,82,72,149,1025,1061,2088,10,6,19,2564,3245,5807,238,351,593,2817,3603,6419,294,265,558,14909,16197,31104,1146,1219,2358,16341,17675,34021
3000,3814,3561,7370,17828,16597,34423,1909,1760,3666,23544,21917,45463,4139,3936,8072,20735,19155,39890,2101,1982,4081,26973,25065,52038,3786,3645,7431,19889,18550,38437,2000,1829,3827,25672,24025,49699,3228,3004,6235,17823,16242,34069,1803,1690,3487,22854,20935,43787,2723,2556,5282,15160,14452,29610,1946,1764,3711,19831,18773,38601,2198,2170,4369,16001,16119,32121,2340,1932,4265,20530,20222,40753,1914,1971,3884,17102,17913,35019,2283,1846,4136,21301,21737,43041,1800,1846,3644,17239,17536,34771,2146,1697,3845,21185,21077,42266,1844,1904,3740,20026,20431,40453,2462,2061,4524,24327,24395,48718,1843,1897,3740,21952,21866,43819,2553,2174,4727,26353,25931,52284,1650,1687,3338,23624,23476,47103,2808,2313,5127,28081,27484,55562,1359,1483,2833,24601,23990,48587,2795,2341,5135,28752,27810,56556,1017,1108,2124,23934,22379,46312,2558,2136,4691,27512,25620,53131,1559,1730,3293,62743,57579,120321,6557,6064,12620,70860,65379,136238,32874,32483,65359,318652,306300,624952,36257,31579,67837,387785,370362,758150
3001,3027,2975,5999,66829,63326,130162,3702,3534,7232,73558,69839,143394,3018,2933,5958,69606,66116,135723,3531,3359,6884,76156,72405,148565,2957,2703,5660,64565,60983,125543,3030,2993,6020,70556,66675,137231,2807,2725,5532,65917,63816,129725,3261,3229,6486,71987,69764,141749,2508,2506,5018,76104,75931,152041,4792,4758,9552,83409,83197,166604,1885,1974,3858,75248,77568,152823,5034,5138,10179,82172,84680,166857,1573,1565,3135,76149,79234,155386,5030,4753,9780,82760,85546,168305,1322,1445,2765,69507,72615,142120,4256,3832,8088,75085,77893,152978,1378,1525,2903,70562,74045,144610,4169,3825,7998,76111,79397,155507,1229,1443,2668,67844,71957,139798,4231,3693,7929,73303,77090,150389,1068,1199,2264,62339,65682,128026,3849,3506,7350,67259,70382,137639,819,966,1779,56413,60205,116614,3403,3210,6610,60625,64372,124998,624,719,1345,48972,52630,101604,3011,2977,5988,52611,56326,108937,845,1155,2003,123637,146679,270311,7820,9426,17241,132299,157254,289555,25070,25822,50893,993698,1030787,2024485,59122,58220,117342,1077889,1114828,2192720
3002,170,171,341,1668,1546,3214,101,128,225,1938,1844,3782,194,179,374,1935,1872,3811,112,117,231,2241,2169,4414,176,170,344,1955,1773,3720,98,109,200,2220,2046,4273,193,175,367,1872,1756,3628,117,111,228,2183,2047,4221,134,109,241,1634,1632,3264,131,122,252,1904,1861,3758,84,97,180,1610,1766,3376,119,116,233,1817,1973,3787,70,80,153,1575,1750,3329,124,93,220,1770,1929,3696,63,67,129,1484,1713,3191,99,77,177,1646,1853,3503,61,102,161,1741,1851,3593,108,108,217,1916,2055,3971,63,72,134,1768,1996,3761,114,111,228,1946,2179,4124,78,71,143,1943,2107,4053,145,115,260,2166,2291,4455,55,58,114,1962,2197,4154,152,133,291,2165,2392,4558,36,50,89,1993,2199,4193,138,141,279,2171,2393,4566,68,98,167,6848,7916,14765,474,541,1019,7394,8555,15946,1447,1504,2952,29992,32062,62055,2040,2018,4058,33476,35584,69061
3003,773,703,1476,3700,3518,7215,386,355,745,4860,4575,9441,874,763,1638,4076,3843,7917,404,379,782,5345,4994,10337,749,745,1497,3851,3698,7553,348,347,691,4955,4791,9739,690,628,1320,3601,3413,7011,354,357,708,4643,4394,9037,449,581,1032,3325,3340,6664,422,417,835,4191,4340,8531,395,524,918,3774,4108,7886,491,527,1020,4668,5160,9825,338,457,794,4038,4473,8511,510,480,991,4888,5410,10300,318,446,767,3959,4596,8548,453,459,913,4723,5502,10231,349,431,781,4313,4864,9175,467,461,928,5127,5764,10886,266,390,658,4457,4781,9241,519,453,970,5239,5619,10860,278,331,612,4273,4466,8734,481,430,908,5030,5228,10254,197,272,473,4015,4018,8033,425,386,814,4642,4675,9320,164,208,375,3445,3471,6914,376,350,726,3993,4029,8017,203,337,544,7853,7856,15710,841,913,1750,8896,9104,18000,6049,6829,12876,58688,60436,119120,6464,6323,12787,71202,73585,144787
3004,37,42,81,534,541,1068,75,72,152,640,657,1296,26,26,53,529,525,1047,72,64,137,624,614,1231,23,25,49,468,414,882,53,63,111,548,497,1047,20,32,50,369,343,713,53,63,115,446,434,876,32,13,44,386,385,773,53,66,113,467,461,933,24,20,44,447,459,907,69,55,126,540,533,1070,14,14,30,516,553,1067,78,85,164,603,659,1262,7,7,20,451,478,925,77,54,126,532,540,1074,11,18,24,415,399,817,74,52,120,501,457,962,15,19,31,409,387,798,86,54,138,505,461,964,9,18,32,366,366,736,55,56,114,437,445,876,5,6,14,328,324,650,42,41,86,375,369,749,4,3,5,224,200,425,27,18,46,259,223,482,5,4,9,316,304,619,35,39,76,358,345,705,230,249,482,5758,5662,11422,849,775,1623,6837,6695,13532
3005,143,112,251,1488,1473,2959,115,110,223,1740,1695,3433,120,106,232,1538,1496,3035,105,106,207,1764,1715,3473,92,101,195,1424,1394,2814,100,91,192,1613,1584,3195,115,111,227,1301,1119,2414,96,94,189,1515,1324,2831,83,89,177,1330,1215,2541,102,112,217,1518,1416,2933,71,82,155,1398,1524,2917,103,118,226,1576,1725,3296,59,58,116,1459,1533,2995,117,128,247,1639,1717,3359,47,49,94,1424,1368,2791,114,94,206,1587,1506,3093,52,68,121,1473,1519,2989,108,102,210,1632,1687,3319,41,50,92,1493,1408,2903,132,91,223,1661,1556,3219,37,60,95,1439,1295,2737,128,95,218,1603,1451,3051,31,29,61,1320,1122,2443,116,82,197,1468,1228,2702,15,14,34,964,825,1788,81,63,144,1056,901,1960,14,40,55,1763,1919,3678,113,156,270,1890,2111,4006,928,980,1902,19797,19198,39002,1533,1435,2964,22260,21611,43871
3006,641,651,1295,16913,16044,32957,1174,1161,2337,18723,17862,36589,728,675,1400,17988,17076,35071,1171,1093,2265,19885,18851,38739,650,654,1305,17106,16174,33276,1114,1075,2190,18873,17896,36771,650,679,1336,17379,16866,34243,1105,1173,2275,19132,18717,37853,582,539,1127,17825,18266,36095,1491,1553,3041,19907,20357,40260,456,424,884,17667,18926,36598,1635,1644,3274,19761,20997,40758,392,417,810,18324,19620,37951,1566,1504,3072,20283,21545,41832,313,347,662,17881,19419,37306,1421,1356,2780,19620,21128,40746,324,356,680,19216,20740,39951,1459,1362,2821,20991,22462,43451,324,355,678,18764,20680,39448,1494,1462,2952,20584,22496,43077,274,340,616,17707,19239,36950,1391,1387,2781,19375,20964,40339,245,280,526,16571,18930,35502,1365,1383,2746,18183,20596,38781,155,197,351,15081,17008,32089,1232,1338,2571,16466,18538,35009,249,356,602,47145,54007,101154,3842,4475,8313,51230,58840,110072,5982,6280,12260,275573,293012,568584,21457,21964,43421,303014,321253,624264
3007,66,57,125,553,536,1086,44,44,90,667,642,1308,55,50,99,635,582,1220,48,39,91,741,674,1410,68,48,112,628,630,1254,37,41,77,728,717,1448,47,51,92,579,560,1140,33,29,64,659,639,1298,25,25,56,501,519,1021,27,33,59,559,582,1136,31,20,48,508,526,1040,36,32,70,574,583,1155,30,25,49,461,576,1035,53,41,93,543,637,1173,17,20,39,451,540,987,40,31,68,506,590,1094,19,26,38,509,559,1069,39,36,69,563,615,1180,13,30,43,543,631,1178,45,46,93,605,708,1307,15,17,36,540,651,1191,35,34,75,598,703,1299,10,16,21,573,666,1236,48,32,74,625,713,1334,7,9,21,553,646,1201,42,60,103,603,716,1318,14,26,35,1837,2302,4140,147,183,327,1992,2508,4508,412,414,820,8885,9918,18803,663,682,1345,9957,11009,20966
3008,122,111,225,1100,1025,2121,62,93,155,1284,1219,2506,162,130,297,1363,1286,2652,103,95,198,1629,1516,3139,130,141,267,1338,1309,2647,97,104,196,1563,1547,3108,124,130,253,1249,1184,2432,86,97,180,1459,1411,2872,74,42,120,884,989,1877,81,88,167,1041,1122,2160,54,70,125,888,1030,1917,83,85,166,1020,1186,2208,41,60,97,977,1075,2051,74,61,132,1090,1190,2281,41,55,99,1003,1220,2224,92,91,185,1138,1374,2513,53,54,109,1184,1365,2549,96,92,189,1333,1517,2850,46,52,96,1244,1537,2777,102,130,228,1391,1714,3108,38,48,90,1359,1581,2937,102,100,205,1505,1728,3232,29,39,75,1462,1793,3251,140,120,254,1630,1954,3585,27,38,72,1619,1884,3506,126,140,267,1780,2061,3841,60,86,145,6469,7093,13560,466,501,968,6996,7682,14673,999,1062,2061,22140,24365,46511,1712,1793,3506,24856,27220,52073
3009,44,41,84,294,316,617,23,21,49,362,378,744,28,28,63,344,288,633,28,14,45,400,336,739,37,32,67,319,326,645,25,14,38,379,377,747,28,24,48,309,268,572,27,17,42,357,305,664,31,27,53,285,300,586,21,21,41,333,344,678,13,15,29,299,323,619,17,26,45,333,365,696,11,19,24,253,281,538,19,17,31,283,313,598,10,15,23,234,274,503,26,18,39,263,304,565,18,16,29,258,299,554,16,12,35,297,324,621,9,9,21,260,270,526,16,14,31,285,294,579,15,5,17,250,289,536,23,15,41,281,309,590,4,5,12,279,302,580,11,17,23,295,320,615,4,7,14,245,296,540,9,15,25,262,313,579,3,8,9,797,966,1762,51,53,108,859,1028,1878,242,249,490,4426,4783,9216,316,269,585,4985,5306,10289
3010,280,275,556,2359,2279,4639,141,127,268,2783,2689,5469,301,289,593,2390,2295,4686,114,143,260,2807,2733,5540,233,284,523,2300,2147,4448,119,139,260,2657,2577,5237,206,248,459,2164,2057,4224,128,105,237,2506,2412,4919,189,175,367,2120,2139,4264,197,167,363,2510,2482,4993,136,151,290,2373,2476,4845,270,194,463,2779,2820,5602,111,138,244,2485,2628,5116,294,169,465,2899,2929,5828,111,117,231,2197,2273,4474,290,153,437,2601,2539,5142,107,120,227,2276,2412,4689,280,169,458,2666,2704,5366,89,129,225,2482,2473,4954,320,170,491,2893,2772,5663,93,103,194,2453,2465,4922,315,190,509,2862,2763,5618,75,86,159,2307,2247,4558,276,144,421,2654,2476,5129,63,62,125,1871,1823,3690,192,121,316,2129,2007,4133,71,92,164,4196,4923,9115,379,379,757,4644,5395,10034,2085,2277,4360,33973,34646,68619,3327,2370,5698,39391,39289,78685
3011,66,85,150,575,639,1210,57,38,98,696,760,1455,70,60,132,732,659,1387,53,49,107,856,775,1627,84,75,155,730,721,1453,47,49,96,858,840,1704,70,88,151,716,650,1368,41,33,78,827,773,1601,79,50,129,649,533,1186,53,30,83,784,618,1401,70,29,92,563,535,1098,38,30,74,671,595,1264,42,35,81,602,574,1176,43,48,87,685,651,1337,48,24,70,642,609,1254,57,41,98,749,677,1427,45,31,74,704,732,1436,61,47,107,810,813,1624,39,30,76,754,750,1498,52,36,87,845,818,1660,31,27,54,757,833,1592,45,44,85,829,899,1730,24,21,44,858,875,1736,56,59,116,947,962,1906,17,24,33,865,913,1779,51,62,120,935,1000,1935,31,25,61,2728,3023,5755,211,238,453,2977,3295,6268,700,602,1310,11873,12050,23924,878,815,1692,13458,13470,26929
3012,207,209,420,574,526,1095,82,102,184,862,834,1695,183,176,360,458,457,915,63,79,143,705,714,1422,167,163,332,435,392,826,84,66,150,688,618,1306,133,148,279,372,316,690,62,55,117,572,519,1085,120,140,262,482,472,957,90,64,155,691,682,1376,102,117,222,688,670,1358,119,104,225,908,893,1809,82,108,185,654,631,1284,118,80,204,854,818,1673,73,81,153,541,491,1031,66,67,127,673,638,1310,96,108,202,477,445,921,65,64,132,637,620,1256,84,99,185,461,429,892,84,74,158,631,610,1236,54,87,138,508,424,937,83,76,161,645,588,1236,43,54,94,444,325,771,70,56,128,559,433,988,37,43,74,282,229,515,50,29,85,371,306,671,58,80,143,561,444,1007,66,65,135,690,597,1281,1437,1610,3042,6945,6258,13199,1106,994,2098,9488,8854,18342
3013,344,364,705,2165,2122,4289,163,171,328,2671,2655,5323,388,369,757,2339,2140,4478,162,152,308,2886,2660,5541,328,341,665,2247,2059,4313,143,138,283,2722,2540,5261,265,305,576,2286,2250,4542,140,203,341,2692,2765,5455,270,248,517,2256,2228,4491,196,206,404,2720,2681,5402,222,179,406,2371,2428,4797,248,146,394,2835,2761,5597,166,161,333,2368,2298,4670,213,152,359,2752,2612,5363,146,141,286,2071,2083,4157,189,136,328,2410,2359,4769,136,144,279,1980,2053,4034,207,152,362,2327,2353,4676,130,158,292,2089,2234,4321,238,150,390,2461,2537,5003,122,127,247,2133,2194,4328,216,171,387,2471,2496,4965,79,90,177,2075,2129,4205,231,172,408,2387,2396,4783,49,63,109,1759,1720,3485,160,133,288,1970,1916,3881,94,121,216,4458,5419,9882,391,473,859,4942,6014,10954,2735,2814,5554,32613,33366,65985,2891,2560,5452,38243,38746,76985
3014,321,270,597,7430,7106,14536,384,396,784,8136,7774,15917,340,352,693,9252,8637,17882,476,411,888,10065,9404,19469,376,335,707,9214,8789,18005,459,433,897,10046,9561,19605,335,292,619,8473,8316,16791,411,426,834,9223,9029,18245,253,226,481,6926,7005,13928,498,506,1004,7679,7729,15411,186,190,376,6723,7099,13821,473,454,929,7384,7743,15122,149,173,318,7206,8072,15280,531,449,980,7877,8699,16574,151,150,296,7815,8516,16332,563,471,1028,8519,9136,17662,169,156,319,9174,10307,19483,629,522,1149,9971,10984,20956,155,185,340,9399,10789,20188,636,607,1245,10194,11579,21774,140,132,273,9130,10876,20004,631,576,1209,9901,11580,21483,120,123,241,9227,10428,19650,608,596,1201,9955,11140,21094,74,83,157,8764,9895,18660,543,596,1137,9385,10572,19959,135,162,294,27822,31953,59775,1909,2297,4211,29863,34411,64277,2897,2823,5714,136547,147776,284325,8764,8740,17500,148210,159336,307545
3015,333,331,661,3762,3618,7384,236,197,432,4335,4147,8477,352,387,738,4039,4020,8064,230,231,461,4623,4636,9258,315,350,671,3932,3863,7796,232,228,460,4484,4447,8928,320,297,615,3898,3817,7720,278,271,545,4493,4382,8878,239,210,449,3886,3779,7667,332,270,598,4450,4261,8708,165,154,322,3832,3917,7752,269,242,508,4268,4315,8580,151,159,306,3664,3873,7535,263,240,505,4073,4276,8349,116,136,252,3353,3590,6942,233,199,431,3698,3920,7618,128,171,300,3508,3822,7328,255,239,492,3889,4236,8121,109,136,248,3604,4057,7660,247,250,496,3964,4443,8406,96,105,200,3443,3835,7278,241,227,468,3783,4163,7953,66,89,151,3523,3932,7453,246,233,478,3836,4248,8086,51,62,109,3068,3475,6543,220,224,451,3339,3767,7104,89,98,188,8925,11339,20260,733,1073,1805,9742,12510,22252,2520,2688,5207,56438,60940,117380,4016,4116,8133,62974,67744,130722
3016,815,749,1560,5042,4668,9716,353,306,658,6212,5719,11929,804,762,1561,5006,4928,9935,326,342,668,6134,6029,12163,752,729,1488,4826,4569,9396,293,283,573,5872,5583,11455,711,673,1381,5348,5075,10427,424,365,793,6485,6116,12604,604,607,1215,6534,6182,12721,825,503,1328,7967,7297,15268,484,496,979,5765,5793,11559,608,440,1048,6852,6729,13584,426,431,853,5384,5723,11106,548,401,952,6353,6553,12905,330,367,697,4732,5126,9857,406,379,784,5471,5874,11344,322,376,697,4975,5322,10301,459,332,794,5761,6028,11783,296,322,617,5003,5250,10251,438,377,810,5731,5940,11674,219,252,468,4675,4871,9546,425,349,768,5312,5470,10784,181,199,378,4364,4519,8880,398,323,726,4943,5043,9982,131,143,277,3623,3702,7332,282,300,583,4042,4145,8184,170,245,410,8558,9648,18204,725,800,1523,9452,10686,20137,6239,6338,12584,73836,75384,149216,6509,5504,12014,86585,87227,173815
3017,66,79,147,419,404,820,24,17,43,508,504,1008,75,71,140,429,414,835,24,23,56,528,505,1033,64,50,109,490,436,924,27,19,51,580,498,1080,49,50,94,457,422,875,32,14,41,535,482,1010,40,39,76,418,370,786,30,20,51,482,427,910,30,29,61,332,350,677,28,19,48,386,397,780,19,26,40,305,361,666,21,13,31,343,390,734,20,24,42,294,347,647,23,22,47,334,393,725,20,21,39,340,426,763,13,25,35,375,468,847,13,30,46,397,403,797,22,28,48,430,461,893,11,14,21,417,495,916,30,24,57,451,533,989,12,10,25,427,497,921,20,25,51,458,531,994,6,11,15,421,433,854,13,32,40,438,472,916,14,26,38,1320,1651,2975,85,115,197,1421,1792,3213,431,465,900,6451,6995,13451,389,395,783,7274,7853,15130
3018,45,40,89,446,448,895,33,33,63,529,519,1056,34,40,71,525,457,983,37,34,70,592,528,1124,71,46,118,579,487,1062,48,38,85,693,570,1262,76,45,121,501,491,989,41,35,77,613,578,1193,39,31,62,427,408,832,39,39,82,506,472,976,24,19,44,385,435,820,41,27,75,454,482,936,9,26,36,425,470,894,52,34,83,486,527,1020,22,12,32,396,450,853,60,40,99,480,498,977,24,24,48,495,560,1060,65,37,103,591,626,1209,10,19,28,521,571,1092,79,50,132,611,643,1252,11,29,41,561,625,1190,64,46,115,637,709,1342,12,14,29,565,597,1161,85,50,136,661,663,1322,10,11,15,532,539,1070,53,35,93,595,582,1179,17,10,31,1378,1604,2986,119,126,245,1524,1742,3263,413,366,776,7738,8147,15884,820,629,1444,8969,9142,18107
4000,459,440,899,6310,5995,12306,428,431,856,7197,6860,14062,497,506,1000,7349,6681,14025,487,422,913,8339,7608,15940,483,482,958,7253,6819,14069,496,461,953,8229,7756,15984,452,420,868,6797,6149,12949,488,409,896,7732,6983,14712,363,360,721,5585,4823,10413,431,355,784,6388,5540,11920,321,316,643,5667,5219,10890,451,400,846,6434,5938,12373,305,296,603,5932,6012,11942,456,396,848,6690,6698,13394,258,270,526,6118,6172,12292,481,401,889,6862,6846,13703,288,279,566,7042,7017,14051,527,466,994,7852,7768,15613,271,319,586,8391,8127,16519,675,599,1271,9335,9038,18377,277,258,540,9008,8812,17816,749,609,1361,10034,9682,19714,220,213,429,9760,9264,19022,710,704,1420,10688,10183,20869,157,153,317,9694,8919,18613,801,666,1466,10646,9739,20390,250,240,489,25381,25480,50856,2079,2038,4114,27701,27753,55457,4598,4555,9149,120278,115480,235757,9252,8361,17607,134123,128388,262512
4001,1116,995,2112,35972,33904,69878,1704,1599,3301,38795,36495,75291,1079,1062,2138,36140,34798,70942,1597,1525,3121,38819,37379,76205,985,966,1953,34229,32327,66562,1460,1312,2777,36677,34609,71286,1040,1004,2052,37215,35704,72922,1515,1563,3078,39773,38276,78050,834,875,1709,42124,40754,82873,2030,1925,3957,44992,43549,88541,723,750,1471,40268,41179,81454,2129,2072,4202,43130,43999,87125,561,589,1148,41471,42908,84374,2186,2024,4211,44217,45526,89742,433,500,926,38351,39166,77514,1970,1731,3701,40754,41397,82144,455,551,1002,38851,39574,78425,1927,1653,3575,41227,41778,83001,425,524,945,40001,41530,81533,2051,1814,3864,42474,43870,86340,361,447,810,39008,40816,79821,1998,1839,3837,41362,43097,84461,308,392,699,37147,39978,77118,1999,1905,3908,39459,42272,81731,261,272,537,32647,36281,68927,1733,1725,3454,34640,38281,72920,329,441,774,92547,114619,207163,5456,7201,12657,98338,122261,220590,8910,9361,18270,585976,613537,1199506,29762,29892,59652,624644,652789,1277431
4002,47,41,90,814,792,1607,51,33,84,917,864,1782,57,37,91,904,871,1767,35,49,78,991,957,1945,39,35,75,911,877,1793,40,45,87,998,962,1951,33,28,64,849,884,1732,38,37,76,921,952,1871,30,29,60,745,725,1473,31,39,71,801,793,1594,17,27,44,748,791,1535,45,39,82,809,857,1666,15,18,36,770,819,1588,41,36,76,828,870,1695,14,19,32,737,766,1508,35,39,77,785,823,1610,4,18,22,797,838,1633,40,47,83,846,896,1737,16,20,30,889,955,1845,63,38,102,972,1016,1984,12,16,24,919,941,1861,37,48,78,964,1000,1960,8,14,16,855,952,1806,53,47,101,912,1013,1923,11,11,18,808,831,1643,43,46,87,857,885,1742,9,9,19,2194,2639,4833,152,204,354,2362,2849,5208,304,314,617,12949,13673,26624,701,744,1443,13952,14729,28684
4003,48,50,102,413,458,875,18,35,55,480,546,1028,54,47,104,456,430,885,33,33,62,542,507,1047,48,45,90,402,412,818,27,19,48,486,480,959,52,48,100,466,463,934,30,22,51,547,530,1076,46,34,78,551,568,1124,27,30,58,628,634,1256,43,33,80,610,535,1146,36,36,66,689,605,1289,34,24,56,541,448,990,30,16,48,599,488,1093,22,13,39,453,394,852,22,26,50,498,437,937,26,23,51,449,443,884,29,23,52,497,489,988,31,21,48,533,532,1064,27,38,65,587,583,1176,20,23,43,459,518,982,27,29,53,509,567,1075,17,14,29,476,512,989,26,31,63,525,565,1082,8,16,25,458,456,912,23,27,50,495,495,990,16,25,44,1498,1787,3285,114,114,234,1629,1929,3559,470,411,880,7770,7963,15728,473,477,954,8705,8854,17559
4004,131,125,259,258,286,550,27,22,56,423,443,865,142,121,268,287,275,565,34,32,66,465,433,898,124,134,260,279,245,521,27,22,40,422,399,828,113,100,210,243,240,477,21,28,50,375,369,744,107,97,207,339,294,634,22,38,63,474,426,893,123,96,215,397,314,718,41,28,64,562,441,999,96,92,195,327,293,620,39,30,71,468,416,886,70,66,133,297,263,563,30,23,52,399,357,752,74,75,147,333,296,627,34,25,54,435,391,824,70,83,153,321,364,693,24,34,60,422,484,910,69,75,141,380,365,744,39,34,73,491,471,959,48,57,107,413,339,749,46,38,85,508,437,945,44,44,83,318,326,648,38,31,72,403,398,803,60,73,134,893,1002,1890,90,102,191,1037,1179,2220,1268,1245,2519,5087,4903,9992,515,491,1003,6871,6641,13515
4005,55,37,90,463,399,863,44,30,69,560,467,1025,59,44,104,452,428,875,49,30,83,562,502,1060,40,40,75,433,391,831,34,44,79,506,474,981,35,35,66,408,397,803,34,34,59,470,464,934,37,37,76,358,346,701,39,24,61,431,406,837,27,25,50,398,433,833,26,20,51,451,480,930,49,27,71,465,420,890,36,36,66,546,484,1028,17,17,31,401,396,798,31,27,54,449,440,884,18,14,32,443,460,905,24,34,58,481,514,993,29,22,45,464,493,951,47,28,73,530,538,1069,18,29,46,467,452,920,32,31,57,513,512,1024,16,18,31,488,513,998,42,46,91,546,573,1118,13,16,24,434,432,871,34,33,67,479,482,964,15,16,31,1217,1341,2564,106,127,233,1340,1485,2829,416,370,783,6889,6913,13799,564,540,1106,7867,7821,15685
4006,34,35,74,325,300,621,21,27,47,383,360,741,44,52,88,375,320,691,24,18,46,438,388,826,46,32,80,375,375,750,31,30,57,446,437,888,28,35,63,435,388,827,28,31,58,486,458,945,11,27,36,390,355,745,22,23,40,421,405,823,19,22,45,322,364,688,22,15,36,367,396,766,11,18,34,317,314,627,21,23,41,345,360,707,12,15,26,302,327,628,23,25,46,332,367,700,17,17,30,386,385,771,33,23,50,431,421,857,16,5,19,425,446,880,32,25,60,471,485,958,11,14,22,473,449,916,36,24,59,515,486,1000,10,11,21,431,440,870,30,29,58,475,473,946,0,4,6,390,394,785,30,28,50,424,429,844,11,11,21,1221,1559,2776,72,130,209,1301,1701,3006,259,301,563,6165,6416,12579,414,444,856,6845,7162,14007
4007,19,17,39,434,423,856,27,30,52,479,472,951,21,18,48,521,490,1012,36,33,73,584,543,1128,20,23,37,522,524,1044,35,34,71,577,576,1155,18,20,38,468,451,920,19,30,52,507,503,1011,12,19,33,373,337,713,25,28,58,411,386,796,14,5,17,363,392,757,24,23,47,402,418,811,12,13,22,382,398,782,17,20,40,407,430,841,4,7,11,419,468,888,27,23,52,451,503,958,9,19,31,532,557,1088,34,32,66,575,607,1189,13,10,25,522,608,1126,33,38,71,572,651,1224,9,9,19,613,737,1350,41,35,77,665,781,1446,14,10,24,753,890,1649,60,61,117,827,957,1786,9,9,14,907,1171,2082,45,53,97,960,1231,2190,12,11,23,4447,5035,9483,244,280,526,4700,5323,10025,183,186,368,11259,12481,23744,677,718,1390,12117,13391,25503
4008,70,64,137,567,555,1115,54,41,89,689,650,1341,61,69,124,600,603,1204,34,57,93,693,725,1422,66,71,131,624,568,1194,47,54,95,734,692,1428,43,45,94,617,552,1170,43,38,79,699,642,1344,42,57,103,575,529,1108,57,45,97,678,631,1305,25,36,64,607,646,1253,42,36,76,672,725,1396,24,37,60,580,607,1191,52,56,107,663,702,1366,20,18,41,535,498,1035,34,23,52,589,535,1132,33,33,64,654,653,1302,46,28,78,732,715,1449,25,31,60,737,692,1424,55,44,105,817,769,1590,30,19,55,793,672,1464,55,55,110,879,743,1625,11,20,32,678,690,1367,49,52,95,743,758,1497,3,14,17,561,524,1088,34,33,68,600,578,1178,16,28,47,1532,1819,3350,129,168,297,1678,2008,3694,486,549,1032,9673,9608,19277,723,721,1442,10875,10880,21751
5000,1516,1399,2919,6730,6176,12906,765,727,1489,9006,8303,17307,1583,1491,3071,7475,7064,14538,803,790,1590,9868,9338,19208,1509,1499,3007,6745,6382,13128,743,682,1421,8999,8561,17561,1362,1209,2572,6056,5152,11207,664,601,1261,8080,6959,15042,1241,1080,2327,5743,4640,10383,810,635,1444,7795,6359,14153,1209,1130,2337,7508,6056,13557,1462,865,2330,10179,8052,18224,1139,1037,2174,8470,6988,15462,1526,873,2404,11133,8898,20031,986,875,1860,8214,6830,15044,1359,798,2163,10559,8502,19063,990,838,1829,8766,7386,16154,1366,835,2201,11130,9054,20185,855,920,1771,9645,8014,17655,1400,910,2312,11899,9840,21738,729,784,1513,9952,8456,18407,1397,943,2337,12079,10183,22259,570,608,1176,9732,8540,18272,1357,931,2286,11652,10082,21729,442,478,912,8868,7729,16602,1046,832,1876,10351,9040,19391,608,737,1344,20010,17784,37792,2316,2159,4474,22936,20672,43611,14732,14077,28812,123914,107194,231110,17016,12570,29590,155662,133845,289509
5001,65,39,101,825,794,1623,42,40,88,938,875,1812,48,60,108,971,925,1897,56,36,93,1078,1020,2094,70,56,127,1051,949,2004,51,37,89,1173,1049,2220,57,53,109,1005,910,1916,69,50,117,1133,1020,2152,89,19,109,760,697,1462,41,38,83,894,756,1655,75,35,107,806,784,1591,44,39,88,928,858,1784,56,26,79,752,850,1604,65,45,105,873,920,1790,55,25,79,772,849,1624,38,42,79,868,916,1781,43,21,65,878,982,1854,58,55,111,973,1055,2027,44,39,78,975,1074,2045,63,48,114,1079,1162,2238,34,32,62,941,1035,1976,56,71,128,1024,1138,2163,29,13,38,971,1122,2092,84,73,153,1077,1214,2284,15,19,35,945,1077,2021,69,67,134,1038,1157,2193,22,37,58,2953,3443,6390,223,278,501,3197,3754,6958,701,465,1161,14606,15485,30094,958,931,1885,16261,16882,33145
5002,182,154,336,334,314,651,67,53,121,581,529,1106,181,173,355,341,329,673,63,76,142,590,574,1167,155,164,318,274,286,565,52,53,106,480,505,986,140,115,256,217,155,375,45,33,76,400,305,706,90,117,210,190,206,398,34,44,75,318,366,676,110,113,224,364,429,792,90,81,169,562,619,1184,98,104,200,457,533,995,72,82,154,625,720,1346,85,124,213,390,463,854,68,85,151,545,675,1222,93,77,168,428,400,827,60,58,118,578,541,1117,68,86,158,386,360,746,42,55,103,502,499,999,66,83,146,357,317,678,49,50,104,478,451,931,74,94,163,352,313,661,55,52,107,474,462,933,52,55,112,266,240,511,37,37,75,362,338,699,53,84,135,393,274,668,69,42,110,519,401,919,1444,1550,2997,4759,4626,9389,796,806,1607,7003,6981,13984
5003,114,125,238,2298,2142,4442,161,130,287,2570,2391,4967,124,126,250,2386,2234,4620,150,147,296,2653,2509,5164,117,129,244,2272,2265,4534,155,122,274,2544,2515,5061,103,112,219,2204,2066,4267,138,130,269,2448,2302,4752,100,100,194,1788,1689,3483,113,114,229,2003,1898,3903,73,54,126,1993,2148,4134,148,148,299,2208,2349,4564,61,69,133,2109,2266,4379,150,145,299,2321,2481,4802,41,43,90,2153,2195,4346,156,144,304,2355,2386,4741,52,69,124,2154,2317,4477,177,138,321,2389,2529,4914,56,66,119,2227,2416,4642,166,159,327,2448,2636,5084,45,49,98,2177,2233,4407,194,145,340,2413,2432,4847,33,40,73,2075,2278,4353,168,159,327,2284,2474,4756,26,35,58,1778,1907,3682,125,123,247,1931,2062,3992,26,38,71,4570,5326,9891,405,486,894,5002,5849,10855,969,1052,2019,32187,33477,65664,2410,2305,4719,35575,36824,72402
5004,40,43,81,1067,958,2025,73,65,134,1174,1066,2242,44,50,89,1261,1187,2444,79,66,144,1382,1298,2685,44,45,84,1172,1121,2291,71,84,158,1281,1256,2538,27,27,60,1011,942,1952,57,49,113,1101,1022,2120,20,19,41,645,667,1312,48,53,105,720,741,1462,19,17,32,714,734,1454,63,68,135,802,816,1616,15,19,26,905,1062,1970,87,63,152,1001,1148,2147,19,22,34,972,1126,2096,78,64,140,1071,1204,2276,20,22,36,1158,1282,2437,95,90,184,1264,1391,2657,11,14,29,1133,1240,2372,110,76,189,1254,1338,2588,10,12,22,1070,1110,2175,77,77,156,1155,1195,2351,9,7,16,1004,1130,2132,91,97,185,1101,1240,2339,8,11,16,1038,1152,2195,89,79,166,1135,1240,2376,15,17,31,3161,3507,6670,246,272,514,3419,3793,7210,296,314,603,16309,17226,33533,1267,1208,2477,17869,18743,36616
5005,30,27,57,325,305,625,45,27,76,398,358,755,31,25,56,334,328,664,41,33,75,403,394,792,46,30,75,364,334,699,40,39,81,446,404,849,28,31,59,365,348,711,49,33,82,446,411,855,12,17,32,294,239,532,33,21,57,342,283,624,15,10,23,278,312,591,40,38,86,331,363,693,13,16,33,259,297,552,37,34,76,312,346,660,9,8,21,276,303,576,34,26,51,321,334,654,14,15,31,324,349,676,48,37,91,384,409,789,12,16,27,377,340,714,50,55,107,441,408,846,18,9,30,396,394,797,64,47,110,475,454,931,7,18,24,353,354,713,43,38,82,410,409,823,3,10,13,305,325,625,39,39,72,341,366,711,11,14,24,874,1003,1881,109,111,217,991,1131,2119,246,249,494,5120,5231,10357,671,585,1260,6044,6071,12107
5006,200,188,383,950,966,1914,98,99,200,1249,1251,2495,230,210,438,1045,1020,2065,84,80,160,1358,1309,2664,199,210,412,991,1019,2006,112,107,213,1298,1339,2633,157,176,332,1065,1038,2101,101,94,198,1327,1306,2627,180,147,329,850,825,1674,75,82,159,1104,1051,2153,142,116,261,869,940,1808,73,69,149,1085,1135,2220,115,114,235,940,991,1937,105,96,205,1166,1209,2377,96,107,201,911,971,1881,87,90,175,1089,1169,2255,115,119,232,1032,1076,2110,113,83,199,1262,1281,2541,88,102,191,1151,1227,2384,126,96,226,1363,1426,2791,71,75,146,1115,1130,2248,105,118,227,1295,1319,2618,65,80,141,1049,1076,2126,108,80,186,1221,1235,2455,51,68,120,885,919,1801,86,68,152,1019,1057,2076,65,96,167,2362,2518,4880,239,225,465,2672,2841,5510,1778,1814,3585,15212,15720,30931,1525,1390,2909,18515,18914,37432
5007,146,140,289,1054,1009,2060,126,94,217,1324,1242,2568,157,136,290,952,955,1902,96,97,197,1202,1187,2388,89,121,214,814,785,1593,65,59,127,970,963,1937,107,108,209,734,716,1452,66,64,127,904,890,1796,89,93,179,915,751,1672,85,94,183,1096,943,2037,91,92,191,1074,1045,2122,133,124,258,1305,1266,2568,62,86,150,1158,1136,2287,150,120,269,1367,1341,2703,65,66,130,969,953,1921,110,91,206,1148,1106,2252,56,63,122,1005,911,1912,127,89,211,1179,1067,2247,47,65,114,962,855,1822,131,83,215,1140,1007,2149,31,45,80,940,804,1745,116,77,194,1090,925,2020,38,44,84,857,695,1548,121,107,225,1014,842,1859,14,28,49,589,479,1073,101,54,153,706,568,1271,37,45,86,939,830,1768,111,115,224,1091,989,2080,1035,1145,2180,12956,11929,24881,1542,1271,2811,15535,14340,29873
5008,117,100,224,626,623,1246,69,79,149,811,805,1617,103,103,205,602,518,1118,84,57,143,794,670,1468,98,93,193,409,372,775,47,43,86,551,507,1054,93,77,169,326,264,589,38,31,70,457,367,825,66,79,143,351,359,707,64,54,119,483,489,966,68,66,132,614,613,1223,105,92,192,780,768,1552,51,73,127,746,745,1487,134,94,222,930,913,1837,47,53,101,676,557,1230,112,69,186,834,679,1520,51,46,96,619,539,1160,93,59,147,759,642,1409,35,35,69,488,404,895,78,59,135,598,502,1102,16,37,59,439,337,781,77,47,126,536,425,956,16,24,37,349,240,591,41,38,82,403,307,707,13,12,24,229,140,376,40,23,67,284,181,465,13,16,29,165,110,276,22,22,45,198,147,347,779,824,1600,6638,5817,12454,1009,761,1767,8425,7399,15828
5009,1791,1722,3514,58764,55856,114623,3323,3048,6378,63880,60625,124511,1761,1750,3510,59110,56056,115172,2943,2733,5675,63817,60539,124357,1740,1688,3428,54375,51512,105890,2605,2453,5054,58720,55652,114371,1678,1562,3236,55716,53499,109215,2777,2581,5357,60176,57641,117817,1485,1418,2903,61580,58840,120421,4037,3835,7869,67101,64093,131189,1289,1183,2472,66827,68441,135269,5529,4856,10382,73645,74480,148128,990,1000,1994,70593,71429,142020,5430,4618,10045,77012,77044,154057,749,821,1575,62299,63431,125731,4382,3500,7884,67433,67753,135187,733,853,1583,60482,62695,123180,4036,3418,7454,65249,66963,132219,714,857,1567,60109,62147,122257,4042,3260,7298,64864,66257,131123,607,695,1304,55737,57784,113520,3722,3135,6860,60070,61614,121683,495,591,1089,49947,53315,103264,3303,2992,6299,53747,56906,110654,346,451,802,43925,47645,91572,2903,2757,5660,47176,50853,98026,469,664,1129,113358,133422,246775,7572,9034,16607,121401,143117,264517,14848,15242,30097,872832,896080,1768911,56613,52217,108829,944291,963541,1907833
5010,119,119,232,481,443,925,90,82,172,683,649,1330,126,124,248,400,380,775,80,83,155,598,582,1181,104,77,184,252,234,489,63,57,116,414,365,786,80,89,176,198,194,395,38,41,79,315,335,650,88,79,165,261,302,565,54,70,127,397,456,857,113,91,201,527,571,1091,113,112,222,757,768,1522,71,82,146,649,586,1239,115,115,228,836,781,1614,56,67,126,524,443,966,98,82,184,680,593,1276,56,62,121,448,318,771,91,61,146,591,443,1038,76,79,152,414,295,703,76,59,134,563,434,994,72,86,158,366,259,625,101,65,170,537,415,950,42,49,91,340,197,534,73,46,117,458,285,745,23,31,54,183,126,308,39,23,68,248,177,427,44,66,113,171,105,272,46,39,86,261,205,469,1061,1109,2169,5205,4451,9655,1072,933,2004,7339,6492,13828
5011,29,17,42,471,428,901,32,43,76,536,487,1022,21,16,34,482,391,868,35,39,74,533,443,978,17,10,28,378,342,720,25,35,63,416,394,809,14,13,32,303,276,585,21,31,54,345,320,660,6,11,15,273,304,583,23,28,52,302,345,652,9,18,31,342,411,749,40,40,83,386,466,860,9,11,15,341,433,777,50,39,91,398,485,883,3,6,7,358,374,740,46,26,70,409,411,818,3,8,17,408,359,764,37,43,80,454,411,857,0,8,8,385,395,780,39,37,80,426,436,867,5,3,10,355,316,665,34,23,57,393,339,733,0,5,7,259,299,558,25,25,48,284,329,614,0,0,0,215,245,464,28,24,44,246,266,509,0,4,9,682,732,1414,81,91,165,766,828,1590,124,129,249,5257,5306,10561,520,517,1041,5897,5957,11855
6000,403,397,797,3297,3099,6391,250,244,495,3949,3738,7685,499,506,1004,3940,3623,7564,310,301,611,4746,4426,9172,487,465,949,3922,3688,7612,342,328,670,4757,4478,9232,444,379,825,3662,3395,7064,302,265,568,4412,4044,8459,273,280,559,3018,2638,5658,264,240,506,3560,3167,6720,219,247,471,2720,2865,5582,242,248,492,3186,3361,6546,216,241,456,3039,3284,6322,249,247,493,3495,3768,7264,170,244,412,3202,3433,6632,246,251,501,3614,3932,7548,205,235,437,3946,4077,8022,301,279,584,4446,4596,9040,251,271,523,4578,4889,9468,373,332,704,5205,5495,10697,222,248,468,5270,5306,10571,441,415,850,5930,5964,11893,208,243,453,5942,5886,11828,514,430,945,6663,6562,13223,197,165,364,5742,5475,11219,476,440,918,6421,6079,12503,325,266,591,14640,14028,28675,1289,1230,2522,16261,15523,31788,4116,4187,8302,66918,65696,132609,5604,5256,10863,76643,75132,151777
6001,122,117,237,624,627,1254,36,26,57,782,767,1555,117,94,214,678,655,1332,39,36,75,836,783,1621,100,100,198,618,630,1250,36,40,79,755,768,1524,110,120,226,791,689,1481,37,46,82,935,854,1793,76,81,154,650,671,1319,39,36,75,766,776,1546,69,62,133,580,634,1215,47,40,82,695,733,1426,40,79,119,605,664,1270,27,40,64,679,779,1454,50,61,110,565,662,1230,35,45,81,654,766,1420,40,60,99,663,672,1329,41,44,85,743,773,1514,41,63,109,729,826,1557,46,36,77,821,919,1747,39,60,97,804,860,1661,60,53,113,900,972,1875,35,44,77,751,878,1632,43,44,90,837,965,1801,20,43,66,745,819,1561,50,53,103,818,918,1730,52,56,109,2248,2714,4966,182,232,414,2491,3001,5493,918,1025,1944,11064,11997,23063,729,755,1484,12711,13782,26490
6002,94,106,199,690,712,1409,35,47,87,822,869,1692,116,107,228,806,790,1595,37,55,90,963,948,1916,106,90,195,740,724,1470,37,45,81,881,863,1749,77,77,153,780,793,1572,40,37,72,894,903,1802,62,79,141,647,694,1340,37,23,59,748,796,1545,58,49,107,699,772,1477,44,40,89,807,867,1671,45,79,117,678,681,1366,40,30,73,767,791,1555,53,64,115,643,755,1400,29,37,67,729,857,1584,48,52,104,752,846,1597,45,38,84,848,935,1789,46,57,105,822,936,1759,49,47,96,923,1042,1961,36,53,93,816,912,1725,43,38,79,900,999,1896,34,46,79,827,960,1788,64,66,132,926,1072,1996,38,34,72,856,878,1736,72,63,136,967,980,1943,62,81,142,2501,3144,5640,217,293,507,2774,3519,6294,882,972,1854,12270,13603,25875,789,866,1651,13948,15436,29381
6003,434,377,817,5386,5119,10508,300,293,594,6117,5792,11913,459,443,908,5745,5485,11226,327,303,625,6528,6223,12756,421,420,840,5467,5089,10557,300,274,572,6190,5777,11969,411,365,774,5637,5460,11094,295,327,624,6347,6149,12496,370,337,708,5936,5861,11796,338,347,680,6641,6539,13179,286,333,621,5883,6057,11941,395,342,732,6560,6733,13293,252,289,546,5854,6152,12012,353,353,707,6469,6802,13269,180,210,390,5418,5878,11297,301,307,612,5898,6402,12299,176,214,389,5667,6329,11991,348,340,685,6189,6874,13066,212,223,429,5960,6391,12351,378,331,707,6546,6941,13491,164,205,366,5893,6401,12303,357,345,708,6418,6955,13371,167,170,342,6007,6730,12734,370,406,776,6543,7307,13852,122,123,243,5519,6136,11655,370,344,716,6015,6596,12609,187,213,404,15000,18503,33500,1140,1404,2541,16321,20128,36444,3847,3917,7767,89362,95596,184962,5574,5711,11281,98785,105219,204010
6004,136,161,297,2232,2070,4306,147,169,315,2514,2407,4920,174,162,331,2348,2249,4596,145,135,284,2670,2545,5215,130,131,262,2239,2178,4412,107,119,225,2474,2431,4901,154,142,300,2620,2459,5077,145,155,297,2917,2751,5676,155,131,287,2858,2670,5523,198,181,377,3215,2976,6194,94,101,197,2308,2332,4645,167,157,326,2573,2590,5165,67,95,162,2270,2347,4608,157,153,313,2499,2595,5093,58,65,132,2103,2304,4410,137,137,281,2304,2512,4814,66,90,158,2253,2576,4828,164,156,319,2483,2813,5301,65,83,146,2478,2745,5222,179,168,345,2724,2995,5712,48,51,99,2395,2631,5024,174,162,337,2618,2844,5455,41,63,110,2363,2582,4946,162,190,347,2564,2836,5404,50,35,81,2099,2475,4567,153,159,310,2298,2667,4962,54,77,126,6174,7856,14029,497,693,1189,6724,8624,15349,1303,1386,2689,36732,39467,76197,2528,2736,5265,40568,43582,84153
6005,40,47,88,299,299,596,9,11,24,348,357,704,56,51,105,370,333,698,18,16,32,446,394,838,69,55,127,359,322,684,18,23,37,438,400,841,66,37,109,362,357,718,22,19,37,445,415,858,30,37,70,316,256,574,18,10,31,370,314,683,29,31,57,239,279,523,15,21,29,276,326,604,23,31,58,298,307,602,18,20,38,342,357,698,30,28,57,277,312,587,16,10,27,321,347,665,28,24,50,322,381,705,14,15,34,366,424,786,31,41,68,378,409,780,27,26,54,429,471,899,20,29,51,445,502,941,19,24,50,485,560,1047,35,29,65,483,507,983,29,34,57,538,564,1108,18,14,40,453,506,951,19,19,38,488,545,1026,39,47,85,1400,1679,3073,102,130,224,1535,1851,3385,510,513,1020,5982,6442,12429,334,370,711,6829,7326,14151
7000,2142,1966,4106,1014,1023,2032,247,223,471,3402,3214,6613,2255,2124,4384,1061,928,1987,224,221,441,3533,3276,6811,2262,2015,4273,806,745,1546,250,184,437,3314,2947,6260,2158,2047,4203,746,555,1302,227,157,383,3135,2756,5887,2126,2047,4174,902,772,1671,278,230,509,3306,3047,6355,1934,1865,3802,1236,1206,2444,358,331,686,3533,3403,6929,1746,1774,3519,1278,1321,2599,320,284,599,3340,3375,6714,1422,1490,2917,1209,1140,2348,300,256,553,2928,2892,5821,1364,1432,2793,1203,1067,2270,270,220,491,2844,2712,5557,1208,1345,2557,1342,1166,2506,346,283,626,2899,2795,5692,979,1130,2110,1369,1099,2466,348,276,617,2696,2508,5202,702,812,1515,1199,1037,2234,303,223,522,2203,2069,4274,500,606,1106,1090,838,1923,275,184,459,1863,1625,3489,615,839,1460,1696,1099,2797,387,268,653,2702,2205,4907,21421,21486,42911,16148,13986,30134,4126,3335,7462,41699,38810,80511
7001,200,201,401,625,594,1219,109,82,186,929,876,1808,255,216,471,574,599,1174,91,77,166,921,892,1808,225,194,421,522,486,1014,63,65,133,815,752,1567,209,159,369,508,408,915,71,72,137,790,638,1423,152,153,300,445,455,907,92,76,173,691,685,1377,132,150,284,670,856,1527,124,160,287,926,1165,2091,137,174,311,775,821,1602,139,132,271,1045,1130,2176,110,147,260,650,721,1374,86,108,194,852,979,1829,142,182,323,628,640,1266,91,96,187,865,914,1773,137,169,308,665,725,1386,112,107,213,912,996,1907,99,143,244,699,728,1425,99,88,194,901,962,1868,72,133,209,660,657,1323,97,106,199,832,896,1723,56,97,159,532,497,1025,86,87,177,677,683,1357,106,204,314,738,729,1470,128,124,254,976,1053,2031,2035,2329,4361,8699,8915,17613,1390,1384,2772,12131,12621,24753
7002,564,520,1087,3663,3602,7270,439,408,851,4668,4534,9208,600,562,1160,3265,3065,6329,372,343,714,4237,3967,8198,598,580,1179,2744,2687,5430,299,297,592,3640,3556,7198,550,497,1050,2686,2414,5102,315,299,614,3556,3204,6762,572,432,1007,3705,3184,6894,574,445,1019,4855,4058,8918,512,417,928,5240,4933,10173,923,665,1589,6673,6014,12686,450,348,803,5208,5029,10236,815,587,1399,6470,5967,12439,381,333,705,4425,4111,8536,687,431,1120,5491,4873,10361,360,352,710,3945,3656,7597,571,406,975,4875,4410,9283,308,339,647,3825,3405,7224,596,380,984,4728,4129,8854,253,272,525,3374,3066,6433,477,356,832,4105,3690,7790,191,207,397,2943,2783,5726,429,340,767,3562,3328,6890,155,185,337,2462,2127,4586,350,286,636,2966,2594,5559,176,263,443,4219,3835,8052,520,415,941,4922,4513,9435,5674,5305,10971,51710,47868,99577,7360,5660,13025,64740,58836,123574
8000,3,0,3,41,23,65,3,3,8,49,29,78,0,3,3,49,44,96,5,3,7,54,44,106,0,0,3,29,32,67,3,0,3,32,35,71,4,0,7,43,52,93,3,9,10,47,58,107,7,3,6,61,51,113,9,8,11,68,60,132,3,0,3,56,51,104,7,0,11,66,55,114,4,0,3,45,42,95,5,5,13,53,50,109,3,4,5,64,48,112,13,4,17,76,56,135,6,0,6,61,52,112,8,4,15,72,58,132,0,0,0,47,42,86,0,3,10,48,48,99,0,0,0,69,45,110,8,3,16,74,55,127,0,0,3,41,45,87,7,8,16,50,55,100,0,3,3,43,33,77,11,4,14,55,38,100,0,0,0,70,60,131,4,3,9,73,57,132,28,17,42,717,624,1345,85,66,150,831,703,1538
8001,447,414,862,14003,13002,27002,729,596,1328,15190,14010,29200,464,362,821,13344,12471,25814,575,503,1081,14382,13329,27711,411,379,785,11616,11057,22670,444,437,874,12469,11866,24332,404,414,818,12545,12192,24731,547,555,1106,13490,13165,26655,429,390,816,15585,15421,31002,933,923,1857,16955,16729,33679,318,359,677,15829,16547,32371,1090,1052,2144,17237,17960,35193,236,296,534,16543,17281,33823,1119,980,2104,17897,18557,36457,210,243,453,15136,15363,30495,854,786,1635,16192,16390,32582,210,227,446,14175,14597,28773,844,700,1545,15234,15529,30767,218,209,426,13540,13957,27489,804,671,1472,14556,14835,29393,182,216,397,12290,12999,25282,701,654,1356,13174,13861,27036,130,168,297,11151,11824,22977,622,637,1255,11906,12626,24530,107,99,206,9312,10226,19540,515,564,1083,9935,10894,20824,116,146,263,22982,27562,50544,1458,1754,3205,24555,29455,54009,3896,3912,7806,198046,204485,402525,11232,10811,22044,213172,219205,432369
9000,5,5,14,124,110,238,8,3,15,140,126,262,14,13,20,131,115,242,13,10,23,156,131,285,18,10,24,100,118,222,14,6,22,126,138,263,6,16,20,90,82,167,9,15,25,106,110,215,8,3,13,114,62,175,19,6,26,136,72,210,4,7,7,134,84,221,19,9,29,159,99,262,9,7,11,142,122,268,21,17,34,165,142,316,8,13,15,161,121,287,10,5,13,176,143,321,8,13,19,147,131,280,13,9,22,169,152,325,6,10,21,144,134,278,13,19,35,170,161,332,11,7,12,176,145,317,24,23,50,207,170,378,7,8,19,160,152,313,23,24,45,195,184,376,7,0,9,144,136,282,18,25,43,166,162,335,10,11,19,330,283,612,44,37,84,382,330,715,115,118,231,2098,1796,3897,250,210,462,2462,2120,4587