SUA_CODE_2016,P_AdvDi_Di_AdvDi_AsDe_Mng,P_AdvDi_Di_AdvDi_AsDe_Pro,P_AdvDi_Di_AdvDi_AsDe_TTW,P_AdvDi_Di_AdvDi_AsDe_CPS,P_AdvDi_Di_AdvDi_AsDe_CA,P_AdvDi_Di_AdvDi_AsDe_Sal,P_AdvDi_Di_AdvDi_AsDe_MOD,P_AdvDi_Di_AdvDi_AsDe_Lab,P_AdvDi_Di_AdvDi_AsDe_IDNS,P_AdvDi_Di_AdvDi_AsDe_Tot,P_AdvDi_Di_Dip_Mng,P_AdvDi_Di_Dip_Pro,P_AdvDi_Di_Dip_TTW,P_AdvDi_Di_Dip_CPS,P_AdvDi_Di_Dip_CA,P_AdvDi_Di_Dip_Sal,P_AdvDi_Di_Dip_MOD,P_AdvDi_Di_Dip_Lab,P_AdvDi_Di_Dip_IDNS,P_AdvDi_Di_Dip_Tot,P_Cert_CertIII_IV_Mng,P_Cert_CertIII_IV_Pro,P_Cert_CertIII_IV_TTW,P_Cert_CertIII_IV_CPS,P_Cert_CertIII_IV_CA,P_Cert_CertIII_IV_Sal,P_Cert_CertIII_IV_MOD,P_Cert_CertIII_IV_Lab,P_Cert_CertIII_IV_IDNS,P_Cert_CertIII_IV_Tot,P_Cert_CertI_II_Mng,P_Cert_CertI_II_Pro,P_Cert_CertI_II_TTW,P_Cert_CertI_II_CPS,P_Cert_CertI_II_CA,P_Cert_CertI_II_Sal,P_Cert_CertI_II_MOD,P_Cert_CertI_II_Lab,P_Cert_CertI_II_IDNS,P_Cert_CertI_II_Tot,P_Cert_Cert_nfd_Mng,P_Cert_Cert_nfd_Pro,P_Cert_Cert_nfd_TTW,P_Cert_Cert_nfd_CPS,P_Cert_Cert_nfd_CA,P_Cert_Cert_nfd_Sal,P_Cert_Cert_nfd_MOD,P_Cert_Cert_nfd_Lab,P_Cert_Cert_nfd_IDNS,P_Cert_Cert_nfd_Tot,P_LE_ID_Mng,P_LE_ID_Pro,P_LE_ID_TTW,P_LE_ID_CPS,P_LE_ID_CA,P_LE_ID_Sal,P_LE_ID_MOD,P_LE_ID_Lab,P_LE_ID_IDNS,P_LE_ID_Tot,P_LE_NS_Mng,P_LE_NS_Pro,P_LE_NS_TTW,P_LE_NS_CPS,P_LE_NS_CA,P_LE_NS_Sal,P_LE_NS_MOD,P_LE_NS_Lab,P_LE_NS_IDNS,P_LE_NS_Tot,P_Tot_Mng,P_Tot_Pro,P_Tot_TTW,P_Tot_CPS,P_Tot_CA,P_Tot_Sal,P_Tot_MOD,P_Tot_Lab,P_Tot_IDNS,P_Tot_Tot
1000,4319,4866,1294,2981,2540,837,407,857,245,18344,4555,3740,2114,5835,4123,1358,605,1300,289,23912,16636,4863,37749,12410,10283,5921,10099,11551,1682,111194,1097,372,518,992,1637,962,491,1224,79,7370,2022,756,857,1958,2477,1206,781,1365,158,11578,497,431,257,276,507,231,154,307,48,2710,2312,1078,1372,1405,1316,1142,1273,2074,936,12906,45938,58750,46525,30721,28958,13398,14369,20661,4269,263588
1001,259,412,159,291,257,91,44,51,13,1577,424,489,306,834,508,208,92,137,37,3032,1021,534,3907,1481,1249,783,876,949,138,10943,49,33,65,109,164,94,55,96,12,672,78,47,60,173,222,116,88,106,6,905,22,54,30,35,40,24,22,17,9,244,60,86,79,96,89,92,78,129,78,787,3066,6740,4851,3681,3225,1651,1348,1636,364,26552
1002,59,101,31,66,73,13,5,9,5,364,71,82,37,127,114,38,14,29,7,513,205,88,611,251,235,163,95,169,27,1848,11,15,15,21,24,23,7,28,0,154,19,15,18,31,56,29,12,28,3,199,9,19,5,13,12,7,4,13,0,71,21,19,11,20,22,8,15,39,11,171,777,2397,845,794,836,369,160,438,79,6694
1003,64,144,43,83,69,24,4,27,11,459,88,101,55,181,100,56,12,26,6,625,279,131,869,338,237,159,114,229,44,2391,14,5,8,20,40,22,3,25,4,154,32,25,23,55,60,48,8,30,0,292,5,27,6,17,15,12,0,6,0,91,17,27,24,39,29,25,17,43,17,231,840,2145,1108,966,739,445,176,440,104,6964
1004,38,62,21,28,26,16,0,5,4,211,48,49,22,69,54,22,0,13,7,280,171,72,518,239,138,156,82,134,27,1540,7,3,6,16,29,19,8,15,0,105,28,18,10,38,38,30,3,16,0,178,6,5,3,4,9,4,3,0,0,37,13,13,20,23,17,21,4,29,20,164,441,710,644,503,392,284,110,237,69,3392
1005,79,158,44,127,96,39,11,20,5,585,138,168,99,263,141,63,28,45,17,953,400,188,1374,614,437,268,330,405,45,4057,28,13,32,39,78,45,17,37,0,296,37,23,31,46,99,55,22,52,9,374,10,25,8,15,15,15,5,15,3,121,25,20,36,39,35,28,19,61,22,283,1208,2742,1735,1462,1180,604,456,709,129,10236
1006,146,260,79,128,97,73,17,47,9,857,164,156,103,244,147,83,27,44,16,986,458,196,1570,408,364,256,288,384,57,3974,22,12,21,35,56,34,20,30,5,230,65,40,42,79,99,54,23,40,9,448,25,31,13,15,23,3,7,8,3,131,36,54,35,42,59,35,23,73,30,376,1567,2978,2017,1225,1152,707,429,699,146,10923
1007,30,68,9,50,29,13,5,0,5,202,48,64,34,120,58,23,4,15,3,383,144,109,725,329,222,84,214,122,24,1972,9,9,4,28,30,10,9,21,0,128,13,16,8,43,43,14,14,14,0,164,5,5,4,8,6,3,3,4,0,40,13,18,12,27,30,19,22,33,10,200,402,1006,818,693,464,193,284,222,58,4133
1008,25,89,11,27,38,21,7,4,6,229,48,65,30,81,42,29,8,18,3,330,171,75,596,238,146,120,115,205,24,1697,3,5,5,10,28,23,4,12,0,101,19,14,9,35,32,20,9,28,0,171,8,13,3,7,9,4,0,3,0,40,9,14,18,21,15,11,10,17,10,134,397,906,710,505,364,240,161,302,55,3649
1009,1035,1739,533,1081,1014,403,133,206,72,6216,1440,1729,907,2374,1754,763,197,351,131,9651,3572,2188,12861,4784,4071,2440,2303,3163,517,35891,193,132,139,314,473,387,112,295,22,2068,319,320,269,724,877,433,217,337,37,3532,121,230,103,117,251,99,56,111,22,1107,250,319,335,391,407,308,224,442,296,2966,10607,22885,16007,11672,11100,5719,3426,5350,1386,88142
1010,208,355,81,202,220,78,30,41,9,1218,277,341,152,441,411,168,36,118,28,1960,764,324,2388,999,818,551,436,738,95,7110,31,24,37,79,128,107,15,95,9,529,77,43,50,151,175,86,37,103,17,729,20,42,15,30,37,19,8,39,4,201,53,60,55,76,70,68,43,93,60,579,2210,4914,2936,2395,2356,1223,641,1399,273,18338
1011,92,145,45,116,87,36,7,28,8,558,150,164,73,311,188,68,15,45,16,1040,474,203,1523,611,593,347,295,374,59,4496,25,11,18,45,68,60,11,55,3,299,37,15,20,76,115,51,20,35,3,378,13,31,9,13,25,15,4,17,0,116,32,42,33,43,40,40,23,52,36,348,1249,2817,1818,1512,1367,762,408,766,152,10849
1012,35,74,20,48,55,28,3,9,3,277,58,68,38,106,43,32,5,18,8,385,189,102,560,255,169,174,87,192,25,1756,18,11,7,19,27,33,3,21,0,140,15,16,7,43,34,22,12,24,5,186,3,4,5,5,11,3,0,9,0,43,14,16,14,29,20,39,11,37,15,199,439,982,682,584,422,356,131,320,68,3985
1013,63,118,28,86,43,17,9,7,9,376,103,111,49,223,118,48,12,23,5,696,268,99,810,500,275,171,248,239,39,2641,8,5,19,41,44,32,7,31,0,173,25,18,15,56,69,24,14,24,3,240,7,5,0,8,14,4,3,3,0,47,15,20,16,40,31,26,32,34,14,235,676,1291,995,1111,688,372,336,391,89,5958
1014,33,77,24,50,33,5,3,3,0,231,41,59,23,122,65,38,8,12,3,374,155,92,559,405,245,142,132,157,19,1914,4,8,11,23,26,30,5,19,0,130,18,20,13,31,32,30,10,30,3,189,3,6,3,3,12,3,3,7,0,39,16,20,12,19,25,26,20,27,11,174,385,924,658,724,535,293,189,281,53,4045
1015,41,70,26,44,41,23,4,26,6,280,66,71,33,122,73,31,7,45,3,455,281,84,774,231,240,145,148,233,28,2154,10,8,3,11,29,22,7,22,0,115,12,9,10,37,42,36,14,33,0,197,10,8,6,5,8,3,6,25,0,75,19,21,19,28,29,24,18,81,26,254,636,1091,923,560,539,295,223,583,81,4934
1016,23,35,3,38,19,7,0,3,3,132,24,61,14,68,43,21,7,14,3,245,129,69,385,281,148,87,107,145,24,1375,3,4,13,28,24,25,11,27,0,128,11,10,3,49,30,20,7,17,0,138,0,8,0,0,3,3,0,5,0,27,7,10,20,25,22,16,9,28,13,144,253,557,446,541,326,190,149,245,46,2747
1017,34,117,31,96,55,27,9,12,3,390,73,101,65,194,128,42,12,36,6,653,236,128,977,476,382,231,201,327,32,2992,17,10,12,50,48,57,22,50,5,264,19,16,15,53,84,47,25,48,3,311,6,10,10,10,22,11,4,8,0,82,16,31,19,17,37,20,13,45,18,203,647,2056,1231,1145,986,507,287,587,89,7539
1018,21,39,17,31,20,7,6,6,3,162,31,36,42,66,45,12,8,11,3,249,93,56,510,194,152,70,202,127,16,1415,4,4,10,16,17,13,7,21,0,88,3,9,11,21,28,9,14,14,0,107,0,3,5,3,7,3,4,3,0,28,8,7,10,14,13,10,16,17,16,107,236,520,641,373,349,136,258,202,42,2755
1019,60,129,40,71,75,19,12,8,11,420,87,119,61,154,120,48,21,35,12,659,229,127,1031,326,265,167,234,249,43,2677,12,7,14,20,30,25,12,28,0,149,28,22,18,43,68,21,17,28,7,260,7,12,9,7,21,10,6,3,3,68,8,21,26,19,27,20,20,25,19,199,649,1593,1278,752,755,363,327,433,107,6248
1020,37,52,21,30,21,11,10,0,0,192,38,39,35,74,48,23,10,19,0,284,146,50,587,145,131,82,250,109,14,1524,9,3,0,10,27,20,14,15,0,100,16,11,8,25,22,18,11,12,0,121,7,0,3,3,5,4,7,4,0,35,27,8,17,11,22,23,21,9,8,150,399,711,715,358,333,202,340,193,36,3291
1021,25,47,29,28,17,7,3,0,0,154,26,30,51,48,31,19,17,9,3,238,87,44,668,143,142,61,319,102,15,1582,8,0,7,16,18,15,9,23,0,91,5,4,12,11,24,12,15,11,0,94,3,3,5,3,6,0,3,3,0,32,3,3,16,10,9,13,18,20,4,97,221,523,820,308,287,138,395,190,28,2912
1022,82,164,46,104,84,27,4,17,12,543,116,119,92,143,126,57,13,23,9,703,316,157,1098,394,279,203,191,270,48,2953,27,6,11,32,31,24,3,22,4,158,28,27,22,33,39,38,20,27,3,248,8,12,9,10,8,9,7,8,0,63,18,31,26,32,24,17,5,45,13,216,912,1562,1389,898,776,447,255,454,105,6807
1023,1324,2587,917,1296,1430,457,197,251,97,8566,1787,2516,1585,3086,2520,888,355,463,138,13334,4418,2704,19936,6717,6356,3227,5011,4253,755,53371,221,152,215,478,765,544,225,439,11,3053,417,357,391,792,1277,519,323,464,45,4572,141,331,123,177,312,102,79,148,25,1430,228,444,353,509,445,323,314,489,332,3444,14874,40371,25023,16040,17024,7395,6878,7190,1780,136572
1024,103,172,63,124,82,19,12,25,5,603,142,150,135,264,165,50,32,44,15,999,358,212,1484,662,421,278,233,365,52,4065,25,10,14,57,58,46,12,46,0,263,26,24,35,90,84,40,16,43,0,361,10,23,14,13,20,14,9,7,0,105,33,32,33,55,37,53,30,55,34,359,977,2037,1874,1481,1023,558,358,653,122,9085
1025,109,205,48,115,131,45,19,22,4,691,155,178,116,278,221,59,20,48,3,1078,419,193,1558,563,529,296,361,354,37,4317,30,6,22,29,66,65,12,33,6,271,35,23,27,71,126,45,25,44,8,413,15,35,5,22,20,13,9,20,0,127,26,26,34,62,41,46,32,69,24,356,1311,3389,1946,1399,1435,676,518,664,125,11456
1026,24,47,11,29,17,3,6,0,0,131,45,36,27,52,44,13,14,3,0,235,143,65,447,168,138,77,186,100,19,1341,12,3,7,13,30,18,8,12,0,100,13,8,9,19,30,14,10,16,3,117,5,4,7,3,4,3,0,0,0,28,10,15,7,21,17,19,18,9,9,128,343,612,538,346,328,159,241,148,52,2764
1027,158,295,55,136,176,56,12,30,7,922,169,222,110,327,263,122,17,48,19,1292,480,246,1548,666,594,380,214,397,40,4561,11,17,18,53,69,68,10,41,0,284,51,32,27,104,129,84,23,51,3,497,11,29,11,15,36,14,0,9,3,127,31,41,51,54,43,46,26,48,33,371,1391,3627,1927,1611,1583,852,324,660,137,12108
1028,30,67,36,28,44,7,17,5,0,242,50,60,68,83,58,19,42,15,3,405,182,85,903,289,225,124,508,138,43,2500,8,3,11,37,37,13,20,20,0,158,17,4,10,27,40,17,31,9,6,171,4,6,0,6,7,6,6,7,0,44,12,9,10,19,14,6,22,21,7,127,489,858,1082,555,504,230,669,230,77,4700
1029,54,87,34,48,41,15,4,8,4,291,42,74,42,134,58,30,7,14,7,398,163,108,699,301,184,118,104,177,31,1881,5,3,10,28,29,19,6,9,0,112,18,20,10,43,35,21,12,21,0,162,7,8,5,6,8,7,3,10,0,42,12,16,13,17,8,17,9,21,18,127,462,940,840,646,431,246,147,264,78,4049
1030,18274,25699,10443,12322,18237,8155,3829,4409,1441,102798,21305,23480,15179,24378,26225,12161,4642,6333,2003,135697,33525,17911,110120,32753,35727,18793,21467,21724,5004,297041,1987,1527,1499,2569,5573,2679,1346,1993,253,19412,5502,4615,3566,6563,11966,5112,3024,3565,702,44617,3171,5931,2178,2015,4584,1986,1299,1744,565,23481,3461,5463,3647,3711,5262,3052,2810,3948,4571,35922,232530,519832,178450,131361,201523,93378,52087,64057,25896,1499119
1031,115,237,51,106,98,39,23,26,6,701,160,215,82,285,176,68,13,69,12,1089,457,266,1631,602,537,309,339,452,55,4655,27,13,19,45,85,58,23,57,0,325,38,30,35,85,111,56,34,69,3,454,18,15,9,20,23,18,7,44,3,160,31,40,53,54,56,41,32,101,41,467,1216,3073,1963,1405,1295,667,497,948,149,11222
1032,38,99,22,55,40,20,6,20,3,311,51,96,36,173,71,45,14,23,4,506,239,120,762,395,242,215,171,282,26,2446,10,6,16,27,35,52,9,42,0,201,30,15,32,62,53,38,24,36,4,286,9,21,0,11,8,9,3,7,3,73,20,21,16,45,23,32,33,51,16,267,513,1185,896,831,542,442,267,470,70,5211
1033,38,77,11,40,35,15,3,7,8,230,45,46,26,80,52,27,0,22,3,298,184,67,597,195,128,124,88,137,17,1545,13,9,7,15,32,15,3,13,0,106,10,10,16,30,32,31,11,18,0,161,4,8,4,8,10,3,3,3,0,46,17,16,14,22,17,24,4,14,12,141,424,814,695,478,367,264,120,234,38,3437
1034,139,266,85,190,133,37,18,33,8,907,223,275,124,410,274,85,25,53,20,1480,688,359,2426,955,841,505,378,533,69,6757,28,23,35,74,108,71,35,65,3,438,52,44,54,128,168,72,37,66,5,627,11,38,25,12,32,11,11,20,4,166,48,60,49,54,59,52,46,73,33,469,1955,4850,3053,2208,2044,1001,584,985,180,16860
1035,819,1423,557,1014,877,325,116,191,68,5394,1229,1495,1128,2272,1643,545,255,329,111,9009,2691,1521,11901,3957,3538,1810,2848,2528,419,31203,131,109,113,271,495,284,123,231,14,1774,316,229,197,615,874,356,209,302,46,3153,102,208,94,108,219,83,62,87,19,981,150,271,277,297,298,256,208,329,238,2312,9732,24214,15295,10776,10591,4640,4093,4543,1241,85121
2000,3434,3292,1102,2096,1646,717,289,672,155,13403,3467,2914,1675,4487,2835,1016,396,1129,213,18137,12827,2633,27196,8827,5793,3964,6548,8817,1105,77705,594,185,382,719,822,597,285,774,50,4409,1082,381,567,1370,914,626,444,806,72,6266,331,296,206,186,213,121,136,243,40,1777,1817,839,1150,1075,794,824,808,1555,723,9590,33410,40519,34150,22874,17052,9246,9309,15556,2899,185019
2001,62,95,41,67,67,23,13,16,4,385,88,97,65,146,130,38,22,21,12,630,235,106,950,297,262,115,261,197,36,2462,15,3,15,14,27,22,8,13,0,120,15,14,17,58,47,22,24,19,3,215,8,7,10,3,13,0,7,6,0,49,27,14,27,29,18,11,14,31,10,188,710,1348,1177,724,719,304,372,331,93,5771
2002,33,62,10,57,47,8,3,9,0,233,56,76,42,107,65,26,6,21,3,385,173,67,575,217,157,124,113,171,20,1605,11,6,5,26,10,13,3,11,0,95,14,4,10,38,16,19,11,29,0,130,4,9,4,6,5,3,3,4,0,31,26,13,13,21,15,30,13,45,24,194,400,832,689,547,375,247,157,319,50,3622
2003,306,501,161,308,287,115,57,76,27,1834,357,467,294,715,513,232,54,122,35,2796,933,435,3798,1439,1077,749,627,919,112,10080,37,25,55,101,135,126,30,106,3,617,71,44,67,163,125,95,49,73,6,684,23,61,29,30,34,22,12,15,7,230,72,99,104,111,82,105,74,134,77,849,3334,8911,4896,3770,3173,1797,1001,1683,398,28953
2004,216,439,154,310,230,80,31,63,18,1540,338,456,269,736,414,180,52,141,28,2611,1002,440,3786,1539,1038,707,692,1035,111,10354,48,33,58,83,111,102,38,111,3,587,72,49,74,182,142,110,63,126,16,828,21,58,23,27,36,23,15,33,3,243,82,105,99,121,80,100,69,133,71,868,2971,7975,4724,3709,2880,1583,1025,1863,324,27050
2005,30,60,16,67,27,12,0,6,0,212,43,38,16,86,54,23,7,28,0,290,151,50,461,242,99,91,125,234,19,1484,7,0,3,9,19,13,8,26,0,91,6,10,7,38,17,13,7,25,0,131,3,0,3,3,3,4,4,5,0,34,19,11,24,32,9,12,16,46,11,169,341,569,554,526,277,186,169,397,44,3076
2006,63,86,29,58,38,25,6,16,4,325,72,110,57,159,69,30,11,21,7,531,299,72,883,312,164,197,169,272,26,2403,10,6,3,27,16,18,3,23,0,115,27,5,15,44,28,18,7,19,0,163,9,5,3,5,0,5,0,6,3,43,24,30,21,31,17,28,25,45,24,247,768,1309,1062,755,448,368,230,438,65,5429
2007,861,1473,625,902,778,356,144,215,62,5417,1051,1328,961,1833,1335,599,213,369,90,7785,2346,1091,9681,3772,2370,1727,1639,2409,370,25415,93,80,119,248,219,217,80,204,15,1267,199,152,172,467,361,254,148,216,25,1988,67,176,83,84,75,51,36,48,16,630,180,294,278,333,220,215,202,319,217,2254,9005,22388,12976,10049,8018,4564,2786,4435,1111,75342
2008,109,175,42,61,64,29,12,15,3,506,120,119,83,163,143,43,13,20,6,713,277,106,984,223,226,108,126,151,25,2243,12,3,11,16,24,16,0,8,0,94,23,13,18,50,55,21,14,16,4,209,4,20,11,5,6,5,4,3,0,69,17,39,23,30,31,18,8,12,10,181,1106,2179,1259,772,805,330,198,263,75,6995
2009,64,83,17,61,47,20,6,10,3,316,71,101,31,129,92,37,6,10,5,475,246,86,700,258,194,154,144,137,23,1943,7,9,11,15,35,22,3,17,0,117,22,8,12,34,30,20,4,15,0,155,9,10,0,5,3,5,3,0,0,37,16,17,19,19,14,17,9,27,13,165,602,1253,812,633,510,297,190,236,60,4596
2010,16071,22708,11510,12886,15889,7733,3736,4555,1201,96285,20450,22318,17349,28290,24432,12246,5359,7173,1696,139311,33088,15764,123253,39675,32769,20762,22313,26912,4556,319088,1571,1124,1569,2942,3916,2538,1256,2199,186,17300,3959,3081,3071,6921,7345,4094,2431,2972,502,34374,2272,4356,1804,1727,2470,1432,1020,1241,423,16753,3388,5064,4345,4443,4456,3330,2851,4057,4024,35950,206348,476674,192842,145350,176475,91325,50730,68953,21804,1430509
2011,162,147,98,160,168,70,55,59,6,931,222,235,188,498,353,106,107,94,23,1823,482,217,2317,892,734,387,722,609,108,6460,18,9,29,60,74,62,44,48,5,352,51,32,46,154,91,56,91,65,14,592,14,23,19,22,22,12,27,16,6,161,41,48,78,79,68,60,94,82,67,617,1415,2512,2974,2256,2013,940,1277,1080,274,14728
2012,128,242,52,153,86,44,22,38,9,761,197,240,115,383,222,79,18,63,21,1346,647,232,1782,675,550,389,370,494,79,5217,31,14,9,65,66,88,24,53,3,357,56,29,34,105,81,56,35,56,5,444,10,22,14,15,11,4,6,18,7,111,74,66,63,75,56,90,59,93,66,631,1604,3170,2151,1731,1300,818,559,908,201,12451
2013,18,64,28,47,22,3,0,14,3,196,44,57,40,123,80,21,10,15,9,404,125,71,806,276,196,110,141,216,34,1980,7,11,6,23,16,11,4,17,3,102,8,0,15,52,32,9,8,12,0,144,0,10,10,0,6,5,3,5,0,36,10,21,25,30,18,23,11,28,19,192,282,697,946,638,414,201,192,323,76,3788
2014,23,53,8,18,17,3,12,8,0,146,30,48,12,80,44,12,9,8,3,250,94,56,493,182,101,49,165,146,17,1305,12,3,8,16,16,11,3,14,0,77,11,12,4,23,10,3,11,21,0,98,3,8,8,0,0,3,0,0,0,18,8,12,11,14,13,9,27,27,9,139,257,615,567,380,243,106,242,233,33,2675
2015,40,87,37,38,18,13,4,10,3,251,72,84,51,115,59,21,7,25,5,444,165,63,614,214,171,95,92,154,22,1590,3,4,5,7,18,12,4,17,0,71,9,11,17,28,14,14,6,11,0,114,11,4,4,8,7,4,3,15,3,54,10,19,13,24,7,12,9,16,16,124,484,1156,783,555,365,201,139,273,54,4017
2016,121,235,41,126,100,37,15,50,11,736,219,250,127,392,255,95,38,85,11,1466,534,210,1724,677,444,350,315,551,56,4860,21,7,15,39,53,49,12,48,0,250,29,22,32,85,58,29,26,46,10,337,16,31,9,17,15,11,0,25,4,137,45,44,59,55,40,49,55,102,59,504,1491,3399,2117,1663,1228,713,499,1008,172,12294
2017,32,53,13,32,17,7,4,3,0,162,39,55,23,71,36,30,4,22,5,285,182,51,433,128,113,70,75,122,22,1192,9,3,3,10,13,14,3,8,0,70,7,13,6,14,12,18,6,12,3,92,3,4,0,0,5,0,0,4,0,24,15,12,9,13,10,15,11,24,15,120,384,719,504,341,253,163,109,216,46,2738
2018,70,139,82,89,88,33,20,19,9,549,149,214,117,291,206,73,27,25,21,1124,391,153,1783,552,532,269,416,464,77,4634,22,6,18,37,47,36,19,47,9,240,28,8,32,81,56,36,17,39,3,307,9,17,9,9,14,7,7,10,3,89,36,44,45,75,40,31,44,74,34,420,1071,2515,2204,1353,1230,551,565,728,175,10393
2019,56,79,33,69,41,19,6,14,0,310,72,105,34,174,98,46,20,22,5,576,208,76,704,314,204,179,148,195,18,2053,9,0,11,18,27,23,10,23,0,112,23,10,15,49,30,25,14,23,3,188,9,19,4,3,10,4,0,4,0,48,9,18,22,22,7,22,27,28,16,172,552,1358,859,771,531,355,223,338,54,5040
2020,111,181,65,101,92,28,16,43,4,636,161,182,87,274,175,63,21,64,11,1040,524,150,1561,495,373,245,351,480,50,4227,22,7,21,32,39,30,8,40,0,202,36,7,35,73,41,35,30,31,3,298,11,15,11,8,11,7,3,14,3,83,57,26,48,45,34,30,24,58,37,360,1329,2404,1916,1241,982,515,460,818,136,9798
2021,92,170,64,111,73,38,7,24,5,591,122,160,97,264,168,84,23,55,6,990,422,140,1411,506,356,287,261,397,33,3806,19,6,20,47,50,33,12,33,0,221,21,9,25,82,39,47,16,34,0,287,11,20,15,5,8,6,4,12,3,83,27,49,45,62,34,33,31,63,33,373,1108,2792,1764,1301,982,624,372,720,109,9765
3000,2247,2632,869,1667,1240,477,357,560,129,10164,3278,2403,1741,4316,2944,970,683,1258,200,17796,10313,3110,31024,8875,7285,3915,9626,9278,1075,84502,611,246,459,794,874,755,467,1158,65,5429,1114,423,655,1346,1007,642,775,1065,95,7122,255,255,196,209,186,112,215,347,43,1816,1366,706,1177,1026,768,800,1253,1982,794,9876,26306,34563,37799,21428,17722,8692,13884,17612,2708,180721
3001,6510,10336,4250,5354,6191,2344,1162,1616,497,38255,11568,12119,8051,16564,15201,6168,2431,3886,937,76929,20125,10795,74560,26912,25280,13883,15242,18759,2830,208391,933,692,1025,1863,2509,2085,921,1882,120,12031,2004,1625,1613,3749,4140,2267,1589,2116,279,19366,860,1810,882,819,1216,599,480,817,167,7653,1447,2137,2086,1939,2023,1474,1591,2340,1927,16964,91524,222975,103799,77169,90406,41474,27072,39615,10189,704230
3002,90,223,33,134,88,31,6,39,3,647,204,235,101,490,223,109,47,101,11,1520,636,255,2444,1023,697,482,532,757,85,6905,37,16,40,70,69,109,42,97,4,481,45,40,48,132,91,57,40,73,9,531,23,27,15,12,21,12,13,43,0,161,44,56,46,65,50,54,58,112,64,552,1529,3926,2861,2262,1522,932,750,1371,207,15360
3003,457,855,277,514,387,179,87,133,51,2938,730,764,506,1249,897,425,147,237,78,5030,1628,823,6083,2265,1876,1141,1076,1356,261,16511,69,62,105,168,180,222,65,158,8,1028,139,124,121,343,256,178,101,171,18,1448,70,121,66,92,66,47,21,60,9,552,129,186,191,224,151,175,132,227,148,1559,5076,12054,7925,6296,5172,2964,1755,2701,707,44653
3004,29,24,26,21,21,13,15,6,0,165,58,48,50,59,79,21,18,16,3,360,154,66,838,135,183,101,362,102,29,1978,10,3,17,13,27,25,15,22,0,134,14,8,7,19,16,11,21,12,3,120,5,0,3,4,4,3,3,3,0,19,21,16,21,11,15,27,24,30,6,175,425,829,1034,340,438,221,486,225,47,4036
3005,79,160,98,87,68,17,21,26,5,551,167,163,167,233,176,61,63,58,16,1109,424,238,2944,572,547,278,764,520,85,6358,23,23,33,40,44,58,35,75,9,341,23,23,46,62,52,39,50,51,5,342,5,24,18,15,6,8,30,37,0,139,31,26,50,35,39,37,59,68,42,382,1180,2683,3562,1264,1191,553,1070,903,191,12611
3006,2242,3065,1146,1968,1867,1074,263,530,161,12311,3400,3442,2342,5793,4041,2377,562,1236,286,23482,7343,3138,25012,8417,7026,5462,3901,6474,962,67732,284,200,291,544,622,644,183,523,41,3327,744,514,578,1374,1407,1087,397,689,104,6890,284,480,257,263,415,258,103,228,60,2354,587,720,786,758,684,708,408,781,622,6057,24286,47244,32859,24173,22031,15126,6498,12297,2946,187460
3007,24,62,17,60,34,17,3,5,0,223,60,60,36,151,95,25,11,27,3,475,171,66,776,322,226,187,187,257,38,2222,11,0,15,20,20,24,13,50,0,155,10,8,14,37,24,26,16,14,3,155,4,8,4,12,5,3,4,3,0,46,17,15,25,22,5,18,12,24,21,152,393,903,912,694,495,330,257,404,67,4452
3008,86,166,55,147,79,48,13,25,9,633,150,194,99,401,190,78,33,57,13,1212,422,180,1537,853,383,404,277,487,38,4575,17,13,24,61,48,71,7,48,0,287,34,35,36,108,52,59,24,59,6,410,4,28,15,21,9,11,0,4,3,101,24,45,49,54,34,29,27,67,37,371,1023,2911,1868,1897,1000,781,389,783,132,10781
3009,29,29,13,41,19,5,3,4,0,147,36,56,23,82,44,19,7,10,4,286,109,43,389,166,102,72,100,149,14,1141,10,0,10,13,21,24,3,30,0,101,15,6,6,22,14,7,4,14,0,83,0,3,0,0,0,0,0,0,0,14,14,8,12,12,5,10,4,24,7,103,282,632,469,376,253,152,135,253,30,2578
3010,166,301,139,160,129,53,48,37,9,1037,326,337,266,447,360,109,97,89,24,2064,905,446,5021,936,1026,573,1261,806,166,11146,32,18,37,82,83,97,39,80,3,483,85,41,63,116,114,75,99,87,10,691,18,37,34,18,31,14,17,31,3,209,58,52,118,95,54,74,80,105,73,711,2296,5416,5951,2285,2239,1149,1754,1385,336,22815
3011,34,84,30,58,44,10,5,12,0,277,76,79,43,165,103,29,10,28,5,534,207,101,880,467,290,145,213,269,27,2594,10,5,19,37,49,36,14,42,0,209,14,9,12,61,30,30,11,31,0,202,3,13,4,4,14,8,3,5,0,48,18,21,28,39,22,24,26,45,18,243,470,1115,1036,933,633,299,282,450,62,5283
3012,21,53,27,43,33,6,12,6,0,201,42,79,57,115,70,15,29,15,7,425,165,100,1389,191,222,101,455,127,47,2803,6,9,22,12,15,29,22,21,3,132,16,6,20,25,13,15,19,13,0,136,0,3,5,6,3,0,7,11,0,39,10,13,36,22,19,16,32,25,25,193,433,1280,1634,551,455,219,597,254,98,5506
3013,120,246,125,177,120,36,21,30,9,885,235,260,193,549,358,94,54,74,20,1830,686,372,3653,1150,991,490,789,651,93,8863,29,26,45,98,97,116,57,115,3,580,39,34,46,130,107,74,82,77,7,595,14,44,29,24,19,7,21,29,3,188,46,65,82,83,51,66,73,103,58,629,1791,5055,4447,2680,2242,985,1166,1189,230,19781
3014,1069,1683,572,1002,896,468,142,247,73,6154,1488,1660,1061,2521,1828,901,230,533,112,10343,3734,1510,13253,4407,3444,2758,1908,3239,432,34671,116,100,149,281,351,366,85,274,16,1740,352,247,298,620,585,466,191,327,37,3116,137,177,131,119,153,115,36,98,27,989,251,296,359,333,263,306,168,324,245,2555,11210,24032,16869,11627,10200,6548,2976,5728,1238,90422
3015,314,587,165,309,293,100,46,88,14,1928,570,636,458,941,794,239,143,181,41,4006,1348,644,5466,2018,1754,1008,1004,1269,127,14640,59,34,78,111,172,172,61,166,5,860,126,75,80,304,195,143,84,129,11,1142,21,74,36,38,44,19,13,23,6,281,76,89,122,145,105,119,95,154,82,989,4236,11197,6861,4779,4619,2156,1543,2390,376,38161
3016,384,651,284,460,345,99,76,68,14,2388,832,787,544,1632,1000,326,143,203,69,5527,1698,867,7780,3149,2346,1241,1749,1590,259,20679,70,54,99,229,222,200,85,156,7,1115,121,107,100,342,271,141,113,143,11,1348,54,106,45,66,74,41,26,39,19,465,74,157,156,174,128,115,119,202,116,1241,5319,14280,9606,7362,5790,2577,2479,2754,631,50801
3017,25,46,9,37,22,6,4,17,3,165,47,40,26,90,43,16,14,21,3,299,156,59,502,230,141,113,163,224,22,1605,3,3,13,11,19,11,18,43,3,121,14,11,7,24,16,28,18,29,0,151,3,0,4,0,4,0,0,3,0,15,20,17,19,18,12,20,16,36,16,182,346,716,618,473,326,224,239,396,53,3394
3018,46,66,31,40,33,7,10,10,0,251,64,67,47,124,74,26,18,9,7,439,192,77,925,256,209,116,255,147,30,2197,9,3,17,21,19,32,8,6,0,116,27,12,9,37,29,18,19,11,0,157,9,13,0,8,6,5,3,3,0,46,14,18,19,18,21,13,14,25,15,150,574,1256,1113,624,496,249,334,237,63,4945
4000,1097,1292,283,844,580,213,112,249,48,4715,1289,927,463,1638,911,373,155,398,57,6220,4677,1073,9637,3409,2522,1562,2316,3593,369,29157,313,91,186,258,386,296,171,449,24,2168,600,167,254,577,432,282,221,489,45,3066,135,97,80,69,97,47,45,150,21,738,679,266,373,342,263,277,336,673,246,3460,11851,13317,11766,8205,6398,3403,3496,6714,910,66058
4001,3940,7403,2282,4570,3812,1417,579,932,306,25244,5881,6515,4192,8937,6547,2526,999,1672,462,37725,11131,5891,41676,16856,14127,8156,6961,9651,1580,116030,650,420,673,1275,1698,1469,502,1308,92,8079,1221,996,1036,2610,2569,1379,692,1036,158,11701,489,1037,542,571,676,324,253,486,123,4495,859,1190,1175,1316,1143,965,722,1266,908,9545,46789,119492,57791,49387,46291,22706,12846,21829,5183,382315
4002,66,129,14,78,45,30,7,17,4,392,107,120,42,166,108,25,15,22,7,617,334,144,1289,563,370,289,291,325,49,3645,19,14,17,35,69,65,26,58,0,307,36,15,26,81,42,42,22,42,3,305,8,10,8,17,9,3,9,14,0,79,25,23,20,45,24,21,47,50,16,264,789,1713,1440,1133,750,505,423,550,87,7398
4003,32,56,12,39,22,7,8,16,3,195,38,43,25,115,56,28,6,45,4,350,148,65,506,321,166,136,123,263,19,1744,7,9,10,19,30,35,20,51,0,191,18,15,8,49,26,11,13,36,3,182,3,11,7,8,3,3,6,38,0,68,12,3,24,18,14,17,20,75,14,208,330,534,634,642,356,257,210,647,56,3664
4004,19,36,3,45,15,3,3,3,3,142,33,42,23,90,33,7,5,3,3,254,100,68,465,278,149,69,162,122,21,1437,13,13,13,29,22,24,7,18,3,128,16,4,5,44,20,19,9,16,0,132,6,4,7,0,3,0,3,5,3,34,11,16,13,25,6,3,22,17,17,125,264,699,541,578,296,134,220,200,53,2984
4005,31,69,6,41,33,11,3,8,8,207,50,60,30,112,55,27,16,13,5,355,191,115,698,264,187,129,99,191,15,1893,13,3,17,22,28,19,9,29,0,138,13,27,10,37,26,18,14,33,0,179,8,9,12,4,9,0,7,9,0,66,19,22,30,20,19,21,9,40,18,208,439,978,821,579,435,255,167,350,59,4096
4006,18,48,8,47,14,4,7,0,5,147,33,48,24,102,37,7,11,6,5,279,105,62,489,272,121,95,163,122,23,1450,9,0,10,24,17,18,14,20,0,111,9,6,3,27,18,7,10,9,3,99,0,0,6,3,4,0,3,5,0,31,3,13,11,11,10,16,13,17,8,108,246,644,566,532,251,166,224,188,54,2855
4007,71,107,21,92,59,28,7,14,3,402,57,78,44,140,73,37,9,32,3,478,214,85,685,381,195,163,116,226,26,2098,21,5,21,27,26,35,9,31,3,168,21,11,15,62,44,28,23,22,3,224,9,3,13,4,3,3,0,9,0,48,29,24,27,35,16,24,12,28,19,214,607,1164,871,876,507,350,185,393,62,5013
4008,28,63,21,63,17,7,12,5,3,212,60,76,63,128,70,16,26,10,3,449,161,77,994,307,211,114,387,168,59,2474,11,11,16,25,38,24,25,36,4,193,10,11,18,49,23,24,32,21,3,183,3,7,3,3,3,0,5,3,3,36,4,9,23,29,5,18,41,36,16,181,420,1137,1179,702,421,220,544,288,109,5006
5000,1214,1143,533,668,580,200,259,320,60,4974,1144,830,795,1210,890,333,398,459,70,6134,4012,1277,14626,2954,2390,1109,4046,3562,546,34525,259,139,200,360,449,265,214,501,28,2411,527,196,336,526,512,223,337,434,42,3132,144,104,87,84,88,40,80,163,15,807,664,254,440,404,362,265,518,693,296,3882,11821,13980,17932,7376,6728,2891,6272,7095,1227,75314
5001,109,217,46,133,113,23,25,41,4,709,123,139,89,224,143,63,20,55,14,867,341,155,1430,611,349,257,282,348,54,3823,28,13,27,48,66,55,28,62,7,324,40,25,27,82,66,37,21,52,3,349,15,19,9,20,13,6,4,16,0,110,29,31,42,52,43,34,42,50,23,359,1000,2133,1756,1369,970,544,447,707,126,9063
5002,62,95,24,56,42,22,5,19,0,329,70,69,51,140,96,31,6,23,4,493,181,109,607,206,177,110,97,119,26,1641,10,13,17,19,23,24,6,13,3,128,31,20,15,39,40,20,10,22,4,198,9,6,3,4,4,9,0,8,3,45,16,17,26,30,17,17,17,27,20,187,636,1283,797,664,587,276,155,282,85,4774
5003,163,347,171,199,181,46,60,65,12,1247,271,263,312,441,267,130,84,111,23,1903,631,373,3881,1071,869,549,870,788,142,9173,43,20,57,75,128,161,36,111,9,637,81,55,81,165,162,94,80,93,3,813,21,44,28,30,22,15,34,41,7,247,48,51,77,98,62,63,78,140,51,668,1928,4778,4840,2432,2097,1203,1328,1574,291,20465
5004,138,197,83,99,106,68,24,50,3,771,156,111,118,196,129,83,26,63,9,883,453,136,1816,524,353,250,358,401,61,4353,30,24,26,55,46,70,18,50,0,305,69,23,34,92,82,50,30,47,7,425,17,19,19,16,23,8,9,6,0,113,43,37,57,40,50,42,24,50,26,374,1376,2240,2268,1242,1035,695,525,804,124,10295
5005,39,58,12,22,39,13,4,10,0,205,36,50,33,47,56,19,10,19,0,264,159,90,578,143,120,82,146,123,20,1467,13,4,8,19,26,26,11,26,3,134,18,3,17,15,27,16,16,17,0,124,9,8,7,3,5,4,3,3,3,46,20,11,13,23,18,15,20,29,16,169,400,687,691,326,355,183,218,243,46,3147
5006,96,187,39,106,95,30,23,23,8,620,129,172,101,262,145,55,30,48,11,955,391,230,1880,537,434,244,376,395,87,4567,34,25,19,49,79,56,23,72,6,363,35,28,36,63,69,48,28,42,4,358,19,19,5,19,19,8,11,16,3,118,32,40,35,56,24,31,41,59,31,344,1060,2407,2219,1277,1031,515,550,712,167,9933
5007,68,123,61,59,60,13,33,8,4,430,118,137,98,166,108,38,60,30,12,756,300,156,2064,321,292,148,626,222,61,4192,15,5,30,23,40,44,34,31,7,228,37,12,30,56,58,23,56,34,6,302,5,16,9,11,10,9,20,13,0,94,13,24,47,35,15,27,86,49,40,350,846,1910,2462,835,721,353,1004,446,147,8728
5008,44,62,60,40,44,12,18,8,4,304,74,68,82,88,85,22,28,36,10,493,191,89,1210,158,230,65,267,173,75,2465,15,11,15,26,26,18,17,23,0,166,17,13,32,20,51,21,28,28,3,222,3,7,5,3,3,4,9,9,0,46,18,17,43,21,30,28,33,28,16,244,616,1092,1581,460,593,229,436,367,132,5508
5009,6591,11322,5364,5849,6486,2621,1545,1915,507,42196,8141,9137,8355,11829,9778,4605,2392,3182,714,58133,15928,8647,75869,22205,17844,10066,13474,13744,2846,180629,831,537,1057,1839,2317,1860,761,1599,131,10938,1815,1475,1926,3769,4212,1941,1327,1695,240,18400,980,1833,1025,960,1310,627,456,778,168,8143,1322,2140,2041,2196,2168,1558,1393,1925,1507,16258,76597,187224,108003,67150,71258,34704,26007,32964,9008,612906
5010,41,57,50,29,31,6,17,16,5,254,68,58,69,82,78,17,32,11,9,419,137,95,1193,114,169,54,265,165,63,2259,9,11,17,11,27,15,10,18,0,125,7,7,16,22,12,11,25,17,0,122,5,11,9,9,8,4,3,12,0,48,10,11,28,19,21,26,37,29,15,199,446,824,1469,361,449,188,420,320,114,4581
5011,31,56,24,42,36,18,10,18,0,232,44,56,37,93,55,28,12,25,0,347,103,56,673,169,115,74,134,156,18,1510,0,6,11,14,12,9,10,13,0,84,8,6,20,27,16,15,17,15,3,125,4,3,4,3,7,6,3,6,0,39,3,7,25,9,18,9,11,18,9,120,278,541,824,409,318,190,209,287,44,3097
6000,544,573,195,333,277,83,50,129,32,2229,648,496,338,758,499,196,77,185,56,3253,2301,609,5745,2085,1445,804,1419,1783,266,16450,113,44,108,212,209,171,68,259,6,1194,211,106,128,396,267,148,87,235,22,1589,57,57,38,44,45,31,25,46,5,333,296,150,252,210,154,186,207,395,157,2008,5832,7509,7149,4675,3634,1800,1990,3303,633,36519
6001,42,90,22,64,49,4,10,8,8,304,69,94,63,175,97,40,20,24,10,588,307,105,998,451,311,201,241,271,52,2948,7,7,21,34,44,50,13,43,7,234,13,17,19,75,53,26,23,35,5,267,4,6,4,5,5,3,3,3,0,37,25,19,18,41,23,34,28,56,21,261,628,1416,1181,946,679,393,343,456,112,6154
6002,61,107,43,73,48,17,4,12,6,376,106,91,67,200,144,37,14,34,5,700,363,135,1204,516,351,234,217,312,50,3379,15,10,10,55,40,50,23,57,0,263,33,15,19,87,49,26,13,34,9,286,3,11,7,8,17,5,3,12,5,71,16,18,37,31,27,43,32,50,14,276,767,1431,1428,1068,781,439,316,559,101,6888
6003,565,940,338,525,582,158,49,80,48,3284,878,889,564,1131,1077,376,96,164,87,5267,2053,937,6861,3072,2537,1239,930,1290,283,19200,88,70,104,223,283,291,49,242,12,1367,172,157,130,469,416,189,73,175,42,1821,63,161,59,69,116,38,25,53,10,600,152,203,209,257,183,163,121,229,148,1657,7709,19629,9180,7743,7746,3211,1554,2700,924,60398
6004,182,360,123,195,178,60,16,42,10,1173,301,377,220,512,400,142,49,82,29,2105,1050,335,2931,1318,967,611,571,643,98,8520,43,12,52,115,139,114,33,112,9,631,58,43,60,215,169,105,47,85,8,795,22,60,12,32,44,17,7,21,3,225,56,70,88,106,73,67,62,117,70,703,2653,6876,3759,3075,2541,1335,848,1271,296,22671
6005,29,49,19,38,26,9,3,6,3,183,40,55,36,86,62,17,10,12,0,323,172,58,631,254,165,88,95,156,17,1641,4,0,18,23,15,28,10,27,3,121,13,3,5,34,27,15,0,19,0,123,0,3,3,5,0,0,0,6,0,19,13,6,13,24,10,16,20,22,10,125,381,863,738,507,367,193,138,259,42,3493
7000,154,247,69,145,91,28,18,36,11,797,287,232,158,396,245,47,39,70,30,1505,693,478,2282,774,638,210,511,616,114,6317,56,90,49,166,116,60,33,103,31,702,58,81,79,150,113,43,40,76,28,678,13,24,17,36,22,9,15,26,4,155,102,153,108,200,109,79,72,211,188,1221,2074,3823,2915,2280,1698,558,759,1277,455,15845
7001,80,151,38,120,74,15,8,22,16,527,133,154,77,235,158,46,33,32,10,866,316,172,878,488,378,128,147,177,70,2749,17,15,15,37,38,24,5,21,3,175,31,22,14,74,40,22,11,30,14,255,11,34,7,14,18,12,4,11,3,107,24,49,31,45,37,10,28,31,27,292,1094,2773,1184,1429,1030,331,268,399,183,8693
7002,434,535,296,382,319,102,70,93,31,2256,777,736,608,1025,792,235,118,185,68,4530,1517,801,6343,1841,1862,659,969,1070,317,15372,71,77,107,165,217,112,65,102,10,931,141,110,123,278,265,108,81,121,23,1252,58,104,90,59,63,28,23,68,16,513,128,149,210,167,158,121,110,198,184,1429,5970,11815,8635,5486,5582,1998,1684,2410,837,44424
8000,7,10,3,3,13,3,0,0,0,37,13,13,3,6,7,0,0,0,3,54,23,8,56,33,17,3,6,11,4,157,3,0,0,0,0,0,0,0,0,4,0,0,0,3,6,0,0,0,0,11,3,0,0,0,0,0,0,0,0,3,0,0,0,0,0,0,0,0,3,14,97,144,75,63,68,22,8,22,18,508
8001,1806,2410,763,1201,1959,464,123,258,204,9184,2715,2839,1484,2496,3390,722,211,433,369,14660,3547,2478,10462,4189,4912,1633,1251,1781,621,30885,211,200,175,423,573,295,76,214,34,2206,442,442,200,551,1034,293,115,233,75,3379,228,474,143,158,268,91,42,94,49,1550,277,412,312,298,450,194,94,260,350,2646,28677,60233,16175,14880,25138,6082,2448,4776,3817,162222
9000,24,14,11,15,8,6,3,8,0,90,19,18,16,35,28,4,0,11,5,135,69,20,211,64,45,11,35,47,12,508,3,3,5,12,7,3,3,11,0,48,8,7,9,19,14,5,10,7,3,78,0,0,3,3,3,0,0,3,3,19,16,10,10,17,15,9,10,23,6,110,241,216,280,198,154,48,66,115,35,1353