RA_CODE_2016,D_21_24_FPT_MPET,D_21_24_FPT_MPULFTW,D_21_24_FPT_MPULPTW,D_21_24_FPT_MPUT,D_21_24_FPT_MPTLF,D_21_24_FPT_MPNLF,D_21_24_FPT_MPLFSNS,D_21_24_FPT_T,TDCF_FPEFT_MPEFT,TDCF_FPEFT_MPEPT,TDCF_FPEFT_MPEAW,TDCF_FPEFT_MPEHNS,TDCF_FPEFT_MPET,TDCF_FPEFT_MPULFTW,TDCF_FPEFT_MPULPTW,TDCF_FPEFT_MPUT,TDCF_FPEFT_MPTLF,TDCF_FPEFT_MPNLF,TDCF_FPEFT_MPLFSNS,TDCF_FPEFT_T,TDCF_FPEPT_MPEFT,TDCF_FPEPT_MPEPT,TDCF_FPEPT_MPEAW,TDCF_FPEPT_MPEHNS,TDCF_FPEPT_MPET,TDCF_FPEPT_MPULFTW,TDCF_FPEPT_MPULPTW,TDCF_FPEPT_MPUT,TDCF_FPEPT_MPTLF,TDCF_FPEPT_MPNLF,TDCF_FPEPT_MPLFSNS,TDCF_FPEPT_T,TDCF_FPEAW_MPEFT,TDCF_FPEAW_MPEPT,TDCF_FPEAW_MPEAW,TDCF_FPEAW_MPEHNS,TDCF_FPEAW_MPET,TDCF_FPEAW_MPULFTW,TDCF_FPEAW_MPULPTW,TDCF_FPEAW_MPUT,TDCF_FPEAW_MPTLF,TDCF_FPEAW_MPNLF,TDCF_FPEAW_MPLFSNS,TDCF_FPEAW_T,TDCF_FPHNS_MPEFT,TDCF_FPHNS_MPEPT,TDCF_FPHNS_MPEAW,TDCF_FPHNS_MPEHNS,TDCF_FPHNS_MPET,TDCF_FPHNS_MPULFTW,TDCF_FPHNS_MPULPTW,TDCF_FPHNS_MPUT,TDCF_FPHNS_MPTLF,TDCF_FPHNS_MPNLF,TDCF_FPHNS_MPLFSNS,TDCF_FPHNS_T,TDCF_FPET_MPEFT,TDCF_FPET_MPEPT,TDCF_FPET_MPEAW,TDCF_FPET_MPEHNS,TDCF_FPET_MPET,TDCF_FPET_MPULFTW,TDCF_FPET_MPULPTW,TDCF_FPET_MPUT,TDCF_FPET_MPTLF,TDCF_FPET_MPNLF,TDCF_FPET_MPLFSNS,TDCF_FPET_T,TDCF_FPULFTW_MPEFT,TDCF_FPULFTW_MPEPT,TDCF_FPULFTW_MPEAW,TDCF_FPULFTW_MPEHNS,TDCF_FPULFTW_MPET,TDCF_FPULFTW_MPULFTW,TDCF_FPULFTW_MPULPTW,TDCF_FPULFTW_MPUT,TDCF_FPULFTW_MPTLF,TDCF_FPULFTW_MPNLF,TDCF_FPULFTW_MPLFSNS,TDCF_FPULFTW_T,TDCF_FPULPTW_MPEFT,TDCF_FPULPTW_MPEPT,TDCF_FPULPTW_MPEAW,TDCF_FPULPTW_MPEHNS,TDCF_FPULPTW_MPET,TDCF_FPULPTW_MPULFTW,TDCF_FPULPTW_MPULPTW,TDCF_FPULPTW_MPUT,TDCF_FPULPTW_MPTLF,TDCF_FPULPTW_MPNLF,TDCF_FPULPTW_MPLFSNS,TDCF_FPULPTW_T,TDCF_FPUT_MPEFT,TDCF_FPUT_MPEPT,TDCF_FPUT_MPEAW,TDCF_FPUT_MPEHNS,TDCF_FPUT_MPET,TDCF_FPUT_MPULFTW,TDCF_FPUT_MPULPTW,TDCF_FPUT_MPUT,TDCF_FPUT_MPTLF,TDCF_FPUT_MPNLF,TDCF_FPUT_MPLFSNS,TDCF_FPUT_T,TDCF_FPTLF_MPEFT,TDCF_FPTLF_MPEPT,TDCF_FPTLF_MPEAW,TDCF_FPTLF_MPEHNS,TDCF_FPTLF_MPET,TDCF_FPTLF_MPULFTW,TDCF_FPTLF_MPULPTW,TDCF_FPTLF_MPUT,TDCF_FPTLF_MPTLF,TDCF_FPTLF_MPNLF,TDCF_FPTLF_MPLFSNS,TDCF_FPTLF_T,TDCF_FPNLF_MPEFT,TDCF_FPNLF_MPEPT,TDCF_FPNLF_MPEAW,TDCF_FPNLF_MPEHNS,TDCF_FPNLF_MPET,TDCF_FPNLF_MPULFTW,TDCF_FPNLF_MPULPTW,TDCF_FPNLF_MPUT,TDCF_FPNLF_MPTLF,TDCF_FPNLF_MPNLF,TDCF_FPNLF_MPLFSNS,TDCF_FPNLF_T,TDCF_FPLFSNS_MPEFT,TDCF_FPLFSNS_MPEPT,TDCF_FPLFSNS_MPEAW,TDCF_FPLFSNS_MPEHNS,TDCF_FPLFSNS_MPET,TDCF_FPLFSNS_MPULFTW,TDCF_FPLFSNS_MPULPTW,TDCF_FPLFSNS_MPUT,TDCF_FPLFSNS_MPTLF,TDCF_FPLFSNS_MPNLF,TDCF_FPLFSNS_MPLFSNS,TDCF_FPLFSNS_T,TDCF_FPT_MPEFT,TDCF_FPT_MPEPT,TDCF_FPT_MPEAW,TDCF_FPT_MPEHNS,TDCF_FPT_MPET,TDCF_FPT_MPULFTW,TDCF_FPT_MPULPTW,TDCF_FPT_MPUT,TDCF_FPT_MPTLF,TDCF_FPT_MPNLF,TDCF_FPT_MPLFSNS,TDCF_FPT_T
RA10,26884,745,286,1029,27913,4753,113,32774,233402,24734,2395,1645,262178,5376,1414,6789,268966,15096,253,284314,289341,34167,3179,2487,329170,4330,1032,5367,334541,10768,309,345608,27122,2831,3505,327,33787,409,70,473,34258,956,36,35257,3840,534,96,3971,8442,156,49,203,8650,584,310,9545,553708,62261,9173,8429,633577,10269,2573,12836,646416,27405,909,674730,7788,1337,118,188,9438,1483,177,1659,11100,900,15,12008,15127,2635,170,370,18308,1297,557,1854,20164,1271,52,21490,22919,3974,288,563,27744,2778,739,3520,31257,2169,67,33501,576622,66240,9459,8993,661314,13050,3309,16360,677673,29582,975,708229,191478,36687,4033,6350,238544,8250,2466,10715,249260,47882,969,298117,1066,283,25,986,2361,51,15,68,2424,331,2558,5306,769172,103207,13516,16329,902224,21345,5790,27140,929360,77787,4503,1011657
RA11,1746,40,4,44,1790,230,4,2026,47270,5760,777,387,54199,744,240,987,55187,3108,57,58354,70981,9987,1133,726,82832,941,246,1183,84013,3138,106,87259,5847,791,1068,69,7779,99,21,118,7897,278,10,8189,887,119,26,952,1980,41,4,47,2030,152,44,2226,124982,16662,3006,2137,146790,1824,514,2339,149126,6686,222,156030,1104,259,19,28,1417,357,23,379,1798,246,8,2054,2510,401,60,92,3058,230,76,303,3365,239,6,3613,3613,661,82,119,4477,585,100,688,5159,489,16,5659,128591,17326,3085,2252,151262,2414,609,3026,154287,7167,231,161689,32781,5705,966,1062,40518,1770,332,2104,42621,8165,138,50923,324,54,13,98,492,6,8,18,506,42,484,1034,161695,23091,4070,3414,192269,4190,955,5150,197413,15381,852,213643
RA12,187,3,4,5,187,36,3,230,13176,1508,182,128,15001,172,45,220,15224,817,8,16052,19490,2630,347,245,22717,283,105,384,23102,996,48,24147,1621,186,266,20,2092,17,4,27,2120,68,3,2188,302,35,18,403,753,10,4,12,764,51,19,835,34590,4359,815,803,40569,481,159,643,41210,1931,84,43224,277,81,3,17,377,176,16,191,571,102,0,669,548,102,23,27,701,83,18,99,804,68,10,875,824,187,29,42,1076,255,37,292,1368,172,10,1549,35420,4545,845,843,41647,744,193,936,42582,2098,90,44776,9657,1612,371,351,11988,691,133,823,12818,3033,69,15918,127,24,0,33,186,0,0,3,189,22,191,405,45201,6181,1213,1228,53820,1433,329,1768,55591,5158,351,61101
RA13,3,0,0,0,3,0,0,5,1012,75,17,14,1109,5,0,11,1119,29,0,1150,1210,140,11,27,1387,29,0,29,1418,45,0,1465,118,17,30,5,168,0,0,0,170,3,0,175,34,0,3,54,88,3,0,3,93,5,0,100,2369,225,59,98,2752,40,3,47,2796,87,0,2888,19,0,0,0,25,7,8,10,37,7,0,39,32,3,0,0,32,3,5,6,42,6,0,44,54,4,0,0,60,6,9,22,75,13,0,87,2425,228,59,98,2813,49,14,66,2874,98,0,2977,668,65,31,42,800,54,9,64,861,229,10,1102,19,0,3,0,27,0,0,0,27,0,21,48,3107,294,94,141,3640,103,24,127,3762,332,35,4124
RA14,0,0,0,0,0,0,0,3,173,17,3,0,194,0,3,4,200,20,0,221,115,17,0,3,133,0,0,0,139,34,0,169,19,3,0,5,26,0,0,0,26,0,0,26,3,0,0,3,4,3,0,3,9,0,0,10,307,36,5,7,360,9,3,11,372,54,3,428,3,0,0,0,3,4,0,4,6,3,0,9,0,0,0,0,6,0,0,0,6,4,0,8,5,0,0,0,11,4,0,4,16,3,0,20,312,38,5,7,371,11,3,12,387,61,3,443,110,15,3,3,129,15,0,17,145,74,0,221,0,0,0,0,0,0,0,0,0,0,16,16,423,53,6,12,498,27,7,35,532,135,19,678
RA15,0,0,0,0,0,0,0,0,0,0,0,0,0,0,0,0,0,0,0,0,0,0,0,0,0,0,0,0,0,0,0,0,0,0,0,0,0,0,0,0,0,0,0,0,0,0,0,0,0,0,0,0,0,0,0,0,0,0,0,0,0,0,0,0,0,0,0,0,0,0,0,0,0,0,0,0,0,0,0,0,0,0,0,0,0,0,0,0,0,0,0,0,0,0,0,0,0,0,0,0,0,0,0,0,0,0,0,0,0,0,0,0,0,0,0,0,0,0,0,0,0,0,0,0,0,0,0,0,0,0,0,0,0,0,0,0,0,0,0,0,0,0,0,0,0,0,0,0,0,0,0,0
RA19,0,0,0,0,0,0,0,0,0,0,0,0,0,0,0,0,0,0,0,0,0,0,0,0,0,0,0,0,0,0,0,0,0,0,0,0,0,0,0,0,0,0,0,0,0,0,0,0,0,0,0,0,0,0,0,0,0,0,0,0,0,0,0,0,0,0,0,0,0,0,0,0,0,0,0,0,0,0,0,0,0,0,0,0,0,0,0,0,0,0,0,0,0,0,0,0,0,0,0,0,0,0,0,0,0,0,0,0,0,0,0,0,0,0,0,0,0,0,0,0,0,0,0,0,0,0,0,0,0,0,0,0,0,0,0,0,0,0,0,0,0,0,0,0,0,0,0,0,0,0,0,0
RA20,24779,739,221,965,25736,4034,100,29875,161830,20051,1797,1230,184909,4657,1050,5709,190622,11268,214,202104,260478,31040,2767,2280,296573,4205,902,5106,301675,9758,324,311761,22000,2448,2931,247,27628,332,60,391,28022,762,26,28799,3259,551,55,3199,7065,203,40,239,7310,482,240,8025,447573,54097,7548,6959,516177,9400,2056,11454,527630,22261,802,550690,6807,1299,119,187,8417,1810,145,1954,10367,822,25,11219,13458,2068,124,291,15939,1358,569,1927,17871,969,39,18874,20270,3365,239,482,24355,3174,709,3880,28241,1795,64,30100,467837,57459,7788,7445,540531,12566,2764,15333,555868,24052,870,580786,160860,27057,3318,4634,195876,7645,1834,9478,205350,36860,698,242910,1019,232,20,816,2082,45,12,58,2142,240,2019,4394,629720,84746,11128,12889,738492,20258,4611,24870,763360,61150,3587,828097
RA21,1978,35,15,53,2034,222,8,2263,32310,4101,525,265,37192,503,189,691,37887,2109,80,40070,67377,8014,1229,701,77324,788,165,953,78281,2459,87,80830,5357,672,916,86,7029,84,23,104,7130,212,10,7355,856,102,21,821,1798,14,4,21,1816,97,23,1937,105895,12892,2681,1873,123345,1386,386,1773,125115,4875,208,130197,866,157,24,29,1079,224,21,242,1322,153,4,1483,2166,272,47,30,2516,190,79,269,2788,175,7,2969,3037,431,70,59,3599,415,94,509,4108,331,10,4453,108930,13319,2752,1937,126943,1806,475,2283,129221,5203,216,134647,30893,4580,990,1020,37480,1345,272,1620,39103,5949,110,45156,279,33,14,96,426,6,3,10,436,32,351,819,140100,17940,3754,3058,164848,3160,753,3912,168762,11185,674,180627
RA22,180,3,0,3,181,23,3,207,6469,736,111,38,7356,128,28,151,7507,393,10,7909,12881,1509,242,149,14782,155,35,191,14971,602,21,15596,978,123,165,17,1284,19,0,19,1301,44,0,1339,169,19,0,204,395,4,0,5,408,28,14,455,20502,2388,514,409,23817,301,62,366,24183,1068,49,25301,143,28,8,0,179,72,7,77,260,48,0,306,271,42,0,5,320,52,22,73,390,42,0,432,416,76,5,5,503,121,24,147,646,91,0,739,20918,2462,523,416,24317,420,90,509,24831,1163,49,26037,5819,878,163,211,7068,310,92,402,7468,1471,28,8967,75,12,8,16,112,4,0,4,116,14,112,239,26812,3352,682,648,31497,733,184,918,32408,2645,194,35252
RA23,0,0,0,0,0,0,0,0,66,7,0,0,69,0,0,0,74,6,3,79,128,12,3,3,147,0,0,0,147,13,0,165,3,0,0,0,9,0,0,0,9,0,0,9,3,0,0,4,4,0,0,0,4,0,0,4,197,23,9,6,231,0,0,0,235,19,3,253,0,0,0,0,0,0,0,0,3,0,0,3,7,0,0,0,7,0,0,0,7,0,0,7,7,0,0,0,4,0,0,0,6,0,0,6,206,21,9,6,243,0,0,4,244,19,3,265,65,23,0,3,86,4,3,5,99,22,0,115,3,0,0,0,3,0,0,0,3,0,0,3,271,46,11,11,334,8,4,12,341,36,3,383
RA25,0,0,0,0,0,0,0,0,0,0,0,0,0,0,0,0,0,0,0,0,0,0,0,0,0,0,0,0,0,0,0,0,0,0,0,0,0,0,0,0,0,0,0,0,0,0,0,0,0,0,0,0,0,0,0,0,0,0,0,0,0,0,0,0,0,0,0,0,0,0,0,0,0,0,0,0,0,0,0,0,0,0,0,0,0,0,0,0,0,0,0,0,0,0,0,0,0,0,0,0,0,0,0,0,0,0,0,0,0,0,0,0,0,0,0,0,0,0,0,0,0,0,0,0,0,0,0,0,0,0,0,0,0,0,0,0,0,0,0,0,0,0,0,0,0,0,0,0,0,0,0,0
RA29,0,0,0,0,0,0,0,0,0,0,0,0,0,0,0,0,0,0,0,0,0,0,0,0,0,0,0,0,0,0,0,0,0,0,0,0,0,0,0,0,0,0,0,0,0,0,0,0,0,0,0,0,0,0,0,0,0,0,0,0,0,0,0,0,0,0,0,0,0,0,0,0,0,0,0,0,0,0,0,0,0,0,0,0,0,0,0,0,0,0,0,0,0,0,0,0,0,0,0,0,0,0,0,0,0,0,0,0,0,0,0,0,0,0,0,0,0,0,0,0,0,0,0,0,0,0,0,0,0,0,0,0,0,0,0,0,0,0,0,0,0,0,0,0,0,0,0,0,0,0,0,0
RA30,8865,303,88,387,9251,1327,21,10597,116334,13395,1500,784,132011,3338,724,4062,136069,7554,130,143750,154309,19079,1954,1223,176570,3142,555,3702,180267,5914,171,186351,14080,1651,1763,124,17615,271,23,298,17918,612,16,18542,1885,270,38,1878,4071,124,19,144,4216,283,140,4640,286610,34393,5257,4009,330265,6875,1329,8199,338470,14369,453,353293,4833,883,104,125,5949,1232,83,1312,7259,583,19,7859,8166,1260,115,236,9775,808,240,1044,10821,566,19,11402,13004,2140,213,359,15718,2036,319,2359,18074,1147,42,19266,299611,36534,5471,4370,345989,8907,1645,10554,356547,15518,495,372556,89257,13322,2349,2442,107372,4569,914,5490,112860,16907,282,130054,457,86,5,333,888,24,4,28,917,87,1104,2101,389329,49944,7834,7141,454251,13506,2567,16073,470323,32517,1875,504717
RA31,819,31,4,37,853,150,0,1002,28967,3268,527,227,32992,850,169,1019,34011,2107,32,36143,42607,5503,869,454,49429,1031,145,1175,50609,2302,60,52969,3443,454,585,42,4527,108,19,125,4652,185,3,4844,504,70,21,587,1184,40,8,45,1227,102,30,1362,75521,9299,2003,1313,88131,2026,343,2364,90500,4692,128,95319,1312,220,32,44,1606,478,44,524,2127,325,0,2460,2234,301,73,82,2689,242,88,328,3016,214,3,3232,3545,519,109,123,4293,719,134,849,5143,536,5,5689,79065,9816,2107,1432,92428,2742,475,3213,95640,5232,135,101008,25818,4164,977,774,31734,2140,357,2490,34225,6870,88,41192,184,40,9,68,301,9,0,9,309,24,347,683,105071,14017,3095,2279,124463,4888,828,5716,130174,12127,569,142881
RA32,635,22,0,23,664,94,0,756,23355,2518,487,186,26543,669,126,793,27338,1525,30,28895,29791,3720,654,371,34537,678,98,775,35307,1445,43,36797,2641,343,452,31,3464,49,14,63,3526,157,3,3695,405,58,17,488,968,29,14,46,1014,86,27,1122,56189,6637,1613,1078,65512,1427,242,1678,67189,3215,96,70507,853,141,32,34,1064,376,13,394,1453,193,4,1655,1439,224,32,42,1747,198,84,286,2029,137,3,2170,2298,366,69,81,2808,578,101,675,3481,332,14,3825,58487,7002,1676,1155,68320,2006,347,2350,70668,3545,112,74328,16580,2420,694,613,20305,1293,237,1534,21837,4268,96,26208,150,11,10,45,210,6,0,4,220,26,299,547,75217,9429,2373,1812,88837,3303,587,3889,92730,7847,509,101083
RA33,10,0,0,0,16,0,0,16,2575,146,30,21,2777,27,10,36,2815,113,3,2930,3148,320,42,44,3553,49,6,55,3610,114,3,3730,282,30,48,5,360,0,0,0,360,9,0,373,60,0,3,64,126,0,0,0,126,13,3,137,6059,496,121,142,6817,77,17,95,6914,255,7,7180,69,11,4,0,85,59,0,59,145,19,0,165,149,20,6,5,177,29,8,36,221,15,0,237,215,25,10,8,263,86,8,101,362,35,0,397,6277,518,135,145,7079,166,24,195,7275,293,7,7573,2261,209,91,79,2635,149,43,185,2826,470,13,3315,14,0,0,0,18,4,0,4,20,6,34,65,8550,731,226,226,9736,314,66,384,10118,766,59,10945
RA34,9,0,0,0,9,6,0,15,2025,163,27,27,2240,69,11,80,2319,200,8,2531,1376,257,30,42,1704,39,8,47,1742,151,0,1890,192,17,53,4,270,3,3,7,269,8,5,284,41,15,6,45,106,9,0,6,111,16,0,133,3628,452,116,124,4313,117,17,134,4450,373,17,4836,72,22,0,11,104,122,4,127,230,31,0,263,40,10,0,4,54,20,16,35,91,24,0,119,117,34,0,13,160,138,24,162,319,57,0,382,3746,481,116,131,4469,253,38,297,4768,433,17,5216,1281,344,31,76,1727,218,67,286,2012,916,22,2959,18,0,0,12,29,0,0,3,27,17,73,113,5040,828,143,219,6227,474,107,581,6816,1365,107,8286
RA35,0,0,0,0,0,0,0,0,0,0,0,0,0,0,0,0,0,0,0,0,0,0,0,0,0,0,0,0,0,0,0,0,0,0,0,0,0,0,0,0,0,0,0,0,0,0,0,0,0,0,0,0,0,0,0,0,0,0,0,0,0,0,0,0,0,0,0,0,0,0,0,0,0,0,0,0,0,0,0,0,0,0,0,0,0,0,0,0,0,0,0,0,0,0,0,0,0,0,0,0,0,0,0,0,0,0,0,0,0,0,0,0,0,0,0,0,0,0,0,0,0,0,0,0,0,0,0,0,0,0,0,0,0,0,0,0,0,0,0,0,0,0,0,0,0,0,0,0,0,0,0,0
RA39,0,0,0,0,0,0,0,0,0,0,0,0,0,0,0,0,0,0,0,0,0,0,0,0,0,0,0,0,0,0,0,0,0,0,0,0,0,0,0,0,0,0,0,0,0,0,0,0,0,0,0,0,0,0,0,0,0,0,0,0,0,0,0,0,0,0,0,0,0,0,0,0,0,0,0,0,0,0,0,0,0,0,0,0,0,0,0,0,0,0,0,0,0,0,0,0,0,0,0,0,0,0,0,0,0,0,0,0,0,0,0,0,0,0,0,0,0,0,0,0,0,0,0,0,0,0,0,0,0,0,0,0,0,0,0,0,0,0,0,0,0,0,0,0,0,0,0,0,0,0,0,0
RA40,5323,183,45,230,5554,992,15,6565,36810,5370,510,251,42946,1193,261,1448,44394,2910,13,47314,66226,9298,901,451,76877,1324,298,1617,78499,2845,66,81407,5845,854,937,68,7705,104,19,122,7828,261,6,8097,638,142,23,626,1425,30,16,46,1470,105,36,1616,109514,15664,2368,1395,128949,2654,592,3240,132193,6116,127,138430,1569,377,56,28,2033,598,56,652,2686,244,8,2944,2856,568,51,58,3537,365,101,466,4003,249,9,4261,4430,944,107,91,5574,965,159,1123,6694,495,15,7209,113942,16615,2475,1488,134520,3619,750,4368,138886,6610,147,145641,31480,6313,806,839,39433,2302,531,2837,42273,10089,116,52477,225,53,3,114,384,14,3,16,401,31,389,817,145648,22979,3286,2433,174340,5931,1286,7219,181559,16725,649,198933
RA41,430,3,6,9,443,49,0,485,6282,896,86,64,7329,130,39,171,7505,448,12,7968,12254,1656,208,108,14228,161,20,180,14410,477,18,14902,984,141,192,12,1326,16,6,22,1347,48,0,1401,146,27,6,121,305,3,0,3,306,18,10,334,19666,2717,491,301,23182,316,68,382,23563,997,35,24596,189,43,10,10,251,66,0,66,324,44,0,362,399,69,12,6,486,29,10,34,522,35,0,557,593,107,22,21,735,94,10,107,843,79,0,917,20254,2828,509,321,23918,410,73,488,24405,1073,40,25519,5597,1048,222,128,6998,253,43,299,7290,1149,6,8451,49,24,4,13,83,0,0,0,83,0,71,155,25903,3896,735,459,30998,657,120,783,31780,2225,116,34121
RA42,89,3,0,3,89,7,0,103,4276,445,74,46,4842,79,20,97,4946,247,0,5195,8696,1077,173,95,10043,146,19,173,10212,399,15,10634,683,86,174,13,957,19,0,19,975,50,0,1025,87,10,10,106,209,3,0,8,216,12,0,227,13747,1617,427,252,16052,247,43,290,16342,713,22,17076,113,31,3,4,156,75,4,73,228,54,0,282,268,24,8,15,311,43,22,68,380,33,3,419,378,54,12,20,466,114,25,143,607,87,3,695,14128,1679,439,276,16518,368,65,434,16952,795,28,17776,4065,642,141,123,4969,308,56,362,5334,1183,27,6539,33,16,3,4,49,0,0,0,49,3,57,113,18222,2336,579,398,21537,671,127,796,22334,1985,116,24426
RA43,5,0,0,0,6,0,0,5,1201,126,15,9,1350,13,3,17,1364,72,0,1438,2687,344,49,22,3108,21,9,34,3144,91,7,3238,203,16,46,0,268,0,0,0,272,6,0,277,37,0,3,39,78,6,0,6,80,11,3,90,4129,485,116,73,4807,41,15,53,4866,181,6,5052,26,0,6,0,40,7,0,7,44,10,0,57,81,3,7,0,95,0,7,7,101,9,0,106,107,8,14,0,134,11,7,18,151,17,0,171,4239,493,125,77,4936,50,24,69,5008,200,8,5223,1057,120,26,32,1239,31,8,39,1280,173,4,1460,6,0,0,3,9,0,0,0,9,0,19,33,5306,621,151,108,6190,77,31,109,6301,375,36,6717
RA44,0,0,0,0,3,0,0,3,317,33,0,5,354,17,0,17,375,50,0,427,461,107,5,4,574,8,0,9,586,48,3,635,39,9,17,0,63,0,0,0,63,7,0,69,6,0,0,11,18,7,0,7,25,0,0,25,829,144,24,19,1012,31,0,38,1046,111,3,1155,10,0,0,0,12,34,5,35,44,10,0,54,4,0,0,0,4,14,5,14,24,0,0,24,14,0,0,0,17,44,7,51,64,10,0,78,840,148,24,19,1028,79,9,87,1111,119,3,1233,181,74,16,9,282,14,10,18,304,223,3,531,3,0,0,3,5,0,0,0,5,0,67,71,1029,220,32,38,1319,91,15,105,1422,342,73,1839
RA45,0,0,0,0,0,0,0,0,0,0,0,0,0,0,0,0,0,0,0,0,0,0,0,0,0,0,0,0,0,0,0,0,0,0,0,0,0,0,0,0,0,0,0,0,0,0,0,0,0,0,0,0,0,0,0,0,0,0,0,0,0,0,0,0,0,0,0,0,0,0,0,0,0,0,0,0,0,0,0,0,0,0,0,0,0,0,0,0,0,0,0,0,0,0,0,0,0,0,0,0,0,0,0,0,0,0,0,0,0,0,0,0,0,0,0,0,0,0,0,0,0,0,0,0,0,0,0,0,0,0,0,0,0,0,0,0,0,0,0,0,0,0,0,0,0,0,0,0,0,0,0,0
RA49,0,0,0,0,0,0,0,0,0,0,0,0,0,0,0,0,0,0,0,0,0,0,0,0,0,0,0,0,0,0,0,0,0,0,0,0,0,0,0,0,0,0,0,0,0,0,0,0,0,0,0,0,0,0,0,0,0,0,0,0,0,0,0,0,0,0,0,0,0,0,0,0,0,0,0,0,0,0,0,0,0,0,0,0,0,0,0,0,0,0,0,0,0,0,0,0,0,0,0,0,0,0,0,0,0,0,0,0,0,0,0,0,0,0,0,0,0,0,0,0,0,0,0,0,0,0,0,0,0,0,0,0,0,0,0,0,0,0,0,0,0,0,0,0,0,0,0,0,0,0,0,0
RA50,7469,346,74,422,7887,1014,13,8911,58338,7662,1014,416,67421,2696,480,3176,70600,4219,62,74879,106760,12637,1761,929,122078,3057,379,3440,125515,3501,96,129113,8167,992,1296,86,10534,270,26,296,10829,301,22,11151,1125,197,47,1096,2460,88,12,103,2561,162,82,2800,174386,21488,4109,2522,202501,6112,899,7012,209506,8178,263,217953,3578,444,96,70,4184,926,86,1013,5195,370,10,5572,7186,896,232,138,8443,828,151,979,9425,392,12,9833,10758,1342,327,205,12628,1751,235,1986,14615,764,24,15402,185145,22828,4434,2722,215127,7863,1133,9001,224126,8945,280,233359,70447,9094,2308,1751,83605,4480,663,5139,88744,10655,212,99617,335,52,13,221,629,28,10,33,662,97,661,1413,255932,31974,6756,4697,299361,12370,1802,14173,313531,19696,1155,334385
RA51,203,4,0,4,206,16,0,221,5189,673,137,46,6043,172,43,215,6259,350,7,6623,11687,1571,405,133,13795,298,24,319,14117,416,14,14541,677,87,154,9,928,20,3,22,948,21,3,969,123,17,6,121,265,0,0,0,270,12,11,285,17678,2349,702,300,21030,483,76,559,21594,797,34,22425,216,28,13,13,270,103,0,106,369,44,5,425,618,70,19,17,721,80,12,91,813,55,0,879,835,104,30,27,988,185,12,197,1184,106,11,1303,18508,2449,737,329,22020,670,91,756,22782,901,45,23726,6942,869,480,210,8488,405,46,446,8940,894,10,9843,35,7,3,16,63,5,3,8,70,0,68,135,25491,3326,1214,548,30570,1077,136,1214,31787,1794,123,33704
RA52,47,0,3,3,51,6,0,60,4914,534,104,58,5615,142,23,163,5775,291,10,6074,9257,1112,228,93,10693,149,32,177,10873,361,15,11248,658,82,171,7,923,15,0,12,931,16,0,952,129,24,3,156,305,7,0,7,311,15,0,321,14952,1757,513,309,17533,304,51,358,17887,677,24,18592,159,21,7,18,203,48,0,52,258,43,0,300,309,24,10,11,361,40,17,53,413,42,0,456,472,47,18,30,565,87,16,108,674,82,0,750,15425,1808,527,336,18096,389,70,461,18561,759,23,19346,5615,754,315,170,6863,343,61,399,7264,943,27,8240,46,13,0,10,63,4,3,10,69,4,73,139,21083,2570,848,516,25021,739,132,873,25893,1709,122,27728
RA53,16,0,0,0,16,0,0,16,2956,275,58,21,3308,67,15,83,3394,129,6,3523,4497,389,106,55,5046,56,0,59,5102,111,0,5215,365,35,103,14,519,14,0,14,526,21,0,543,79,4,0,62,145,3,0,3,150,4,6,160,7898,700,258,157,9023,138,14,149,9177,269,12,9454,99,11,0,0,116,67,0,67,179,7,0,190,173,13,11,12,211,31,11,41,247,13,3,261,281,21,10,14,324,93,11,102,430,22,4,453,8176,722,276,171,9349,228,25,257,9606,285,21,9907,3264,244,152,105,3771,124,17,141,3907,341,14,4267,53,8,0,3,62,0,0,0,62,0,59,121,11498,976,434,274,13178,355,43,397,13574,624,91,14291
RA54,7,0,0,0,6,0,0,3,1504,195,23,15,1741,41,4,44,1787,185,3,1969,1545,269,72,25,1911,28,4,35,1940,103,0,2045,159,27,51,6,238,9,0,9,247,15,0,257,29,0,0,62,92,3,0,3,98,10,0,102,3233,489,142,107,3977,85,5,86,4063,314,6,4382,73,10,7,0,86,96,8,100,186,30,0,218,80,11,8,0,98,26,18,43,138,10,0,145,148,13,16,0,182,120,22,140,325,45,0,368,3382,503,160,109,4160,200,26,230,4393,357,6,4749,1434,208,102,53,1802,299,42,344,2140,1083,28,3255,15,3,0,9,33,3,0,3,37,13,125,176,4838,715,264,170,5988,503,70,573,6570,1450,161,8181
RA55,0,0,0,0,0,0,0,0,0,0,0,0,0,0,0,0,0,0,0,0,0,0,0,0,0,0,0,0,0,0,0,0,0,0,0,0,0,0,0,0,0,0,0,0,0,0,0,0,0,0,0,0,0,0,0,0,0,0,0,0,0,0,0,0,0,0,0,0,0,0,0,0,0,0,0,0,0,0,0,0,0,0,0,0,0,0,0,0,0,0,0,0,0,0,0,0,0,0,0,0,0,0,0,0,0,0,0,0,0,0,0,0,0,0,0,0,0,0,0,0,0,0,0,0,0,0,0,0,0,0,0,0,0,0,0,0,0,0,0,0,0,0,0,0,0,0,0,0,0,0,0,0
RA59,0,0,0,0,0,0,0,0,0,0,0,0,0,0,0,0,0,0,0,0,0,0,0,0,0,0,0,0,0,0,0,0,0,0,0,0,0,0,0,0,0,0,0,0,0,0,0,0,0,0,0,0,0,0,0,0,0,0,0,0,0,0,0,0,0,0,0,0,0,0,0,0,0,0,0,0,0,0,0,0,0,0,0,0,0,0,0,0,0,0,0,0,0,0,0,0,0,0,0,0,0,0,0,0,0,0,0,0,0,0,0,0,0,0,0,0,0,0,0,0,0,0,0,0,0,0,0,0,0,0,0,0,0,0,0,0,0,0,0,0,0,0,0,0,0,0,0,0,0,0,0,0
RA61,703,14,8,21,728,148,0,878,9218,1518,180,60,10978,202,53,253,11228,745,14,11986,18554,2905,279,161,21894,259,67,323,22220,915,28,23163,1679,264,208,30,2181,37,6,43,2229,107,0,2330,166,25,0,129,324,7,4,12,335,33,0,374,29616,4719,669,384,35383,503,130,630,36015,1795,49,37856,194,57,6,4,260,88,3,87,348,56,4,414,536,103,10,27,667,48,22,77,747,61,0,802,730,165,15,28,930,138,26,161,1089,123,4,1218,30342,4876,681,406,36310,641,156,795,37101,1914,57,39071,7560,1487,202,233,9482,517,111,630,10108,2564,41,12712,80,19,3,6,111,4,3,5,115,23,71,209,37979,6383,885,653,45899,1163,270,1431,47334,4504,161,51996
RA62,121,3,0,3,123,34,0,155,3326,523,63,41,3960,80,35,111,4071,276,5,4353,6983,1189,165,86,8415,144,52,199,8613,559,12,9186,514,78,105,13,712,14,3,17,726,52,0,780,87,5,3,89,186,3,0,3,185,17,0,209,10910,1795,339,222,13274,236,87,328,13599,904,27,14523,106,33,7,6,151,86,6,88,244,50,0,292,230,38,9,10,285,48,19,67,354,58,0,413,339,66,17,13,433,137,26,160,595,107,0,699,11243,1864,358,238,13706,373,111,483,14192,1014,27,15226,3716,806,174,143,4831,312,36,346,5182,1525,11,6713,92,15,9,4,121,0,0,0,121,6,62,189,15048,2682,539,386,18659,683,143,827,19488,2540,93,22126
RA63,3,0,0,0,3,0,0,4,119,22,4,3,142,4,0,4,150,18,0,169,216,43,0,6,268,24,4,31,299,18,0,318,20,6,0,0,28,0,3,3,30,0,0,29,3,3,0,6,11,0,0,0,11,0,0,16,350,74,4,19,450,35,3,40,485,39,0,523,4,3,0,0,11,3,0,3,15,0,0,15,9,0,0,0,10,0,0,0,10,0,0,15,16,7,0,0,22,3,0,3,24,0,0,28,372,76,4,19,470,39,3,44,515,36,0,551,201,38,13,3,250,25,0,25,278,63,0,341,0,0,0,0,0,0,0,0,0,0,5,6,574,111,16,25,726,57,3,67,789,98,5,892
RA64,0,0,0,0,0,0,0,0,55,15,0,0,80,3,0,3,77,0,0,83,118,12,0,0,136,3,0,3,136,5,0,138,18,0,3,0,23,0,0,0,23,0,0,23,5,0,0,3,5,0,0,0,5,0,0,5,194,30,8,3,239,5,0,5,247,5,0,250,0,0,0,0,4,0,0,0,3,0,0,3,5,0,0,0,5,0,0,0,5,0,0,5,5,0,0,0,10,0,0,0,6,0,0,6,206,33,8,3,247,4,0,4,255,5,0,255,33,9,3,3,44,0,0,0,44,0,0,44,0,0,0,0,0,0,0,0,0,0,0,0,237,40,11,5,291,4,0,4,297,3,0,307
RA65,0,0,0,0,0,0,0,0,0,0,0,0,0,0,0,0,0,0,0,0,0,0,0,0,0,0,0,0,0,0,0,0,0,0,0,0,0,0,0,0,0,0,0,0,0,0,0,0,0,0,0,0,0,0,0,0,0,0,0,0,0,0,0,0,0,0,0,0,0,0,0,0,0,0,0,0,0,0,0,0,0,0,0,0,0,0,0,0,0,0,0,0,0,0,0,0,0,0,0,0,0,0,0,0,0,0,0,0,0,0,0,0,0,0,0,0,0,0,0,0,0,0,0,0,0,0,0,0,0,0,0,0,0,0,0,0,0,0,0,0,0,0,0,0,0,0,0,0,0,0,0,0
RA69,0,0,0,0,0,0,0,0,0,0,0,0,0,0,0,0,0,0,0,0,0,0,0,0,0,0,0,0,0,0,0,0,0,0,0,0,0,0,0,0,0,0,0,0,0,0,0,0,0,0,0,0,0,0,0,0,0,0,0,0,0,0,0,0,0,0,0,0,0,0,0,0,0,0,0,0,0,0,0,0,0,0,0,0,0,0,0,0,0,0,0,0,0,0,0,0,0,0,0,0,0,0,0,0,0,0,0,0,0,0,0,0,0,0,0,0,0,0,0,0,0,0,0,0,0,0,0,0,0,0,0,0,0,0,0,0,0,0,0,0,0,0,0,0,0,0,0,0,0,0,0,0
RA72,194,9,4,12,204,16,0,223,7575,593,128,83,8377,161,27,188,8563,375,3,8937,4992,565,128,47,5730,91,14,107,5832,143,0,5982,761,80,144,9,989,13,3,16,1007,26,0,1031,115,11,0,138,270,8,0,9,273,22,3,304,13439,1251,397,274,15359,273,45,317,15677,569,13,16257,228,6,11,0,248,40,0,40,289,20,0,300,273,31,5,6,313,14,5,20,333,15,3,350,500,38,20,6,564,53,5,60,621,35,3,659,13938,1293,414,277,15928,320,53,377,16303,600,15,16911,4074,418,153,160,4806,113,18,131,4929,603,13,5542,31,8,0,17,58,0,0,0,58,9,52,116,18045,1721,569,456,20786,438,69,501,21285,1213,76,22571
RA73,8,0,0,0,8,0,0,9,1978,197,38,11,2229,32,6,38,2264,111,5,2380,1295,173,35,7,1512,10,5,15,1523,56,0,1584,194,15,27,6,242,0,5,5,251,10,0,262,26,0,0,50,78,0,0,0,78,6,4,90,3494,383,98,76,4058,43,11,58,4111,189,5,4307,23,8,0,0,30,50,0,50,79,22,0,100,35,6,0,0,42,20,14,34,73,15,0,84,57,11,0,0,71,68,14,80,153,34,0,187,3551,397,100,76,4124,107,32,141,4267,223,5,4497,921,129,31,26,1102,84,24,105,1211,668,3,1888,11,9,0,0,20,0,0,0,20,5,52,76,4484,534,130,106,5248,197,58,252,5499,900,60,6454
RA74,11,0,0,0,13,6,0,22,876,146,14,23,1053,68,5,73,1126,267,3,1395,547,249,11,9,810,94,27,118,932,249,3,1180,50,12,48,3,107,5,4,13,119,24,0,140,14,9,0,56,82,20,6,22,101,37,3,143,1480,419,67,87,2056,182,44,227,2282,573,10,2864,85,32,0,6,121,424,15,441,557,70,12,643,50,22,3,0,76,24,84,116,187,49,0,240,138,47,3,6,194,455,102,551,747,123,12,878,1616,464,72,91,2251,633,143,779,3030,691,23,3738,771,409,25,54,1265,438,83,525,1786,2636,16,4436,3,10,4,9,24,3,5,11,34,31,244,304,2394,879,106,156,3540,1080,227,1309,4845,3358,281,8484
RA75,0,0,0,0,0,0,0,0,0,0,0,0,0,0,0,0,0,0,0,0,0,0,0,0,0,0,0,0,0,0,0,0,0,0,0,0,0,0,0,0,0,0,0,0,0,0,0,0,0,0,0,0,0,0,0,0,0,0,0,0,0,0,0,0,0,0,0,0,0,0,0,0,0,0,0,0,0,0,0,0,0,0,0,0,0,0,0,0,0,0,0,0,0,0,0,0,0,0,0,0,0,0,0,0,0,0,0,0,0,0,0,0,0,0,0,0,0,0,0,0,0,0,0,0,0,0,0,0,0,0,0,0,0,0,0,0,0,0,0,0,0,0,0,0,0,0,0,0,0,0,0,0
RA79,0,0,0,0,0,0,0,0,0,0,0,0,0,0,0,0,0,0,0,0,0,0,0,0,0,0,0,0,0,0,0,0,0,0,0,0,0,0,0,0,0,0,0,0,0,0,0,0,0,0,0,0,0,0,0,0,0,0,0,0,0,0,0,0,0,0,0,0,0,0,0,0,0,0,0,0,0,0,0,0,0,0,0,0,0,0,0,0,0,0,0,0,0,0,0,0,0,0,0,0,0,0,0,0,0,0,0,0,0,0,0,0,0,0,0,0,0,0,0,0,0,0,0,0,0,0,0,0,0,0,0,0,0,0,0,0,0,0,0,0,0,0,0,0,0,0,0,0,0,0,0,0
RA80,1518,24,9,35,1549,219,4,1766,22208,2615,328,136,25287,392,90,482,25770,1233,22,27023,20900,2618,275,151,23949,210,54,262,24209,546,33,24788,3232,398,500,31,4160,33,13,44,4197,62,0,4265,214,32,5,214,462,9,0,9,476,13,10,497,46554,5658,1111,533,53856,641,156,795,54650,1854,65,56575,574,72,18,13,679,60,15,79,753,64,0,817,726,80,19,7,825,65,17,79,907,47,8,962,1296,152,33,18,1507,130,28,156,1660,108,8,1778,47847,5809,1144,551,55356,765,188,952,56310,1964,77,58348,9271,1233,234,178,10923,235,75,312,11232,1330,24,12581,124,17,4,56,197,3,0,3,199,6,74,281,57251,7063,1381,782,66475,1004,261,1269,67743,3299,172,71211
RA81,3,0,0,0,3,0,0,3,32,5,0,0,42,0,0,0,42,3,0,40,56,3,0,0,58,0,0,0,58,0,0,58,11,0,3,0,15,0,0,0,15,0,0,15,0,0,0,0,0,0,0,0,0,0,0,0,100,14,3,0,112,0,0,0,112,3,0,115,0,0,0,0,0,0,0,0,0,0,0,0,0,0,0,0,0,0,0,0,0,0,0,0,0,0,0,0,0,0,0,0,0,0,0,0,100,14,3,0,112,0,0,0,112,3,0,115,23,3,0,0,24,0,0,0,24,0,0,24,0,0,0,0,0,0,0,0,0,0,0,0,124,13,3,0,140,0,0,0,140,3,0,143
RA85,0,0,0,0,0,0,0,0,0,0,0,0,0,0,0,0,0,0,0,0,0,0,0,0,0,0,0,0,0,0,0,0,0,0,0,0,0,0,0,0,0,0,0,0,0,0,0,0,0,0,0,0,0,0,0,0,0,0,0,0,0,0,0,0,0,0,0,0,0,0,0,0,0,0,0,0,0,0,0,0,0,0,0,0,0,0,0,0,0,0,0,0,0,0,0,0,0,0,0,0,0,0,0,0,0,0,0,0,0,0,0,0,0,0,0,0,0,0,0,0,0,0,0,0,0,0,0,0,0,0,0,0,0,0,0,0,0,0,0,0,0,0,0,0,0,0,0,0,0,0,0,0
RA89,0,0,0,0,0,0,0,0,0,0,0,0,0,0,0,0,0,0,0,0,0,0,0,0,0,0,0,0,0,0,0,0,0,0,0,0,0,0,0,0,0,0,0,0,0,0,0,0,0,0,0,0,0,0,0,0,0,0,0,0,0,0,0,0,0,0,0,0,0,0,0,0,0,0,0,0,0,0,0,0,0,0,0,0,0,0,0,0,0,0,0,0,0,0,0,0,0,0,0,0,0,0,0,0,0,0,0,0,0,0,0,0,0,0,0,0,0,0,0,0,0,0,0,0,0,0,0,0,0,0,0,0,0,0,0,0,0,0,0,0,0,0,0,0,0,0,0,0,0,0,0,0
RA91,0,0,0,0,0,0,0,0,7,0,0,0,7,0,0,0,7,0,0,7,3,0,0,0,3,0,0,0,3,0,0,3,0,0,0,0,6,0,0,0,6,0,0,6,0,0,0,0,0,0,0,0,0,0,0,0,14,0,0,0,21,0,0,0,21,0,0,21,0,0,0,0,0,0,0,0,0,0,0,0,0,0,0,0,0,0,0,0,0,0,0,0,0,0,0,0,0,0,0,0,0,0,0,0,14,0,0,0,21,0,0,0,21,0,0,21,6,0,0,0,9,0,0,0,9,4,0,13,0,0,0,0,0,0,0,0,0,0,3,3,25,0,0,0,24,0,0,0,24,4,3,35
RA94,0,0,0,0,0,0,0,0,196,20,3,0,222,0,0,0,222,7,0,229,150,15,0,3,177,0,0,0,177,12,0,185,20,3,7,0,24,0,0,0,24,0,0,24,3,0,0,7,11,0,0,0,11,0,0,12,369,42,8,8,434,0,0,0,434,20,0,451,4,0,0,0,3,0,0,0,3,3,0,10,4,0,0,0,4,0,0,0,4,0,0,3,5,0,0,0,7,0,0,0,7,3,0,12,376,42,8,8,442,0,0,0,442,24,0,468,103,15,3,4,136,0,3,3,138,11,0,151,0,0,0,0,0,0,0,0,0,5,3,9,482,61,16,17,581,0,3,3,586,42,3,628
RA95,0,0,0,0,0,0,0,0,0,0,0,0,0,0,0,0,0,0,0,0,0,0,0,0,0,0,0,0,0,0,0,0,0,0,0,0,0,0,0,0,0,0,0,0,0,0,0,0,0,0,0,0,0,0,0,0,0,0,0,0,0,0,0,0,0,0,0,0,0,0,0,0,0,0,0,0,0,0,0,0,0,0,0,0,0,0,0,0,0,0,0,0,0,0,0,0,0,0,0,0,0,0,0,0,0,0,0,0,0,0,0,0,0,0,0,0,0,0,0,0,0,0,0,0,0,0,0,0,0,0,0,0,0,0,0,0,0,0,0,0,0,0,0,0,0,0,0,0,0,0,0,0
RA99,0,0,0,0,0,0,0,0,0,0,0,0,0,0,0,0,0,0,0,0,0,0,0,0,0,0,0,0,0,0,0,0,0,0,0,0,0,0,0,0,0,0,0,0,0,0,0,0,0,0,0,0,0,0,0,0,0,0,0,0,0,0,0,0,0,0,0,0,0,0,0,0,0,0,0,0,0,0,0,0,0,0,0,0,0,0,0,0,0,0,0,0,0,0,0,0,0,0,0,0,0,0,0,0,0,0,0,0,0,0,0,0,0,0,0,0,0,0,0,0,0,0,0,0,0,0,0,0,0,0,0,0,0,0,0,0,0,0,0,0,0,0,0,0,0,0,0,0,0,0,0,0