SED_CODE_2016,P_FoodHospPersServ_Occ_Mng,P_FoodHospPersServ_Occ_Pro,P_FoodHospPersServ_Occ_TTW,P_FoodHospPersServ_Occ_CPS,P_FoodHospPersServ_Occ_CA,P_FoodHospPersServ_Occ_Sal,P_FoodHospPersServ_Occ_MOD,P_FoodHospPersServ_Occ_Lab,P_FoodHospPersServ_Occ_IDNS,P_FoodHospPersServ_Total,P_MixFieldProg_Occ_Mng,P_MixFieldProg_Occ_Pro,P_MixFieldProg_Occ_TTW,P_MixFieldProg_Occ_CPS,P_MixFieldProg_Occ_CA,P_MixFieldProg_Occ_Sal,P_MixFieldProg_Occ_MOD,P_MixFieldProg_Occ_Lab,P_MixFieldProg_Occ_IDNS,P_MixFieldProg_Total,P_FS_ID_Occ_Mng,P_FS_ID_Occ_Pro,P_FS_ID_Occ_TTW,P_FS_ID_Occ_CPS,P_FS_ID_Occ_CA,P_FS_ID_Occ_Sal,P_FS_ID_Occ_MOD,P_FS_ID_Occ_Lab,P_FS_ID_Occ_IDNS,P_FS_ID_Total,P_FS_NS_Occ_Mng,P_FS_NS_Occ_Pro,P_FS_NS_Occ_TTW,P_FS_NS_Occ_CPS,P_FS_NS_Occ_CA,P_FS_NS_Occ_Sal,P_FS_NS_Occ_MOD,P_FS_NS_Occ_Lab,P_FS_NS_Occ_IDNS,P_FS_NS_Total,P_Tot_Occ_Mng,P_Tot_Occ_Pro,P_Tot_Occ_TTW,P_Tot_Occ_CPS,P_Tot_Occ_CA,P_Tot_Occ_Sal,P_Tot_Occ_MOD,P_Tot_Occ_Lab,P_Tot_Occ_IDNS,P_Total_Total
SED10001,171,22,511,230,127,165,64,163,15,1473,8,6,0,9,6,3,3,7,0,43,42,37,21,26,22,17,27,24,6,223,100,41,120,70,50,62,85,137,64,727,3380,5431,3910,2726,2595,1231,1153,1559,278,22259
SED10002,104,21,492,170,116,100,64,111,12,1187,5,0,15,6,6,11,9,29,3,88,31,78,42,40,44,35,27,38,20,346,55,70,151,69,75,53,67,120,216,874,3036,7541,3590,2731,3490,1955,1329,2074,676,26414
SED10003,163,41,546,244,110,143,47,137,20,1436,9,3,3,3,4,5,0,3,4,31,50,71,37,35,36,17,11,23,10,294,74,67,116,90,63,84,38,97,79,707,3096,6691,3402,2789,2173,1326,579,1433,339,21827
SED10004,175,59,379,142,90,70,18,42,12,983,8,3,8,7,3,7,0,4,0,37,144,261,35,41,83,32,6,14,21,635,69,119,34,39,49,38,20,26,99,501,7429,16683,2320,2160,3762,1813,334,695,537,35741
SED10005,96,13,312,188,105,106,72,84,12,975,3,0,10,0,5,7,3,12,3,44,16,29,35,23,32,12,30,25,10,217,32,37,90,79,46,39,69,109,132,645,1690,4522,2818,2193,2526,1302,1191,1189,398,17831
SED10006,114,18,301,162,89,51,57,100,8,900,3,5,0,3,0,4,4,6,3,32,26,31,24,21,17,7,26,17,9,184,186,68,120,110,92,85,128,187,108,1073,3326,3784,2862,2363,1709,725,1127,1261,298,17458
SED10007,140,33,448,197,135,89,77,134,19,1270,0,3,3,3,3,4,6,7,0,34,25,33,22,29,35,9,33,12,17,216,92,38,116,65,68,60,84,131,71,718,2787,4862,3922,2726,2446,1102,1381,1498,306,21029
SED10008,121,48,266,123,139,97,27,39,17,885,3,3,0,3,6,5,0,0,0,22,80,108,29,33,76,37,12,7,9,399,49,81,58,28,71,42,18,23,110,476,5352,11626,3097,1951,4409,1752,608,773,497,30071
SED10009,144,28,492,183,108,146,44,171,16,1332,0,0,0,0,0,0,0,3,0,13,36,31,25,23,25,10,13,30,3,207,78,55,111,76,54,84,37,115,63,667,2273,3871,3197,2284,1812,1150,644,1394,249,16881
SED10010,106,35,412,176,132,106,155,146,15,1288,9,3,0,3,9,4,14,14,0,56,33,60,43,54,65,46,80,72,17,470,45,54,103,77,77,47,104,109,131,742,2444,6318,3978,2939,3988,1617,2110,1961,506,25853
SED10011,124,36,393,211,131,86,42,87,5,1118,8,8,0,7,0,3,0,7,0,37,55,115,28,46,46,19,17,17,19,356,45,67,64,61,57,28,48,58,67,507,3173,8688,3484,2896,2882,1152,736,1204,318,24522
SED10012,76,27,264,233,108,86,43,80,10,929,0,3,9,8,3,4,3,17,0,48,8,24,28,23,32,13,35,27,9,206,33,38,108,63,59,51,86,97,114,649,1321,3532,2681,1801,2258,1056,1086,1150,375,15252
SED10013,149,41,429,225,252,145,82,99,18,1444,3,3,0,4,3,3,3,9,0,32,48,43,56,35,35,22,40,17,12,307,80,48,129,65,102,79,91,69,97,763,3970,7013,5239,3097,3981,1745,1557,1263,466,28328
SED10014,108,30,339,172,137,114,74,105,14,1109,0,3,3,0,4,8,10,4,0,23,20,44,39,22,37,21,43,38,18,278,45,41,89,81,80,66,124,104,102,723,1951,4302,3455,2543,2847,1347,1498,1346,379,19679
SED10015,135,37,521,206,144,128,85,100,22,1376,7,4,15,11,0,8,4,20,3,74,54,96,40,47,67,23,35,24,23,403,45,81,90,69,89,63,66,102,162,765,3216,7468,3567,2713,3688,1940,1224,1780,504,26105
SED10016,149,52,329,160,175,127,31,55,11,1089,4,0,4,3,8,3,0,5,0,25,71,73,33,34,60,33,23,23,7,358,71,63,66,29,71,46,27,33,96,501,5853,10260,3280,2114,4332,1924,607,821,492,29679
SED10017,137,32,534,236,124,136,127,143,8,1480,0,0,3,4,3,3,5,4,0,25,22,20,31,11,14,9,42,10,8,178,46,44,116,69,65,61,88,127,71,684,1975,3518,4505,2395,2268,1118,1757,1437,300,19275
SED10018,112,29,436,143,129,120,51,87,15,1120,0,0,0,0,0,0,0,3,0,18,38,37,26,23,32,8,24,14,11,218,33,48,70,50,58,45,34,53,61,453,2737,7720,3762,2352,3018,1133,775,995,294,22792
SED10019,92,16,438,180,85,99,42,151,10,1106,3,3,0,4,0,0,4,12,0,26,28,27,23,19,23,11,28,29,8,187,74,44,92,89,58,89,89,154,71,748,1880,3433,2741,2411,1862,1022,838,1475,255,15919
SED10020,147,42,495,189,132,124,39,145,10,1328,7,3,3,3,3,0,0,11,0,27,38,32,31,19,26,11,19,20,10,208,54,48,75,70,48,66,37,90,78,560,2370,5213,3165,2557,2501,1288,704,1502,300,19609
SED10021,191,50,442,192,115,58,21,53,6,1134,3,0,4,5,3,4,0,7,0,34,132,220,31,57,68,45,15,21,21,606,72,114,53,54,60,37,17,43,95,543,6968,16620,2965,2595,3821,1960,435,885,567,36814
SED10022,142,13,339,138,82,92,54,145,7,1025,4,0,0,0,3,4,0,12,0,27,37,22,25,17,17,13,16,30,4,183,165,57,95,70,64,87,82,151,62,833,3442,3322,2785,2029,1687,901,889,1595,227,16879
SED10023,157,41,372,199,210,145,39,65,4,1233,0,9,0,4,0,3,8,4,0,21,51,81,27,34,52,20,13,13,11,305,71,67,58,72,71,58,21,25,92,543,5069,8669,4120,2673,3812,1712,621,823,402,27894
SED10024,120,44,187,105,109,67,20,21,6,675,4,0,0,4,0,7,0,4,0,16,84,128,15,17,74,25,10,7,15,377,67,89,33,18,46,27,5,18,98,396,6579,12186,1786,1463,3606,1668,278,439,485,28500
SED10025,198,54,388,161,159,125,31,45,11,1165,4,7,5,4,0,5,0,3,0,37,89,127,16,25,74,41,6,22,25,418,65,95,54,38,60,48,21,44,93,539,6368,12404,2688,1864,4180,2116,469,762,500,31352
SED10026,117,41,428,224,109,151,84,130,8,1300,4,3,3,0,3,3,3,7,0,23,34,32,24,24,23,12,28,27,8,214,97,64,115,81,80,83,88,120,94,828,3126,4959,3790,2674,2510,1297,1258,1478,294,21381
SED10027,122,24,331,189,165,90,35,74,17,1044,4,5,5,4,5,0,0,9,0,34,37,45,35,23,45,29,30,16,11,264,55,72,86,52,89,69,51,38,114,620,2905,6196,3658,2029,3521,1402,1018,1002,391,22118
SED10028,76,37,223,96,93,92,19,45,7,688,3,0,3,10,6,4,0,3,3,32,59,103,19,26,70,26,9,11,12,343,42,74,39,37,64,29,15,22,81,407,5224,13150,2252,1786,4245,1624,484,716,399,29876
SED10029,64,9,281,179,71,75,56,90,13,839,0,3,10,4,3,7,6,15,5,52,12,27,29,11,24,20,31,28,12,201,30,50,102,60,53,57,98,110,113,675,1213,3384,2704,1851,2343,942,1141,1203,370,15159
SED10030,132,35,436,204,127,139,44,117,10,1248,3,0,0,3,4,6,0,7,0,23,35,54,28,28,34,16,30,10,9,240,57,55,103,74,80,51,54,99,102,677,2532,5673,3470,2664,2748,1338,760,1259,364,20812
SED10031,144,26,453,196,129,94,61,124,11,1243,3,4,0,3,3,3,3,8,0,25,51,46,23,33,47,12,26,24,14,272,122,67,107,110,83,75,83,109,92,842,3979,5205,3706,2900,2690,1085,1058,1406,353,22380
SED10032,101,29,373,162,123,99,86,91,13,1084,3,8,8,10,3,3,8,18,3,66,47,43,44,47,43,34,60,32,9,350,39,41,122,65,72,48,80,111,151,728,2473,6704,3485,2647,3549,1674,1482,1694,569,24284
SED10033,154,41,424,190,212,133,66,111,20,1354,3,7,5,3,3,0,0,3,0,23,40,53,46,27,40,14,37,15,14,273,70,41,124,58,87,42,73,86,110,695,3524,5088,5274,2454,3210,1310,1205,1330,378,23766
SED10034,130,30,412,206,184,123,52,71,13,1221,5,3,3,0,3,0,0,3,3,28,40,77,18,27,42,19,33,13,8,277,46,65,80,54,92,54,19,38,88,543,4179,8595,4799,2995,4136,1608,863,973,389,28542
SED10035,273,85,652,246,155,126,47,117,23,1731,6,8,7,14,5,7,7,19,3,81,140,190,37,61,83,41,32,29,26,644,69,98,74,76,58,62,39,54,143,680,6713,16254,3881,3328,5084,2822,906,1506,640,41127
SED10036,119,30,351,186,179,102,68,85,7,1127,0,4,6,3,7,7,8,8,0,37,41,48,52,52,62,15,35,23,9,345,53,50,94,47,91,55,72,65,132,654,3098,6530,3905,2586,3891,1415,1355,1161,480,24424
SED10037,119,35,397,139,126,93,23,73,10,1021,4,3,5,4,3,4,3,3,0,25,61,115,39,28,68,34,19,19,19,391,53,86,56,45,58,37,18,34,98,468,4900,11740,3506,2534,4066,1601,562,1069,389,30369
SED10038,114,27,360,200,150,92,55,72,9,1083,0,3,3,3,4,3,0,5,0,20,45,71,30,35,50,14,22,11,10,284,42,52,88,59,45,52,35,50,82,499,3352,8862,3859,2901,3024,1171,965,1039,344,25524
SED10039,136,34,446,192,115,105,66,106,9,1213,6,0,0,7,0,3,0,7,4,24,32,35,30,22,23,10,10,13,7,192,65,37,97,71,59,53,42,97,50,565,2774,5520,4150,2824,2453,1126,962,1189,275,21270
SED10040,148,35,553,191,125,141,66,129,19,1401,3,0,7,11,11,10,15,26,4,86,43,66,42,41,72,54,26,44,19,401,66,83,92,62,85,60,51,81,144,730,3339,9251,3630,3008,4205,2457,1228,2020,562,29707
SED10041,103,39,220,97,78,57,22,36,7,654,3,9,3,3,0,0,3,0,0,20,92,124,17,33,61,32,6,6,13,386,47,71,21,22,48,30,8,12,76,339,6313,13724,1750,1716,3762,1509,320,595,489,30185
SED10042,108,38,393,161,125,117,57,122,17,1140,0,0,0,3,3,3,0,3,0,16,21,35,34,25,23,14,22,17,15,196,22,48,97,68,48,52,50,73,66,517,2100,5040,3888,2454,2457,1124,1055,1184,294,19598
SED10043,93,15,346,155,102,98,103,81,21,1009,0,3,14,12,11,11,8,20,3,79,27,39,33,49,41,27,39,41,15,308,40,41,108,70,60,68,96,106,134,727,1911,4723,2941,2443,2613,1728,1716,1442,485,20002
SED10044,183,56,351,144,134,100,22,38,15,1038,3,8,4,0,6,4,0,3,0,32,84,161,27,40,68,34,9,17,11,451,70,105,40,37,47,31,5,27,104,475,6730,14771,2351,1982,4193,1876,406,633,521,33470
SED10045,121,24,416,185,96,94,34,158,17,1148,0,9,4,7,0,0,0,10,0,26,33,33,24,27,16,11,20,25,10,195,83,49,80,73,43,71,59,121,79,671,2517,4999,3031,2607,2228,1088,820,1603,275,19172
SED10046,78,26,337,177,116,84,68,107,9,1016,3,5,11,7,6,7,10,9,3,63,29,30,40,33,36,16,42,36,12,284,43,51,100,75,99,75,101,135,170,841,1752,4435,3357,2355,3031,1310,1509,1493,520,19767
SED10047,98,30,422,165,213,143,116,135,20,1338,7,0,4,3,6,4,8,5,0,45,39,19,28,26,44,17,54,20,12,259,52,47,102,73,113,67,190,154,138,937,1984,4119,4025,2804,3361,1327,2028,1560,431,21636
SED10048,99,30,340,149,145,114,121,142,19,1155,4,5,5,5,4,3,6,6,3,39,35,41,46,55,62,26,75,43,4,383,43,54,98,72,72,66,117,113,98,728,2377,5832,3980,3001,3817,1565,1965,1694,403,24620
SED10049,117,28,503,227,136,150,102,150,9,1416,3,5,0,3,6,3,3,9,3,30,21,25,50,23,32,14,42,13,10,227,42,37,109,65,45,46,71,78,71,556,2378,5327,4837,2682,2817,1259,1527,1240,310,22370
SED10050,208,71,432,160,139,83,50,55,12,1215,0,0,0,6,6,9,3,0,0,33,108,154,23,35,71,49,10,8,19,477,76,96,54,49,71,39,18,25,93,519,7586,13302,3087,2533,3694,2068,445,814,539,34072
SED10051,160,44,380,173,168,108,35,81,14,1166,4,0,3,5,3,8,0,3,0,32,63,99,46,44,47,26,32,20,11,388,69,72,61,75,75,63,60,62,124,661,4350,9384,3254,2445,3688,1746,822,1054,459,27207
SED10052,146,52,367,189,195,137,67,69,5,1224,3,5,5,3,4,3,0,6,3,34,52,75,34,34,64,25,21,12,12,325,59,67,64,41,74,49,29,28,101,516,4367,8240,3717,2313,3835,1638,697,874,400,26095
SED10053,171,46,471,177,234,121,51,115,23,1406,3,4,3,3,7,4,3,3,0,26,105,75,32,55,80,14,24,24,22,438,123,73,114,86,122,56,63,101,95,824,4902,6458,3992,2741,3931,1304,867,1303,517,26019
SED10054,75,27,325,149,131,102,117,128,12,1067,0,0,4,4,0,3,10,13,3,44,18,35,49,36,51,21,62,40,14,328,38,51,113,67,76,44,147,146,123,808,1685,4703,3625,2821,3529,1360,2293,1768,438,22210
SED10055,147,47,382,186,266,151,99,90,16,1379,3,4,0,3,0,4,3,4,3,27,49,62,36,44,48,14,49,31,19,335,68,50,118,43,90,53,80,68,100,665,3293,5916,4753,2664,4193,1518,1542,1230,413,25522
SED10056,164,22,459,190,131,126,48,203,9,1357,3,3,3,7,7,0,5,15,3,51,50,29,22,27,24,6,26,49,11,236,174,58,128,114,94,101,128,240,99,1122,3812,4201,3488,2272,2161,1035,1112,2189,322,20603
SED10057,100,27,425,161,76,132,43,123,9,1100,3,0,4,8,3,0,0,3,0,26,24,21,16,9,16,7,10,17,3,127,67,45,86,75,45,103,68,115,55,657,1756,3699,2689,2184,1664,1194,645,1238,210,15288
SED10058,135,40,485,203,122,104,37,83,14,1227,0,3,4,4,0,0,0,8,0,20,39,92,32,35,47,24,18,15,11,312,36,65,73,48,45,36,30,57,72,467,3108,10285,3382,2710,2943,1252,692,937,309,25609
SED10059,205,77,516,234,102,104,18,43,10,1298,8,5,4,9,3,8,6,3,0,51,119,332,42,59,106,67,14,25,26,792,56,141,60,62,53,39,14,37,130,597,6065,18068,2834,2733,4037,2102,425,1054,543,37868
SED10060,170,61,301,132,103,87,8,37,11,913,3,3,3,4,10,0,0,0,5,32,131,193,26,32,78,50,5,8,15,537,65,108,25,28,60,44,3,16,95,438,8414,17468,1685,1744,4099,1984,204,448,663,36710
SED10061,141,25,356,159,89,84,53,132,8,1037,3,0,3,7,0,4,3,5,0,28,39,33,21,19,23,14,19,32,6,210,149,86,118,95,73,65,79,156,99,914,3632,5168,2895,2422,2300,1055,734,1685,310,20207
SED10062,111,35,380,165,137,100,40,59,4,1027,6,4,3,3,3,3,0,11,4,37,66,75,27,37,55,22,32,20,9,333,54,76,70,58,74,52,37,37,94,552,3922,8759,3067,2221,3912,1698,781,1016,412,25794
SED10063,155,28,396,203,131,114,81,132,9,1256,0,0,3,4,3,4,0,9,0,19,38,30,19,20,26,7,25,22,8,205,106,52,106,88,72,91,93,126,83,813,3371,5796,3730,2520,2638,1209,1165,1378,302,22110
SED10064,112,17,371,196,92,105,48,135,14,1098,0,3,0,4,3,3,3,4,3,26,21,29,15,18,24,3,22,20,8,165,76,40,115,122,57,53,64,134,78,741,2037,3734,2855,2500,1796,949,769,1382,293,16316
SED10065,152,41,515,175,178,135,113,125,26,1459,6,3,14,10,5,3,9,20,0,64,63,109,52,44,70,48,53,47,7,488,53,88,81,48,79,39,44,51,126,614,4488,13182,4102,2999,5091,2400,1497,1811,628,36200
SED10066,131,43,365,202,211,123,76,112,20,1284,0,4,0,3,6,3,3,3,0,29,43,40,36,21,42,19,31,24,12,271,42,45,85,58,78,56,79,72,92,607,2818,6046,4075,2720,3466,1378,1297,1275,364,23445
SED10067,162,65,386,155,176,95,31,65,11,1131,0,5,4,0,3,0,3,0,0,23,68,97,26,40,38,22,21,16,10,339,82,58,77,40,56,50,16,31,93,505,5278,8544,3659,2146,3278,1632,503,801,448,26286
SED10068,134,39,486,204,117,136,37,145,9,1303,0,0,0,0,3,7,5,0,3,17,19,41,23,22,19,7,10,12,7,167,47,37,95,65,55,67,42,72,58,544,2162,5215,3107,2480,2278,1250,623,1178,230,18520
SED10069,101,40,432,232,127,126,71,111,18,1257,3,0,3,0,3,4,6,10,3,33,36,41,44,31,31,15,23,15,13,247,52,42,112,66,54,50,55,99,57,591,2190,3693,4046,2398,2209,1074,1022,1188,278,18104
SED10070,96,25,275,130,156,125,77,91,19,991,3,3,3,3,4,3,9,8,0,48,35,38,43,29,62,21,34,30,12,305,50,45,106,41,91,59,86,75,103,654,2627,6189,3499,2115,3835,1376,1321,1249,455,22663
SED10071,159,41,398,178,176,150,105,94,22,1321,6,3,9,0,6,3,3,7,0,40,64,84,56,44,105,40,68,29,17,512,62,73,70,60,85,50,67,49,104,624,4693,10418,4134,2884,5030,1944,1544,1226,498,32374
SED10072,171,44,621,243,170,147,70,115,19,1588,3,3,5,4,7,7,4,20,4,61,51,72,38,44,72,32,39,37,12,388,77,74,94,63,76,53,53,107,156,752,3993,8852,3715,2815,4209,2276,1211,2092,536,29705
SED10073,131,32,523,189,136,128,36,92,17,1280,4,8,7,4,5,0,3,6,0,39,62,118,41,30,88,37,23,25,9,438,46,88,59,57,80,48,32,54,141,595,4919,14356,3609,2543,5038,2268,741,1246,549,35265
SED10074,117,29,319,151,173,110,83,93,18,1100,3,4,3,4,4,9,7,5,3,44,47,83,43,49,78,18,52,29,9,414,52,56,81,53,70,44,61,70,129,614,3689,10104,3663,2433,4371,1563,1246,1355,508,28936
SED10075,127,34,522,233,134,137,70,123,12,1389,3,0,0,0,0,0,4,0,0,12,26,27,36,20,38,7,30,25,16,234,44,59,128,76,66,66,78,104,89,712,2211,4553,4731,3263,2939,1365,1352,1419,358,22189
SED10076,126,28,409,191,95,94,40,109,6,1093,3,3,3,0,3,3,0,3,0,25,31,45,22,34,28,17,14,18,6,212,56,38,100,67,39,69,45,75,74,576,1892,3585,3410,2389,1729,1037,605,1165,274,16089
SED10077,143,46,604,236,112,123,45,126,21,1452,7,6,19,13,4,13,11,22,4,89,52,115,39,42,91,40,27,34,28,464,77,72,77,61,84,47,33,90,145,680,4201,12925,3421,2815,4502,2512,938,1769,688,33769
SED10078,147,53,505,184,136,113,52,98,14,1296,6,12,14,11,5,4,3,20,3,74,114,210,50,37,125,50,27,19,15,649,52,108,58,63,66,46,40,58,113,607,4644,13377,3171,2759,4062,1891,709,1369,472,32449
SED10079,95,45,430,173,122,110,50,115,9,1138,0,0,0,0,3,3,0,4,0,15,19,25,31,35,27,13,27,19,5,196,33,33,76,61,53,47,63,93,66,522,2052,4249,3934,2451,2320,1132,961,1259,245,18609
SED10080,309,71,988,404,140,142,19,121,19,2220,15,5,21,38,6,14,4,38,3,137,174,287,56,85,91,56,14,39,27,828,111,146,108,138,55,57,18,120,165,919,8746,19193,3519,4155,4329,2866,392,2081,807,46088
SED10081,148,29,403,195,104,93,86,154,14,1226,8,8,3,0,3,0,0,9,0,30,46,30,31,13,20,18,30,24,8,226,98,65,151,76,85,89,106,195,90,950,3087,5098,3665,2429,2369,1137,1211,1673,299,20966
SED10082,145,51,429,221,150,127,30,85,12,1248,0,6,3,9,4,3,0,3,0,25,37,62,29,26,33,17,10,10,11,231,58,57,82,63,57,51,24,50,61,499,3441,7496,3721,2539,2858,1383,502,972,308,23234
SED10083,134,28,473,216,148,131,53,104,9,1302,0,0,0,5,0,0,3,3,0,17,37,27,41,23,27,15,22,13,5,209,38,44,97,74,77,81,48,76,88,612,2387,5159,3947,2741,2637,1344,810,1270,315,20611
SED10084,134,50,578,253,155,137,58,140,10,1514,3,3,0,0,3,3,0,4,0,26,26,32,27,31,24,12,15,20,10,205,46,41,98,69,58,62,42,79,74,579,2217,4804,3668,2886,2231,1273,735,1372,293,19477
SED10085,110,15,332,198,88,115,152,131,11,1146,7,3,3,0,0,3,7,6,0,35,35,22,39,27,19,8,50,19,9,235,104,52,148,63,60,57,137,132,61,818,2879,3673,4578,2032,2120,924,2325,1513,288,20320
SED10086,187,51,387,168,115,80,12,28,5,1038,3,7,6,7,3,3,0,3,3,32,126,233,26,44,81,47,4,18,19,605,104,122,33,58,66,60,10,36,95,585,7593,15315,1976,2197,3374,2271,290,702,632,34342
SED10087,139,39,474,220,141,141,43,164,5,1366,6,8,3,7,0,7,3,10,3,51,44,49,30,45,46,16,41,26,13,308,80,59,102,81,66,73,66,112,59,696,3174,6139,4206,2884,2711,1267,994,1442,255,23076
SED10088,206,62,532,207,158,152,55,91,14,1469,3,3,7,0,0,3,0,5,0,34,64,111,36,38,58,30,22,17,10,387,79,58,77,63,62,56,42,50,83,573,5449,9166,4067,2724,3795,1913,726,1133,376,29343
SED10089,95,37,470,190,124,126,72,100,15,1230,4,6,3,3,3,3,3,9,4,34,25,66,38,26,42,9,35,20,11,261,37,53,77,56,49,43,50,76,81,529,2247,7408,3985,2877,2916,1314,1083,1290,316,23434
SED10090,154,45,365,130,99,73,18,50,14,942,3,4,3,0,0,8,0,3,0,27,105,172,33,40,68,54,9,12,13,502,73,118,24,30,52,30,7,28,92,442,7371,15758,2063,1873,4021,2000,311,656,582,34632
SED10091,135,31,416,182,172,122,68,122,14,1277,0,4,0,3,5,3,0,3,0,17,52,33,22,20,28,11,32,28,11,246,74,56,147,69,97,71,74,108,67,761,3201,5379,4779,2503,2762,1298,1281,1366,359,22931
SED10092,97,28,450,229,142,120,49,110,15,1235,3,5,5,7,0,3,4,6,0,38,34,57,19,19,41,14,20,24,4,229,24,47,118,68,49,53,71,111,96,645,2412,7089,3866,2803,2910,1358,1044,1403,356,23245
SED10093,145,36,448,214,147,156,62,127,14,1361,0,4,3,3,4,0,5,3,0,21,20,29,37,28,19,11,33,26,13,204,51,42,113,87,56,67,81,118,81,693,2117,3937,3751,2846,2358,1279,1012,1361,332,18996
SED19494,14,3,42,33,7,13,5,23,0,135,0,3,0,3,0,0,0,4,0,8,0,7,3,4,8,0,3,7,0,36,6,10,17,11,7,8,9,17,26,101,200,562,348,285,168,119,144,278,58,2162
SED19797,0,0,4,0,0,0,0,0,0,6,0,0,0,0,0,0,0,0,0,0,0,0,0,0,0,0,0,0,0,0,0,0,0,0,0,0,0,0,3,9,0,18,14,7,11,6,7,8,3,74
SED20106,225,74,542,247,128,112,12,54,12,1392,4,3,3,3,4,3,0,0,0,27,162,202,26,53,94,39,15,16,33,635,76,93,50,36,38,42,11,23,94,471,7082,14606,2419,2349,3679,1998,293,780,529,33741
SED20207,196,51,507,244,211,142,100,136,19,1603,5,0,4,4,3,4,3,6,3,35,57,102,50,61,64,35,48,24,17,458,74,54,91,60,87,44,86,74,118,696,4354,9069,4230,3071,4135,1893,1430,1492,508,30188
SED20302,143,23,468,203,137,154,82,138,11,1369,3,3,0,0,0,4,3,3,0,17,28,43,36,41,28,23,35,27,11,263,107,35,136,89,58,92,73,100,95,774,2397,4070,3978,2624,2100,1414,1096,1504,284,19451
SED20401,113,33,371,149,144,144,46,87,11,1101,0,0,3,3,0,0,4,12,0,18,38,67,31,33,47,22,17,19,9,285,52,36,90,38,46,50,51,58,76,494,2440,5715,3999,2494,2674,1288,746,1075,259,20689
SED20508,83,33,383,184,102,109,38,82,10,1021,0,0,0,0,0,4,0,5,0,11,30,64,40,37,38,17,12,11,6,263,52,37,86,58,37,50,32,42,57,450,2185,5000,3286,2332,1853,990,576,957,255,17441
SED20604,151,26,439,172,116,133,75,167,10,1286,3,7,3,0,3,0,3,7,0,30,45,31,29,47,34,14,22,22,5,255,92,54,100,77,69,60,82,96,95,719,2766,4631,3557,2649,2146,1122,1004,1356,297,19524
SED20704,98,31,406,167,115,127,40,113,3,1102,0,3,3,0,3,0,7,4,0,15,35,47,32,32,28,24,20,14,3,236,68,48,82,69,59,54,33,86,43,550,2378,5722,3170,2503,2068,1090,731,1144,216,19019
SED20804,81,23,376,137,89,107,39,138,11,1004,0,3,7,3,0,0,0,12,0,25,31,80,21,23,24,13,16,23,10,243,75,48,89,63,41,48,53,87,55,568,1961,4778,3025,2192,1628,914,664,1334,223,16717
SED20906,124,36,346,136,110,111,29,63,4,950,6,3,0,3,3,0,3,6,0,20,64,129,27,29,48,30,17,9,9,356,55,60,50,24,37,48,16,24,64,379,3901,8184,2361,1828,2758,1336,367,616,286,21646
SED21001,108,19,290,142,97,72,14,65,7,822,5,0,5,7,3,3,0,3,0,28,63,107,24,34,64,30,3,14,13,349,44,74,53,34,35,38,14,29,71,387,4040,10349,2173,1954,3036,1542,381,740,372,24595
SED21106,123,38,238,125,100,78,9,28,7,747,0,3,0,0,3,0,0,0,0,11,111,206,23,42,64,47,4,8,18,515,59,70,24,22,44,31,7,16,70,350,5694,10713,1580,1643,2509,1528,181,386,386,24605
SED21203,51,8,271,120,64,67,72,85,10,752,4,0,9,7,3,7,9,10,3,43,16,44,45,35,30,12,30,28,8,235,30,43,104,89,57,52,79,97,86,634,980,2652,2261,2179,1428,834,1154,1199,286,12975
SED21303,125,50,477,182,107,102,32,60,15,1145,0,7,6,5,8,4,0,8,3,32,126,310,55,81,124,70,11,12,32,830,44,124,58,54,52,29,19,30,110,526,4321,14359,2919,2698,3479,1748,473,980,447,31421
SED21401,116,29,287,123,101,128,14,67,12,874,3,6,4,5,0,9,0,4,3,32,65,58,26,30,49,32,16,12,5,296,58,42,53,40,33,49,23,28,71,390,3457,7188,2084,1581,2507,1554,351,677,321,19734
SED21503,79,29,288,151,124,98,25,73,8,882,3,0,4,0,4,0,4,9,0,27,36,71,38,30,40,14,20,25,12,285,41,53,64,43,40,54,38,48,69,440,2359,5967,2872,2275,2461,1317,650,1072,277,19250
SED21608,98,23,309,142,117,97,39,93,10,934,3,3,0,3,3,3,4,6,0,22,36,54,37,35,48,13,16,20,3,255,57,46,115,53,51,64,53,88,60,582,2084,4486,3232,2231,1922,967,783,1119,285,17107
SED21706,113,35,254,110,59,70,12,43,0,700,3,0,0,4,3,7,0,3,0,27,84,116,24,38,58,38,7,17,16,404,37,48,30,26,39,23,15,20,81,318,4402,9867,1904,1777,2801,1500,321,728,337,23649
SED21805,129,47,424,193,185,162,71,122,11,1335,0,0,3,3,4,0,3,4,0,22,59,57,52,35,65,11,33,19,13,343,62,51,104,69,57,65,63,75,91,638,2706,4977,4216,2683,2781,1432,1010,1235,361,21400
SED21906,123,42,427,151,91,80,17,58,13,1001,0,0,0,3,0,0,0,4,0,13,95,166,35,50,74,38,4,27,9,492,61,82,36,24,36,49,10,17,68,388,4738,11809,2050,2083,2976,1686,329,755,401,26833
SED22005,122,37,508,150,104,124,86,137,15,1290,3,0,10,3,3,3,3,16,0,45,45,59,49,41,52,31,37,51,6,364,37,47,96,64,72,58,49,78,96,590,2359,6440,3205,2294,2787,1576,1056,1604,364,21670
SED22105,197,44,622,273,226,202,161,239,25,1987,0,3,4,9,8,3,7,10,0,42,37,37,71,81,56,29,67,48,18,454,52,57,148,89,94,68,102,132,160,897,2913,5732,5529,4152,3728,1963,2263,2268,466,29004
SED22201,115,37,353,143,142,119,36,72,13,1030,0,0,3,0,3,4,0,11,0,21,38,80,36,43,44,22,11,15,8,289,35,34,82,31,54,37,30,47,71,427,2541,5692,3460,2299,2561,1237,551,861,243,19444
SED22305,78,13,400,144,70,89,86,171,11,1065,3,0,12,9,3,3,14,26,8,66,25,31,45,30,38,23,29,35,13,279,29,38,141,80,52,59,105,138,110,750,1295,3072,3207,2270,1954,1140,1520,1881,329,16673
SED22404,139,27,399,168,109,122,45,141,13,1154,3,3,3,3,3,0,0,7,4,25,56,53,36,30,35,15,18,20,16,277,104,47,144,91,60,52,82,103,76,769,2612,3620,3766,2230,1710,896,807,1341,320,17304
SED22501,105,35,247,131,131,99,19,41,14,816,3,0,0,3,3,0,0,0,0,15,50,93,26,48,63,29,10,8,7,331,49,26,57,39,56,39,6,21,53,347,3660,7943,3174,2111,2666,1121,397,637,262,21979
SED22607,107,53,317,165,133,83,21,60,11,952,3,4,0,3,5,3,5,4,3,30,84,150,25,50,109,36,11,19,15,502,58,66,52,52,55,37,15,42,75,448,4388,10626,2364,2218,3234,1428,470,878,376,25980
SED22704,139,23,363,147,105,93,42,116,13,1056,3,3,3,3,0,0,0,6,0,21,54,33,29,37,32,10,28,19,7,249,120,58,143,76,76,50,99,147,66,838,2823,3344,3271,2167,1644,822,978,1482,256,16792
SED22802,128,27,358,160,159,130,36,81,10,1091,0,8,3,3,0,3,0,6,0,20,40,42,34,39,42,9,16,20,3,244,60,43,102,44,55,49,39,51,73,510,2485,4029,4253,2341,2297,1159,712,1107,250,18633
SED22901,91,30,322,151,128,102,35,86,13,958,0,3,0,3,0,3,3,3,0,19,40,45,28,26,44,16,12,15,11,242,43,34,60,34,45,47,25,43,74,404,2523,5804,3051,2012,2647,1277,650,898,288,19150
SED23007,151,47,553,277,118,164,73,145,19,1544,4,6,4,11,6,3,3,12,3,45,67,118,37,52,94,38,40,46,9,508,57,62,93,81,50,52,72,110,112,690,3046,8152,2997,2932,3184,1847,1230,1932,445,25755
SED23101,94,22,240,107,82,76,17,64,7,703,13,4,3,3,8,3,0,5,0,35,49,90,17,29,64,31,7,16,6,306,36,51,40,17,48,21,18,22,57,311,2836,7351,2137,1705,2632,1253,404,803,262,19383
SED23205,96,32,382,156,115,108,38,103,9,1043,3,0,3,3,4,3,0,3,3,19,45,56,25,43,28,12,19,14,12,253,44,47,81,64,36,52,51,77,78,537,2056,4582,3313,2454,1952,1231,755,1102,256,17700
SED23308,116,37,451,192,115,105,47,113,7,1189,6,3,0,6,0,0,0,3,0,27,39,81,25,33,47,18,17,12,12,284,40,47,78,46,44,44,48,68,77,487,2511,6769,3179,2693,2191,1229,677,1120,281,20646
SED23402,143,44,417,172,197,139,77,96,11,1290,0,0,4,0,0,0,3,4,0,12,47,63,44,35,45,24,23,25,14,314,70,42,119,42,56,61,41,65,60,552,3006,5257,4537,2434,2802,1469,971,1252,281,22014
SED23502,135,17,381,155,113,116,33,142,8,1100,0,0,0,0,0,0,0,8,3,13,30,40,26,27,15,6,20,21,8,194,103,29,97,75,44,75,74,115,61,663,2164,3084,2806,2069,1398,783,746,1236,221,14513
SED23602,135,19,348,115,82,86,48,123,7,957,4,7,3,0,0,4,0,3,0,21,48,33,30,19,18,14,16,18,9,208,126,39,94,44,47,69,61,103,64,662,2600,3293,2858,1793,1287,770,769,1208,217,14791
SED23702,139,42,488,227,166,142,56,151,12,1428,0,0,3,3,0,3,5,5,0,25,39,44,39,48,29,19,23,15,11,259,57,43,128,68,74,53,50,92,83,646,2486,3908,5310,2878,2478,1338,955,1480,304,21136
SED23806,139,39,216,124,92,83,15,26,10,743,0,0,0,0,0,0,0,0,0,9,108,166,24,38,62,51,0,10,5,468,45,72,9,27,27,28,6,17,53,288,5208,13103,1485,1712,3080,1601,205,596,375,27368
SED23901,95,31,276,122,90,80,25,58,0,774,0,0,3,0,3,3,0,3,0,19,78,132,20,45,76,35,11,13,18,419,40,57,44,35,34,36,28,35,71,373,3479,9804,2422,1976,2733,1172,421,741,298,23046
SED24006,116,27,186,106,70,56,11,27,3,607,11,0,7,8,4,3,3,0,3,35,98,121,19,28,77,32,3,11,14,402,51,84,26,19,32,29,3,19,59,325,4619,10679,1378,1409,2658,1367,195,452,367,23116
SED24105,105,24,419,187,112,110,74,141,14,1194,3,3,10,0,0,7,3,8,0,39,34,34,25,33,41,35,42,33,9,285,38,30,84,56,54,50,75,104,105,593,1973,4416,2768,2065,2465,1306,1198,1422,311,17924
SED24207,124,18,409,188,145,135,120,143,22,1304,5,0,0,4,6,5,10,9,0,41,35,48,39,36,58,32,44,38,13,348,50,40,121,87,80,79,123,124,116,815,2231,5026,3295,2580,3143,1498,1761,1617,397,21552
SED24308,94,22,356,164,100,109,68,144,16,1071,0,0,3,0,0,0,9,3,0,20,20,38,28,34,25,20,31,25,13,226,42,23,103,72,49,72,106,142,92,707,1513,3432,3088,2444,1743,1008,1021,1367,310,15924
SED24408,133,27,322,149,105,103,36,115,3,992,3,0,0,3,0,0,0,8,0,16,27,25,21,24,20,11,13,12,4,155,141,32,86,54,36,45,40,85,65,591,3267,3562,2349,1979,1437,783,645,1102,191,15321
SED24504,118,34,312,133,96,82,36,105,5,913,3,3,0,3,0,0,0,7,0,16,82,97,30,60,49,20,14,25,5,373,65,79,105,64,64,49,37,94,57,609,2991,5422,3288,2214,1930,896,635,1058,249,18685
SED24606,117,33,205,104,74,61,6,32,4,638,3,4,0,3,3,0,0,5,0,21,98,122,33,46,91,54,0,13,14,466,42,59,24,27,37,39,8,16,52,306,4683,10691,1339,1359,2700,1596,186,521,389,23466
SED24703,201,46,823,345,140,144,16,118,17,1852,8,13,8,26,10,12,0,17,0,96,158,302,43,89,121,74,8,39,25,868,81,149,68,105,68,30,23,74,106,711,5870,20068,2946,3956,4536,2622,446,1751,618,42826
SED24808,126,29,370,178,165,132,107,131,15,1252,3,0,3,0,7,3,7,3,3,36,32,40,35,50,41,17,55,21,16,307,47,38,117,89,72,63,92,95,100,727,2047,3767,4035,2938,2671,1212,1613,1382,355,20006
SED24904,149,20,345,131,110,123,41,133,12,1060,10,0,3,3,3,4,5,10,0,30,17,27,21,25,13,8,14,13,9,157,93,49,108,68,55,81,82,126,90,755,2382,3685,2511,2030,1460,934,741,1226,265,15240
SED25003,129,27,441,181,167,153,91,131,8,1340,3,0,4,3,3,3,4,8,4,42,32,47,41,50,43,40,45,29,6,346,42,42,106,85,84,80,79,96,86,696,2144,4823,3595,2647,2818,1545,1230,1300,315,20410
SED25102,107,28,276,150,124,103,25,80,12,893,0,3,0,0,0,0,0,0,0,12,66,79,31,58,49,16,13,11,10,337,48,32,93,47,41,23,30,44,72,437,3006,5982,3907,2321,2231,991,585,953,288,20268
SED25205,133,42,327,173,143,110,31,60,17,1036,0,5,0,0,4,3,0,6,0,20,67,84,36,42,57,39,14,20,14,376,43,43,69,38,57,40,27,31,79,425,3585,7359,3315,2189,2861,1373,535,746,289,22255
SED25302,146,38,318,172,113,124,26,72,8,1014,0,5,3,3,0,3,0,3,3,20,51,62,22,37,42,20,9,14,4,265,52,59,72,47,38,41,22,50,56,447,3337,5955,3051,2054,2084,1232,350,747,241,19054
SED25402,77,21,366,142,146,128,42,123,11,1047,0,0,3,0,0,3,0,10,0,15,33,33,31,20,38,12,12,16,13,199,60,43,116,79,59,51,65,122,73,655,1740,3842,3797,2217,1938,887,1002,1200,277,16895
SED25501,88,13,222,98,74,75,25,68,4,671,4,0,3,3,0,4,3,7,3,25,51,84,32,34,55,28,8,19,5,317,42,54,40,25,27,17,23,41,66,327,3250,8339,1922,1576,2689,1291,410,830,340,20660
SED25605,94,24,381,153,112,82,79,108,16,1059,7,0,3,0,3,0,0,5,0,25,46,41,39,31,31,17,23,23,16,265,54,49,60,39,57,37,47,47,95,473,2390,5764,2460,1861,2540,1258,874,1196,349,18689
SED25704,158,25,396,147,97,128,52,162,26,1191,5,0,0,0,7,3,0,4,0,18,38,18,20,14,14,15,12,11,3,155,143,48,102,89,40,62,70,166,71,790,2861,3328,2825,1962,1335,902,759,1458,221,15653
SED25802,121,23,347,142,116,109,50,139,11,1055,3,3,0,3,6,0,3,3,0,22,42,31,27,32,31,10,14,25,8,226,100,34,143,78,54,63,62,98,70,709,2589,4130,3846,2334,1897,918,949,1475,282,18427
SED25905,105,30,380,169,141,147,63,106,5,1151,3,0,3,0,6,0,4,3,0,23,30,49,48,41,45,20,32,24,11,293,33,44,96,52,68,38,71,75,89,563,2065,4365,3785,2300,2671,1358,1191,1341,346,19429
SED26005,123,36,416,184,138,152,107,135,13,1308,0,0,3,0,0,4,3,4,0,28,45,37,53,61,49,29,49,33,7,359,41,34,140,65,90,56,99,105,102,735,2650,5201,4353,3051,3243,1560,1585,1674,356,23666
SED26102,123,22,427,153,101,105,29,108,9,1079,0,3,5,8,3,0,0,4,0,18,31,42,28,22,31,21,12,9,10,204,44,50,122,63,49,77,34,60,56,564,2299,3827,3381,1913,1462,1120,441,1011,226,15668
SED26207,97,34,273,125,116,107,41,68,8,853,4,3,0,5,6,3,3,3,0,27,48,71,26,47,57,22,20,19,5,319,64,67,71,39,72,46,41,52,70,518,2866,5909,2796,1616,2583,1233,591,739,322,18646
SED26303,104,50,381,134,102,69,20,51,12,917,0,3,0,3,4,0,0,3,0,19,119,256,44,68,98,37,14,22,17,678,62,102,46,40,39,34,14,27,78,445,4386,12749,2429,2352,2951,1446,390,754,372,27833
SED26406,143,38,471,148,116,114,40,82,9,1164,3,3,3,6,0,6,0,6,0,30,66,115,25,31,100,40,12,29,15,439,27,68,54,41,43,48,23,32,78,415,3619,9854,2777,2143,3163,1733,567,1090,355,25306
SED26504,138,14,404,170,99,125,50,132,13,1147,4,4,0,5,0,0,0,9,0,23,25,25,19,28,17,5,12,18,4,173,85,35,87,64,30,52,72,115,63,611,2439,3508,2723,2031,1432,856,760,1314,212,15269
SED26603,114,32,469,159,137,132,66,116,9,1236,0,3,8,3,0,4,6,15,0,41,70,124,33,56,80,32,24,31,16,471,62,73,118,61,73,48,43,58,103,640,3090,8674,3517,2559,3131,1450,879,1392,393,25091
SED26708,166,17,384,122,92,90,50,192,10,1122,3,0,0,3,0,4,0,4,0,18,49,35,23,30,19,16,19,25,10,229,153,50,112,75,46,58,54,149,72,766,3370,3506,3036,2101,1420,851,806,1682,280,17047
SED26806,263,72,586,252,170,114,14,59,10,1536,7,7,0,5,0,8,0,6,0,38,150,244,31,36,111,62,3,18,20,678,75,115,43,46,59,41,9,30,101,517,6469,16238,2532,2520,3882,2349,257,754,544,35543
SED26903,106,34,504,156,109,122,55,134,12,1242,3,0,3,4,3,3,3,9,0,35,44,113,42,41,72,32,27,23,10,405,41,49,90,62,56,55,50,95,97,585,2268,6700,2998,2404,2680,1393,842,1483,329,21093
SED27003,170,51,465,225,123,106,9,47,8,1206,4,4,3,5,3,3,0,3,3,28,152,296,26,77,99,54,7,26,30,776,51,110,41,58,53,43,18,30,86,490,6093,16870,2417,2538,3358,1892,311,727,516,34731
SED27101,112,33,353,145,108,119,35,70,7,981,3,0,3,0,4,0,3,8,0,23,56,82,41,47,59,24,18,23,17,359,36,55,52,42,31,35,16,44,67,377,3091,8090,2966,2274,2831,1325,521,917,278,22302
SED27208,130,20,344,146,81,98,35,138,10,993,0,3,5,3,0,6,0,4,0,21,25,29,13,37,25,9,19,23,7,183,105,48,104,84,60,75,64,150,62,745,2498,3047,2562,2257,1335,767,743,1398,229,14833
SED27305,105,37,330,128,132,129,37,66,6,976,3,3,0,0,0,4,0,3,0,16,50,37,38,29,38,17,17,22,3,245,37,40,70,36,50,39,30,38,67,413,2770,5385,3174,1840,2631,1349,646,818,257,18862
SED27406,123,44,222,108,99,98,21,38,8,751,0,0,0,0,8,3,0,0,0,11,97,106,28,36,53,45,4,7,17,398,56,59,45,31,42,33,13,21,44,332,4716,8253,2022,1619,2578,1345,264,476,281,21549
SED27504,143,24,399,146,111,140,60,162,9,1203,3,3,4,4,0,3,0,13,0,33,42,32,24,20,24,19,11,32,0,206,94,49,111,70,52,83,71,158,90,781,2464,4456,2987,2252,1696,959,777,1544,252,17393
SED27608,119,44,447,174,127,143,34,78,23,1194,0,8,3,4,3,0,0,0,0,26,47,78,36,60,49,29,22,20,11,353,48,64,73,45,45,41,23,53,66,453,3164,7783,3845,2852,2493,1489,605,1122,290,23651
SED27708,145,25,497,185,103,146,49,169,8,1321,3,6,4,0,3,0,0,7,0,30,35,41,25,30,24,11,24,22,10,221,100,46,102,63,52,49,86,120,61,676,2458,4513,3205,2263,1637,944,917,1411,232,17581
SED27807,98,14,481,211,104,101,101,159,18,1289,0,3,6,3,0,4,13,23,4,67,18,41,49,38,37,17,46,42,11,294,32,45,122,80,53,55,102,144,115,749,1279,3397,2846,2206,1943,1101,1469,1843,359,16438
SED27907,99,28,353,173,156,160,76,112,11,1156,0,6,0,0,0,0,4,6,0,23,28,43,30,53,54,21,23,12,10,274,60,53,92,47,67,55,57,57,52,546,2125,4162,3577,2375,2545,1179,1011,1015,241,18237
SED28007,160,34,419,226,178,160,112,135,15,1445,5,0,5,3,5,3,3,3,0,31,43,46,43,39,73,30,51,31,11,368,54,46,120,57,78,76,79,89,103,691,2723,5317,3948,2439,3493,1609,1403,1410,388,22724
SED28107,154,63,564,285,207,190,263,191,13,1943,0,7,3,10,4,7,9,11,0,48,36,72,60,99,67,45,96,48,16,550,45,53,113,65,72,56,147,93,150,806,2959,7110,4262,3956,4216,2035,2711,2006,520,29772
SED28203,110,19,471,183,143,127,132,121,18,1320,3,0,4,0,3,7,14,17,3,55,33,29,49,41,52,31,59,52,15,348,44,43,142,84,66,65,79,130,86,738,1396,3347,2899,2188,2116,1244,1295,1392,321,16198
SED28301,118,36,269,122,99,87,24,51,6,805,0,3,0,3,4,3,0,6,4,24,53,87,19,27,66,28,6,12,3,313,44,59,55,39,44,37,21,29,67,393,3751,7438,2394,1692,2592,1308,331,620,285,20415
SED28408,79,25,368,146,99,122,44,102,4,984,4,4,3,0,3,6,0,3,0,21,45,64,28,35,30,13,17,13,7,251,27,34,60,48,34,47,32,61,50,392,1996,5421,2662,2083,1761,1025,516,908,212,16593
SED28507,122,36,386,184,112,140,102,125,11,1222,0,0,0,3,3,3,4,12,0,29,32,37,35,51,56,23,53,32,16,327,37,31,93,78,71,60,112,79,90,648,1921,4039,3402,2654,2667,1351,1546,1453,327,19359
SED28607,129,41,324,145,121,99,40,79,13,996,0,3,4,0,3,0,0,9,0,19,111,164,39,51,102,32,8,16,10,549,58,71,73,59,58,40,24,51,81,505,4991,10289,2900,2092,3075,1343,592,897,371,26555
SED28704,167,48,515,265,224,209,64,95,18,1608,0,9,0,0,10,4,0,3,0,28,54,54,49,57,67,18,42,25,8,365,65,53,134,70,100,82,76,71,83,739,3406,6407,5455,3386,3419,1593,1134,1234,365,26398
SED28803,143,28,510,216,187,173,171,161,16,1609,0,3,4,4,4,6,9,9,0,32,35,51,56,66,45,26,67,43,11,410,51,39,131,92,84,72,104,89,115,787,2609,5087,4206,3178,3266,1653,1930,1691,438,24054
SED29494,9,3,34,8,3,3,4,6,0,75,0,0,0,0,0,0,0,0,0,0,3,4,5,7,3,3,0,6,0,34,4,5,15,4,0,0,9,14,15,66,132,367,223,181,112,65,72,142,34,1337
SED29797,0,0,0,0,0,0,0,0,0,0,0,0,0,0,0,0,0,0,0,0,0,0,0,0,0,0,0,0,0,0,0,0,0,0,0,0,0,0,0,0,0,4,9,0,0,0,0,4,0,22
SED30001,166,42,505,265,208,178,63,164,20,1617,8,3,3,4,3,6,3,5,0,37,34,38,39,24,23,10,32,17,12,231,53,43,110,55,63,56,45,80,102,601,2638,4332,4374,2712,2765,1562,1035,1526,328,21274
SED30002,80,34,296,143,111,96,62,98,8,926,5,0,3,7,5,10,4,9,0,36,24,34,34,19,28,17,37,12,12,217,37,33,60,37,39,44,55,36,62,402,1945,4355,2723,1958,2394,1160,1030,981,273,16823
SED30003,79,32,214,115,82,47,21,34,4,632,3,3,0,3,3,4,0,4,0,22,68,78,21,47,47,10,4,11,13,300,32,37,26,24,42,13,5,15,35,235,3094,8004,1687,1609,2108,814,292,454,225,18293
SED30004,76,24,235,136,109,74,22,58,7,736,0,3,0,3,3,4,0,6,0,18,33,55,16,26,23,12,14,11,13,208,26,32,37,24,39,28,20,33,68,308,2067,5325,1977,1480,2083,899,460,639,223,15159
SED30005,188,36,467,248,144,175,58,120,12,1435,8,5,0,3,0,8,0,4,0,27,29,51,40,43,36,16,16,10,9,249,59,42,70,56,49,57,39,57,78,508,2670,6353,3548,2723,2388,1268,701,1065,299,21016
SED30006,110,30,340,157,121,100,54,121,5,1037,4,0,5,4,6,5,0,4,3,31,25,29,36,18,24,11,29,16,4,206,52,49,134,57,74,52,59,92,54,631,2076,3197,3300,1912,1893,883,926,1305,211,15704
SED30007,149,48,430,188,129,108,24,113,3,1194,0,3,3,15,3,10,3,6,4,56,64,130,24,44,52,26,8,20,8,383,40,74,36,46,42,29,11,41,90,415,4107,11778,2193,2310,2919,1608,344,1500,383,27148
SED30008,118,38,422,192,133,128,35,100,17,1184,0,0,0,3,0,5,3,6,0,20,25,30,15,18,24,6,13,13,6,157,36,35,59,41,37,63,33,60,59,425,1856,3414,2444,1851,1763,1278,497,949,229,14289
SED30009,99,26,344,178,118,139,39,74,6,1033,0,5,0,0,0,3,0,0,0,12,17,36,24,33,31,15,14,14,7,176,27,25,52,36,34,39,11,40,45,307,2026,4766,2644,1839,1922,1122,420,804,203,15737
SED30010,128,48,301,165,124,91,19,58,15,963,0,3,6,0,8,3,0,7,0,28,53,80,15,27,30,13,11,21,8,253,32,38,44,28,28,14,22,30,56,293,3896,8503,2342,1582,2679,1111,401,713,293,21521
SED30011,60,13,261,109,46,60,29,98,6,686,0,0,0,0,0,4,0,3,0,12,13,14,16,7,7,11,16,15,3,107,18,8,22,29,18,28,27,61,48,262,767,2087,1715,1402,900,569,439,916,124,8926
SED30012,161,31,395,202,173,158,90,134,15,1355,4,4,0,4,4,15,10,11,3,49,28,44,27,44,29,20,56,29,7,279,42,33,103,79,69,48,102,128,125,727,2120,4610,3709,3095,2834,1280,1489,1593,374,21105
SED30013,86,12,260,112,75,62,57,108,4,772,0,3,3,3,0,3,6,14,0,41,40,22,16,31,21,4,27,12,0,172,51,23,65,40,24,48,66,148,51,519,1582,2558,2476,1587,1173,506,991,1120,158,12150
SED30014,151,45,411,232,143,168,37,92,14,1285,0,3,5,3,7,0,0,0,0,18,32,43,34,17,19,17,10,9,9,197,38,34,71,64,53,50,26,35,59,427,2295,4861,3031,2118,1893,1302,466,938,244,17132
SED30015,86,14,207,115,62,69,46,87,9,699,0,4,3,3,0,0,0,0,0,15,8,9,14,12,12,3,21,16,0,110,42,25,54,34,39,31,40,66,50,389,1470,2660,2094,1382,1066,599,684,963,153,11083
SED30016,178,41,533,245,133,144,80,171,16,1539,8,0,3,3,5,3,0,7,0,32,29,46,33,35,26,14,20,22,3,231,46,43,97,83,40,61,45,95,79,593,1895,4651,2887,2605,1924,1237,699,1210,301,17399
SED30017,100,17,178,85,64,70,61,109,4,687,0,0,0,5,0,4,0,4,3,23,21,4,9,6,15,8,25,14,7,99,105,13,57,42,38,33,72,128,49,537,1771,1689,1849,1148,885,406,852,1100,143,9835
SED30018,103,31,349,157,97,113,46,83,9,976,3,0,6,4,4,5,0,6,0,27,16,32,20,26,25,11,24,7,11,170,31,27,74,38,34,52,30,59,51,396,1596,3314,2771,1855,1579,1010,610,971,209,13920
SED30019,94,39,294,145,143,119,48,121,15,1015,0,3,0,3,4,3,0,3,0,20,30,25,23,17,29,9,11,11,4,160,27,19,59,32,42,32,40,45,53,347,1662,3364,3266,1886,2120,915,708,1000,211,15124
SED30020,97,30,246,126,140,111,26,44,9,820,0,0,4,0,0,6,0,4,0,20,23,55,25,24,43,12,13,11,5,212,31,40,40,21,38,29,17,25,60,309,3064,6786,2307,1523,2601,1080,456,668,259,18736
SED30021,127,35,357,140,119,104,31,63,13,984,8,3,4,0,8,4,0,11,0,35,42,89,21,28,44,16,10,21,14,291,48,47,39,22,53,35,18,32,55,345,3564,8194,2147,1655,2736,1246,482,819,314,21151
SED30022,116,35,253,130,131,113,32,90,3,904,0,3,3,3,3,0,0,3,0,15,34,45,31,19,22,10,14,3,3,185,38,36,66,31,45,36,14,45,53,358,2531,4258,2619,1726,2161,995,487,830,194,15804
SED30023,105,26,304,108,151,111,44,118,8,979,3,0,0,0,3,0,5,5,0,26,28,14,32,14,25,15,33,16,5,179,72,27,85,55,60,51,63,133,48,584,2236,3331,3450,1702,1850,833,913,1393,193,15893
SED30024,130,16,307,170,74,75,49,107,8,931,3,0,0,4,3,3,0,11,0,18,22,17,16,27,26,7,16,19,3,149,67,81,107,111,71,52,70,153,86,792,1633,2426,2369,1811,1280,600,788,1221,230,12353
SED30025,168,54,443,219,207,185,65,149,19,1500,3,0,0,0,5,3,6,3,3,27,23,33,33,19,34,11,28,26,12,232,64,40,102,50,65,64,56,89,102,625,2944,4302,3752,2439,2587,1604,969,1431,344,20357
SED30026,135,32,329,199,126,135,32,113,15,1107,0,3,4,4,3,4,0,4,0,22,24,40,25,25,23,20,8,14,4,187,42,48,58,57,43,48,24,59,57,417,1792,4100,2784,2008,1596,1092,482,963,239,15052
SED30027,94,7,213,101,82,56,74,80,4,713,0,7,3,6,0,0,0,4,0,19,19,21,19,20,15,3,18,11,3,133,77,43,67,62,27,47,67,84,40,517,1651,2536,2465,1349,1080,517,929,906,143,11565
SED30028,99,32,254,130,144,84,24,47,3,816,0,8,0,0,7,8,0,4,0,21,42,49,26,31,34,14,13,10,3,221,23,21,49,29,46,23,11,29,54,279,2412,5475,2559,1894,2350,896,392,627,209,16813
SED30029,75,33,202,143,102,64,18,42,3,684,4,3,0,0,3,0,0,0,0,13,34,63,26,35,38,13,12,5,8,230,37,49,34,23,38,25,13,21,26,272,2476,5815,2387,1735,2207,682,319,538,209,16353
SED30030,138,43,500,219,167,165,72,166,17,1486,3,0,0,6,11,0,0,3,0,29,26,23,36,30,29,13,19,23,10,209,39,31,92,42,38,56,51,57,86,492,2065,3853,3563,2381,2241,1339,799,1276,304,17821
SED30031,67,15,261,118,89,82,103,85,5,829,7,5,3,0,0,3,9,7,0,31,18,26,32,24,23,10,56,18,4,208,35,22,107,36,30,30,76,71,65,483,1502,3195,4552,1516,1464,668,1417,1174,240,15725
SED30032,120,31,325,139,117,111,48,132,14,1025,3,3,3,0,0,4,3,3,0,24,30,34,30,19,18,9,18,26,9,194,67,36,93,63,36,52,46,78,64,523,1863,3300,2990,1846,1687,989,772,1257,241,14962
SED30033,89,24,261,118,113,69,27,47,9,758,3,0,0,4,3,3,3,4,0,20,45,69,19,20,42,12,8,15,7,238,34,51,37,20,30,28,16,41,42,302,2801,8189,2084,1570,2307,982,364,688,208,19200
SED30034,72,9,199,87,88,53,100,74,3,681,4,0,4,3,0,0,0,5,0,19,26,15,29,12,22,4,24,9,3,138,66,28,88,37,37,42,81,100,37,516,1715,2073,2545,979,1082,454,1268,856,149,11111
SED30035,72,19,291,127,59,86,35,125,3,808,0,0,3,3,0,0,0,0,0,12,15,21,20,19,12,10,7,15,9,119,35,23,65,27,20,39,32,76,48,376,1253,2249,2241,1547,1132,704,646,1003,158,10934
SED30036,109,19,312,163,67,111,23,113,3,924,0,0,3,3,0,0,0,4,0,16,12,31,16,20,7,6,14,18,3,130,21,32,45,43,19,26,28,42,38,310,1038,2886,1892,1934,1031,799,408,807,125,10924
SED30037,107,19,316,142,96,97,73,126,11,982,0,4,3,0,3,0,0,0,0,15,26,26,12,33,23,7,18,17,8,168,66,32,74,58,32,40,59,109,63,539,1839,2696,3141,1824,1491,733,1073,1183,222,14207
SED30038,70,22,247,180,75,81,55,70,7,802,3,4,10,0,0,3,3,12,0,33,17,21,22,17,26,13,38,21,3,177,16,24,70,64,46,37,72,104,66,496,1146,2894,2281,1889,1683,775,894,1087,220,12866
SED30039,73,21,110,82,63,41,3,33,3,422,0,3,0,8,4,3,0,4,0,27,33,62,17,22,28,22,3,9,5,193,28,49,21,18,20,20,9,13,32,206,2606,8723,1209,1340,1817,927,195,570,236,17616
SED30040,82,24,272,147,105,108,50,100,5,887,0,4,0,5,3,5,3,5,3,30,14,31,22,22,27,5,31,21,10,200,24,25,58,44,40,31,55,78,71,428,1222,2952,2657,2148,1708,854,787,1035,226,13600
SED30041,102,22,290,147,90,108,52,95,9,918,3,4,3,5,7,9,5,3,0,33,25,37,44,31,27,5,33,14,13,226,36,24,57,63,44,29,62,92,58,468,1484,2927,2868,2109,1730,774,867,1046,228,14035
SED30042,124,37,350,162,143,120,45,108,0,1095,0,3,0,0,3,3,3,6,0,27,21,34,30,21,39,11,29,19,15,215,38,18,74,37,48,27,49,65,60,413,1682,3260,3146,2157,2207,1049,836,1010,212,15560
SED30043,131,21,387,196,151,186,30,95,3,1199,3,0,0,0,0,7,6,5,0,27,28,20,15,16,20,12,18,13,3,149,16,34,59,38,34,33,34,49,47,347,1792,3805,2986,2030,1822,1174,525,953,174,15259
SED30044,81,30,332,144,105,96,68,93,10,958,0,0,4,3,0,5,0,9,0,30,21,26,20,23,28,5,30,13,4,160,41,36,69,55,34,46,57,79,38,453,1575,3719,3383,1846,1587,704,921,833,165,14728
SED30045,95,13,297,138,79,83,65,126,3,914,8,3,0,3,3,4,0,11,0,32,27,18,27,27,20,7,44,25,5,203,50,32,86,65,52,55,69,93,61,563,1716,2635,3036,1750,1616,752,896,1383,203,13992
SED30046,68,16,252,124,122,74,65,95,3,821,0,0,7,3,3,0,4,3,0,24,20,17,24,24,20,8,37,15,6,164,36,24,81,36,49,27,69,62,56,443,1318,2171,3098,1640,1840,804,1079,1101,199,13255
SED30047,96,31,262,132,116,85,46,80,13,863,3,3,3,0,8,0,0,8,0,27,35,36,26,17,30,14,19,15,5,212,41,23,53,27,42,38,40,39,48,356,2244,4550,2596,1664,2149,861,625,841,226,15756
SED30048,83,18,258,91,68,75,54,87,4,746,0,3,3,0,0,4,0,5,0,17,7,28,26,14,13,7,28,16,3,144,28,17,81,29,18,33,48,62,61,371,1128,2675,3128,1259,1162,608,938,840,177,11910
SED30049,83,24,196,102,87,61,18,56,3,631,0,0,0,0,6,4,3,3,0,23,33,46,12,20,31,11,17,24,16,205,24,35,40,34,36,22,15,34,35,271,2141,5792,1878,1462,2066,943,451,787,240,15758
SED30050,149,23,512,232,103,133,35,121,12,1323,4,0,3,3,7,8,0,9,0,24,25,29,23,26,21,11,15,20,10,176,29,25,67,49,24,45,15,34,60,341,2018,4550,3102,2215,1773,1250,505,1067,243,16722
SED30051,65,22,241,118,63,59,30,84,9,687,0,0,3,0,3,0,0,0,0,10,12,12,18,16,8,4,21,16,3,111,31,12,49,49,35,43,50,77,45,405,964,1970,1966,1634,1113,566,574,884,134,9804
SED30052,171,55,483,277,180,175,45,92,7,1482,4,0,0,3,3,3,3,3,3,23,35,39,24,20,24,15,17,16,8,186,51,44,59,53,39,49,27,51,57,435,2482,5065,2680,2145,2093,1561,418,935,244,17623
SED30053,81,21,248,73,86,71,136,104,12,833,3,0,4,0,0,6,3,7,0,23,16,15,29,13,28,0,42,16,3,163,59,28,123,39,50,44,123,104,61,626,1559,2202,3894,1169,1272,516,1771,962,216,13569
SED30054,86,13,139,80,75,57,17,39,4,505,4,3,0,5,6,0,0,0,0,13,53,68,24,27,28,18,4,8,14,249,26,39,28,21,18,19,7,6,35,212,3148,7779,1705,1335,2090,855,249,447,238,17844
SED30055,87,29,321,131,124,126,60,128,7,1016,0,0,0,3,4,8,0,15,0,30,27,15,32,20,33,10,35,20,13,196,30,27,92,37,50,53,61,68,63,494,1460,2640,3221,2173,1894,1047,872,1302,215,14824
SED30056,91,27,225,121,59,65,13,37,9,641,3,0,0,4,3,9,0,3,0,17,41,80,20,26,46,18,3,9,7,246,28,44,24,21,34,15,3,12,41,221,3146,9958,1416,1391,2157,1076,210,523,213,20090
SED30057,55,10,157,51,47,36,64,47,5,474,0,0,3,0,3,3,0,3,0,15,15,18,14,25,8,4,19,8,4,118,40,25,68,50,31,12,55,61,48,394,1035,1851,2176,922,777,300,851,649,142,8706
SED30058,73,23,209,99,89,60,26,41,6,624,3,3,0,0,7,7,3,0,0,23,27,50,22,20,32,13,13,20,5,194,25,42,36,20,42,20,18,26,58,283,2455,6602,2051,1578,2222,888,409,608,236,17059
SED30059,138,42,408,243,150,160,44,106,11,1315,3,7,10,3,3,0,0,7,4,36,32,31,24,28,21,10,12,11,11,180,41,39,60,47,38,52,34,50,59,421,2436,4780,3073,2253,2110,1370,571,1015,276,17893
SED30060,83,19,326,155,129,117,64,132,9,1027,3,4,4,3,3,0,0,4,0,31,19,24,14,22,18,11,12,34,7,152,44,37,73,74,46,44,43,110,60,533,1398,2673,2935,1939,1585,838,718,1078,224,13377
SED30061,57,16,242,135,67,70,23,63,5,693,0,4,0,3,5,8,0,3,0,23,24,38,20,33,26,14,27,14,7,198,17,33,36,32,26,25,19,44,45,269,1232,4092,2141,1766,1350,642,527,668,153,12574
SED30062,144,37,404,222,148,180,81,136,17,1355,3,4,4,0,9,8,0,3,0,23,28,33,33,34,34,14,30,18,12,234,36,36,80,58,49,61,76,90,78,568,2303,4694,3698,3031,2704,1427,1026,1407,301,20595
SED30063,90,11,193,111,74,50,44,124,4,707,0,3,3,3,0,0,3,7,0,24,16,15,14,19,16,7,21,12,9,130,63,20,73,45,35,37,63,106,51,495,1573,2254,2223,1463,1148,562,768,1204,172,11365
SED30064,112,25,366,146,111,98,44,104,8,1008,3,3,3,0,3,3,4,4,0,19,19,18,38,20,23,12,18,15,8,166,30,26,70,42,25,42,35,65,65,396,1565,3458,2982,1981,1609,929,584,1101,207,14424
SED30065,194,41,501,196,126,111,41,107,12,1335,0,3,3,0,0,3,0,3,0,11,17,31,27,24,23,10,9,9,3,153,44,28,70,26,33,44,13,40,47,336,2235,4087,2634,1836,1566,1108,420,937,215,15028
SED30066,125,39,375,194,142,125,75,104,10,1179,0,4,0,4,7,3,8,4,0,32,31,49,30,28,45,12,34,19,4,253,34,39,54,49,48,39,36,56,74,439,2275,5931,2937,2040,2816,1131,769,1125,266,19293
SED30067,88,31,355,157,138,81,45,100,8,1008,0,0,0,0,6,3,5,8,0,27,24,27,18,43,31,7,23,26,15,215,21,31,74,48,49,35,40,60,82,438,2023,3885,3299,2183,2413,980,820,955,241,16806
SED30068,84,19,248,129,77,77,46,104,10,794,0,0,0,0,0,7,6,10,0,21,17,13,18,22,23,12,25,18,11,149,21,27,77,56,35,40,45,84,62,439,1031,2058,2094,1757,1225,781,695,1152,189,10986
SED30069,86,24,283,155,96,70,40,88,17,865,0,0,0,3,3,3,4,8,0,22,26,28,21,18,28,12,22,18,8,175,23,36,55,37,46,38,43,58,61,406,1567,3152,2442,1785,1694,824,558,901,240,13161
SED30070,101,18,294,141,126,99,30,68,17,900,0,4,0,3,3,3,0,3,0,26,32,40,25,27,25,13,10,22,4,195,42,32,63,35,38,35,30,48,62,396,2098,3365,3028,1861,1932,928,623,942,229,14999
SED30071,72,17,278,117,81,87,56,87,13,805,0,3,6,11,4,0,3,5,3,33,15,25,19,14,23,0,28,12,6,150,20,14,65,44,22,29,44,69,53,366,1058,3063,2673,1747,1344,613,785,782,158,12218
SED30072,106,28,292,154,108,86,66,82,8,927,3,0,8,7,5,8,3,4,0,38,29,44,27,18,37,20,10,18,6,210,29,30,50,41,44,17,22,58,62,353,1921,4774,2531,1932,2345,908,683,967,228,16290
SED30073,109,44,406,180,110,72,18,72,5,1021,3,3,3,13,12,6,0,7,0,46,44,108,32,40,55,26,18,22,10,355,24,69,36,45,46,22,9,41,62,352,3148,10395,2221,2150,2645,1278,422,1188,339,23791
SED30074,97,10,264,109,57,77,50,123,4,790,5,3,0,3,0,3,3,3,3,24,26,17,13,6,17,3,16,24,3,128,72,18,76,53,33,46,50,125,56,530,1830,2195,1959,1406,1074,599,723,1245,152,11188
SED30075,144,44,474,253,129,150,40,152,13,1403,0,3,3,5,5,7,4,9,3,45,24,37,26,14,19,27,17,9,12,181,26,26,71,42,37,40,40,77,78,445,1811,4486,2796,2285,1858,1471,627,1263,273,16877
SED30076,100,28,245,136,123,118,52,75,5,883,0,3,3,0,0,0,0,0,3,13,39,43,23,33,40,11,23,24,7,246,26,31,62,32,49,36,27,51,65,377,2076,4758,3032,1794,2277,1044,643,915,222,16750
SED30077,99,23,279,141,117,82,25,64,4,828,0,0,5,7,0,4,0,8,0,26,30,58,26,21,42,19,15,18,4,238,30,39,36,26,40,25,14,34,52,298,2596,7363,2214,1656,2320,973,378,732,220,18458
SED30078,105,30,324,97,82,91,69,111,13,913,7,0,3,9,4,4,4,15,0,47,26,46,28,21,27,16,22,29,6,224,28,29,41,41,37,26,31,36,67,340,2251,6250,2302,1926,2556,1427,849,1224,307,19092
SED30079,95,18,303,144,67,73,52,115,6,882,0,3,7,3,6,8,8,15,3,43,25,29,27,25,35,19,32,39,7,237,21,23,53,45,37,20,34,68,77,375,1553,4630,2130,1844,1908,1204,827,1411,321,15818
SED30080,228,58,532,291,149,177,54,137,12,1625,3,0,13,3,4,7,0,11,0,53,34,39,25,40,24,26,25,19,5,233,62,35,60,46,50,51,21,69,82,474,2746,4873,2513,2238,2004,1845,473,1399,327,18420
SED30081,93,27,301,182,87,100,68,93,10,957,3,0,0,3,0,3,0,4,0,24,33,33,26,37,23,7,32,15,3,202,25,29,63,45,46,28,35,57,50,377,1336,3062,3106,2295,1735,765,835,885,176,14202
SED30082,103,28,302,156,95,110,40,94,8,932,3,0,8,8,3,3,0,6,0,29,14,33,6,27,19,7,18,18,3,156,33,35,61,42,27,31,36,52,38,354,1660,4446,2499,1845,1674,819,588,865,142,14531
SED30083,91,22,325,167,92,89,21,86,3,899,0,3,0,3,3,0,0,7,0,24,28,31,17,32,25,11,14,12,3,168,28,25,50,46,33,36,17,61,38,328,1480,4628,2389,1885,1800,826,487,906,146,14552
SED30084,109,24,319,183,102,71,41,81,11,935,0,4,3,3,0,4,4,3,0,22,36,46,22,34,25,12,19,24,5,220,20,32,39,44,27,33,43,52,49,343,1800,5122,2569,1968,1681,736,625,798,181,15492
SED30085,102,11,209,82,65,55,35,90,6,657,3,0,3,3,0,0,0,8,0,21,19,20,12,16,19,5,16,22,4,145,86,22,62,59,40,43,62,87,47,503,2135,1959,1838,1097,1056,475,697,989,152,10400
SED30086,91,41,303,160,124,152,78,143,10,1093,4,0,3,3,0,3,0,10,0,23,18,27,28,25,27,3,42,26,14,206,37,27,88,47,43,36,103,113,94,590,1303,2871,3102,2267,1991,1039,1149,1462,249,15432
SED30087,168,45,489,251,144,131,94,129,15,1483,8,7,4,0,0,3,0,3,0,19,35,28,27,18,24,11,33,13,4,198,65,38,106,48,35,65,82,65,64,571,2327,3958,4432,1943,1728,958,1380,1164,257,18142
SED30088,59,26,242,110,78,89,70,107,10,791,4,3,7,7,10,4,6,13,0,49,17,25,26,21,24,9,50,36,14,218,19,29,73,75,39,35,112,125,115,620,889,2082,2164,1982,1576,805,1251,1373,262,12372
SED30089,81,28,248,119,103,59,26,67,8,735,3,3,3,10,7,6,3,0,0,33,47,57,28,35,41,18,13,16,13,266,37,47,24,26,42,23,21,33,39,288,2570,8527,2138,1699,2340,973,493,887,221,19842
SED39494,10,4,46,22,16,11,3,34,0,143,0,0,0,0,0,0,0,3,0,4,3,6,7,3,0,0,4,0,3,31,4,11,11,9,0,7,7,19,21,81,163,407,308,245,129,83,129,441,58,1957
SED39797,0,0,3,0,0,0,0,0,0,5,0,0,0,0,0,0,0,0,0,0,0,0,0,0,0,0,0,0,0,0,0,0,0,0,0,0,0,0,0,0,3,7,9,0,4,3,0,4,0,33
SED40001,75,19,226,111,57,34,13,45,5,578,0,0,0,3,0,8,0,3,0,14,46,58,14,26,31,18,4,7,7,207,29,45,23,14,23,22,8,21,35,217,2254,6320,1184,1243,1572,771,222,541,175,14278
SED40002,66,28,230,86,68,45,19,46,11,594,0,0,4,3,0,0,0,5,0,20,12,43,11,23,32,5,16,13,5,164,23,33,33,26,22,20,7,25,30,219,1549,4466,1503,1480,1461,686,303,641,166,12259
SED40003,58,13,111,40,34,30,3,22,6,323,0,0,0,0,0,0,0,0,0,3,35,47,3,18,16,11,4,5,4,134,17,40,19,15,20,16,3,3,26,151,2219,5971,807,831,1222,585,118,283,153,12194
SED40004,65,16,185,80,68,69,14,40,3,537,0,0,0,3,0,0,0,0,0,9,15,37,19,17,19,13,6,3,3,127,10,26,40,22,35,22,8,21,32,217,1562,3827,1684,1309,1401,657,249,442,147,11281
SED40005,80,9,198,82,41,58,22,92,3,585,0,0,4,0,4,0,0,8,3,18,11,4,9,7,3,4,18,5,0,67,70,30,45,40,25,33,41,83,37,401,1372,1633,1307,1108,768,444,404,916,111,8065
SED40006,66,17,275,119,76,74,24,70,0,727,0,7,0,3,0,0,3,5,0,23,19,30,21,20,29,10,11,15,5,157,19,14,49,42,29,26,40,61,28,305,1094,2811,1922,1503,1459,651,491,815,141,10888
SED40007,65,19,226,97,79,66,23,28,8,611,3,3,0,0,3,0,0,3,0,17,18,25,10,18,16,10,10,8,0,127,30,32,43,31,31,37,18,25,23,268,1581,3536,1540,1162,1340,617,279,434,122,10614
SED40008,64,14,244,103,57,64,29,66,3,645,0,0,4,8,0,0,0,4,3,26,25,34,15,30,28,12,9,14,7,171,21,40,28,38,26,33,12,28,41,258,1167,3548,1476,1297,1309,627,419,693,165,10702
SED40009,71,18,173,72,57,54,11,38,4,502,0,0,0,0,4,3,0,0,0,6,28,31,14,21,32,9,13,3,6,158,15,26,20,18,16,19,11,14,29,169,1715,4765,1529,1358,1435,601,211,427,136,12162
SED40010,80,13,215,67,54,46,12,51,3,548,4,0,4,0,3,3,0,0,0,14,35,68,6,32,19,8,5,6,10,190,20,40,16,20,31,15,3,18,28,197,1900,5857,1198,1132,1473,668,201,518,183,13126
SED40011,61,10,210,84,53,59,15,54,6,549,0,3,0,3,3,3,0,3,0,14,24,25,17,30,27,7,9,7,3,149,15,22,42,24,30,16,16,36,27,223,1054,3426,1493,1534,1349,695,304,606,123,10580
SED40012,67,15,228,90,55,57,30,64,8,609,4,3,3,0,0,8,3,11,0,27,14,17,22,25,25,14,18,29,7,173,28,33,34,31,16,22,32,57,49,302,1098,3268,1551,1457,1193,648,519,920,177,10827
SED40013,75,8,201,84,35,61,18,53,11,533,0,0,0,3,0,0,0,3,0,14,13,16,19,13,7,6,4,12,3,93,45,19,46,46,20,28,24,42,18,294,1179,1664,1385,1211,757,490,304,667,109,7764
SED40014,72,23,257,89,83,70,29,50,6,675,0,3,0,3,0,0,0,4,0,17,20,20,19,24,28,4,8,9,0,130,17,15,44,22,19,21,17,18,34,220,1308,2965,2162,1563,1550,694,380,552,150,11320
SED40015,65,15,200,74,49,64,33,59,3,559,0,3,3,0,0,4,0,0,0,11,11,12,11,9,8,3,7,6,8,77,71,30,38,39,27,32,30,61,36,374,1363,1822,1492,1109,834,438,375,747,126,8305
SED40016,37,11,196,69,60,67,26,59,3,532,0,0,0,0,0,0,0,4,3,9,7,21,5,19,13,10,18,8,3,115,11,17,37,25,27,14,21,33,28,218,836,2223,1681,1322,1228,559,384,664,119,9023
SED40017,52,9,169,51,40,50,39,64,4,477,0,0,0,0,0,0,0,6,3,12,10,4,8,13,6,3,7,10,5,67,52,20,56,27,14,34,47,53,24,325,1240,1788,1401,1183,758,423,534,696,103,8121
SED40018,49,4,151,64,34,54,46,49,7,452,3,0,0,4,0,3,7,3,0,18,5,3,13,5,3,6,20,10,7,80,34,23,56,39,21,31,60,48,34,353,872,1814,1926,1054,680,325,889,520,187,8260
SED40019,65,9,166,52,36,45,19,65,4,468,0,5,3,0,0,0,3,3,0,15,12,9,6,5,3,0,13,9,4,67,56,13,48,38,24,34,47,63,31,354,1096,1215,1319,1009,634,379,390,696,114,6849
SED40020,60,13,156,73,41,45,21,79,4,503,0,0,0,0,5,0,0,6,0,21,11,5,8,6,8,3,20,16,4,81,32,13,42,44,19,39,24,97,29,346,899,1125,1203,1166,712,481,373,975,109,7047
SED40021,65,13,229,83,55,61,16,34,3,557,0,0,0,0,3,3,0,5,0,13,22,43,16,17,25,19,13,15,4,173,16,13,25,21,23,19,15,20,38,189,1377,4145,1321,1207,1397,634,282,554,167,11072
SED40022,83,14,191,66,55,59,16,47,5,533,0,0,0,0,0,3,0,0,0,5,32,46,18,23,20,6,11,7,3,166,35,29,44,33,31,29,30,33,18,276,1821,4296,1776,1251,1220,632,340,551,132,12009
SED40023,65,15,286,107,59,90,21,70,4,713,0,5,0,0,0,3,0,3,0,16,10,23,27,19,20,0,12,14,4,134,15,15,53,35,24,35,21,46,43,289,1041,2290,2230,1795,1199,719,428,724,139,10557
SED40024,80,16,294,90,68,68,26,64,4,709,3,0,3,0,3,0,0,3,0,13,20,29,11,14,16,8,11,10,6,128,42,34,66,44,40,28,34,62,23,374,1628,3129,2113,1574,1411,691,434,736,138,11852
SED40025,66,20,211,93,73,57,13,49,3,583,0,3,3,0,0,0,0,0,0,11,32,26,9,23,16,13,10,7,4,137,28,20,42,31,40,26,16,28,39,257,1479,3084,1635,1317,1304,607,335,475,168,10404
SED40026,61,20,236,89,77,79,35,74,5,681,4,0,0,0,0,4,0,3,3,17,16,17,18,18,12,5,16,11,11,118,21,21,38,29,29,25,29,44,33,281,1182,2162,2110,1634,1250,649,491,742,165,10389
SED40027,51,10,164,64,62,53,26,74,8,521,0,3,0,3,0,3,0,5,3,16,7,7,14,15,7,4,10,7,0,76,15,12,46,32,25,22,44,51,32,280,750,1398,1475,1320,948,538,451,688,123,7693
SED40028,75,9,161,60,49,61,16,103,6,536,0,3,3,3,0,0,0,18,0,30,19,11,10,5,7,3,9,11,4,81,79,19,53,32,18,46,33,98,27,390,1835,1420,1339,892,773,509,408,1094,102,8361
SED40029,61,24,251,82,56,87,21,49,9,648,0,0,0,0,0,0,0,7,3,9,15,17,12,13,16,7,10,12,3,109,25,21,48,34,40,40,26,44,25,302,1070,1967,1876,1472,1176,659,400,648,136,9391
SED40030,60,19,288,121,81,76,18,61,3,725,0,4,3,4,0,3,0,0,0,11,12,23,11,15,25,4,16,8,3,121,19,18,49,36,27,30,11,41,46,279,1127,2946,2075,1763,1419,719,325,663,142,11174
SED40031,54,17,244,74,67,54,20,46,3,586,0,0,0,0,0,0,0,3,0,10,22,33,15,19,24,8,12,4,6,151,43,21,36,24,39,30,25,26,29,280,1568,3937,1715,1187,1411,664,275,507,160,11431
SED40032,89,13,176,78,69,57,16,40,4,553,0,3,3,0,0,0,0,0,0,6,24,36,15,31,26,13,8,4,7,159,26,25,23,27,23,28,6,15,28,199,1721,3813,1388,1281,1379,660,211,401,155,11002
SED40033,74,13,208,105,51,75,23,76,11,640,0,3,0,5,0,0,0,3,0,14,8,16,7,11,4,9,16,10,4,82,36,14,26,43,19,21,44,59,27,288,1062,1964,1721,1283,894,559,514,699,106,8808
SED40034,49,13,192,85,56,57,25,94,4,571,0,0,0,0,0,0,3,0,0,12,21,16,10,20,6,4,15,17,3,106,16,20,51,47,29,31,37,53,37,317,710,1349,1653,1505,948,556,496,728,132,8084
SED40035,46,19,209,87,74,63,24,43,4,573,0,3,0,3,4,0,0,0,0,7,9,20,12,8,24,5,8,8,4,97,30,14,58,35,25,21,18,23,38,248,1125,2821,2155,1478,1428,596,373,507,132,10617
SED40036,61,15,196,82,56,87,21,75,10,596,0,0,3,0,4,0,0,3,0,9,14,22,9,16,18,9,12,13,7,120,12,10,56,24,30,24,29,48,36,276,820,2012,1737,1470,1161,575,516,788,154,9234
SED40037,61,12,282,105,71,68,36,58,6,702,0,0,0,4,3,0,0,4,0,20,16,18,15,23,24,9,21,20,5,161,22,22,37,47,33,29,43,54,40,326,1292,3030,1980,1656,1412,689,575,798,166,11607
SED40038,36,3,171,69,46,56,25,87,7,499,0,0,0,3,3,3,3,3,3,19,6,13,17,6,14,12,15,17,0,94,12,11,47,31,27,34,41,58,43,296,473,1219,1406,1404,881,524,534,823,149,7413
SED40039,60,7,222,85,57,77,26,75,3,611,0,0,0,3,0,5,3,0,0,14,5,20,12,15,27,6,15,11,8,114,11,8,43,42,23,26,15,52,40,262,649,1315,1738,1552,972,565,409,693,117,8022
SED40040,84,12,245,90,50,63,22,102,3,669,0,0,3,3,0,0,0,4,0,14,18,19,16,11,14,3,18,15,3,124,52,28,77,33,36,29,40,93,22,413,1585,2146,1889,1190,1021,538,468,1098,105,10045
SED40041,49,4,152,55,34,29,24,45,3,396,3,3,0,0,0,0,0,0,0,8,14,9,6,10,11,0,15,12,3,88,54,18,44,42,25,22,29,51,46,332,1226,1553,1349,1132,697,303,492,661,125,7531
SED40042,62,6,211,98,58,68,47,71,3,622,3,0,0,0,0,0,4,6,0,17,6,11,12,22,16,6,28,18,7,127,38,13,42,37,24,33,39,61,40,320,810,1257,1834,1639,1042,609,687,881,160,8906
SED40043,74,21,280,99,55,50,21,70,4,679,0,0,3,0,0,0,0,3,0,12,18,34,29,32,18,12,12,18,4,178,13,26,22,25,22,16,23,33,42,231,1372,4207,1692,1564,1565,722,437,824,149,12538
SED40044,68,23,178,64,46,33,6,21,4,450,4,0,0,0,0,0,0,0,0,4,23,51,14,19,23,14,0,3,7,151,16,28,14,16,21,19,8,11,21,148,2162,6182,867,948,1312,656,114,346,139,12728
SED40045,55,21,121,56,45,24,3,24,6,351,0,0,0,0,3,0,0,3,0,7,26,39,13,16,26,8,3,0,3,139,32,33,11,25,22,11,11,10,14,168,1868,5396,1153,1102,1350,567,144,377,128,12084
SED40046,78,14,281,115,66,53,23,67,9,702,0,0,3,3,0,3,0,6,3,23,11,35,17,19,29,17,10,21,0,152,19,26,31,29,29,26,18,25,23,232,1349,3854,1624,1507,1455,729,405,776,130,11839
SED40047,57,18,217,69,83,84,23,62,3,615,0,0,3,10,0,0,0,7,0,22,14,18,21,22,11,4,17,12,10,115,19,13,38,25,25,23,12,25,25,202,1264,2641,1920,1462,1492,668,390,519,142,10500
SED49494,3,0,6,0,0,7,0,8,0,30,0,0,0,0,0,0,0,0,0,0,3,0,0,0,0,0,0,3,0,6,0,0,3,0,0,0,8,10,3,25,35,96,77,32,34,20,36,109,7,444
SED49797,0,0,0,0,0,0,0,0,0,0,0,0,0,0,0,0,0,0,0,0,0,0,0,0,0,0,0,0,0,0,0,0,0,0,0,0,0,0,0,0,0,0,0,0,0,0,0,0,0,3
SED50106,69,18,203,82,63,57,35,68,4,588,0,0,0,3,0,4,0,3,0,16,11,22,19,20,12,3,13,16,3,114,32,27,45,41,36,26,37,45,38,321,1244,2365,1918,1489,1047,588,489,801,147,10088
SED50205,62,13,115,70,61,42,12,21,9,412,0,0,0,0,3,0,3,0,0,10,26,35,8,19,24,10,5,3,7,129,21,27,27,9,21,9,4,15,43,166,2377,5147,1182,903,1458,725,182,345,193,12502
SED50302,58,10,209,104,84,88,70,90,3,722,0,0,3,0,0,0,3,5,0,22,8,13,22,19,21,9,27,15,3,137,18,14,58,51,30,26,62,71,46,379,815,1786,2428,1745,1327,681,940,900,145,10771
SED50404,94,24,314,122,86,71,37,55,3,808,0,3,3,0,4,0,0,7,0,26,14,25,25,15,23,11,9,17,3,139,20,24,48,28,29,33,11,26,42,264,1660,4557,2324,1428,1699,914,521,784,175,14060
SED50502,60,16,249,98,92,52,45,53,4,673,3,0,6,3,0,5,0,3,0,18,13,23,16,20,22,6,8,6,0,123,28,33,58,42,40,25,33,42,49,348,1107,2749,2254,1435,1427,647,573,692,174,11065
SED50605,37,18,140,61,54,50,16,37,7,407,6,0,3,0,0,3,0,0,0,16,17,21,18,12,15,10,3,5,4,104,19,18,24,15,17,16,10,15,30,166,1730,4800,1356,958,1410,640,280,463,132,11776
SED50702,75,24,321,139,94,69,63,87,6,880,3,3,6,0,3,0,4,0,0,17,15,30,21,25,25,10,19,24,12,172,29,16,51,55,39,22,32,45,45,331,1400,3415,2556,1554,1560,739,737,916,199,13078
SED50806,50,10,232,88,71,58,37,105,5,658,0,0,0,3,0,3,0,9,0,15,10,31,25,11,13,9,11,7,3,127,21,9,46,33,23,23,24,59,38,279,977,2452,2190,1157,974,582,565,880,126,9907
SED50904,137,44,607,283,233,186,84,157,9,1754,0,4,9,4,4,9,3,11,0,48,29,38,44,53,16,19,30,26,5,259,52,47,149,82,70,79,78,90,85,730,2102,4373,5426,3244,2661,1397,1162,1666,321,22352
SED51005,70,16,387,137,76,78,90,93,7,946,0,0,10,4,3,3,3,18,3,45,11,20,24,32,12,14,33,35,3,192,20,16,65,37,39,27,38,64,73,374,1160,3595,2576,1883,1619,915,921,1268,251,14181
SED51104,57,15,124,60,72,55,17,25,0,419,0,0,3,0,0,0,0,0,0,10,29,29,15,14,21,6,8,4,3,129,16,29,18,23,15,19,5,13,29,173,2042,4912,1645,1031,1413,618,233,339,170,12403
SED51201,39,11,101,69,44,38,26,47,5,386,3,3,0,0,0,3,0,3,0,15,13,16,9,12,8,3,12,8,0,88,66,15,60,32,33,26,50,76,35,385,1494,1400,1399,864,777,338,500,661,104,7530
SED51304,62,14,173,60,49,35,10,31,0,427,0,0,0,0,3,3,3,14,0,25,29,46,8,17,26,7,7,14,7,169,28,29,25,23,32,17,8,11,27,193,2860,7066,1230,1054,1628,770,233,614,196,15654
SED51405,102,32,357,152,140,115,57,88,10,1067,0,3,8,3,0,5,0,7,0,31,13,26,35,27,20,7,18,9,9,169,29,29,80,29,41,31,31,57,63,402,1817,4179,3580,1681,2030,897,785,891,263,16118
SED51506,48,12,211,89,63,65,52,84,7,636,0,0,0,0,7,0,0,4,3,18,9,22,18,15,12,5,21,6,7,122,36,21,61,28,32,29,55,62,35,359,1058,2330,2828,1323,1151,579,863,799,160,11103
SED51604,59,11,115,41,29,26,3,22,0,314,0,4,0,0,0,0,0,0,0,4,50,65,10,11,22,13,3,3,7,194,36,42,15,10,16,20,4,16,31,178,2783,6909,805,874,1276,659,116,274,234,13943
SED51702,121,34,376,169,164,137,114,98,6,1225,3,0,5,6,3,3,4,3,0,26,27,23,40,42,30,11,39,9,8,233,41,33,85,39,57,39,60,45,50,451,2311,4884,4583,2245,2561,1161,1290,1049,278,20361
SED51806,81,19,208,116,65,69,67,72,12,697,0,0,0,5,3,3,9,0,0,18,5,17,20,11,3,10,19,4,3,92,7,15,45,33,37,18,35,34,31,255,1047,2120,2392,1236,988,644,677,647,146,9890
SED51903,83,24,247,106,98,75,119,72,6,827,0,6,7,3,3,0,3,3,0,26,7,12,31,25,9,15,52,10,9,169,52,32,105,47,33,39,121,98,74,597,1724,2913,3703,1325,1261,600,1530,883,221,14160
SED52002,74,15,278,122,122,66,68,92,10,839,0,0,0,0,3,5,11,0,0,28,12,22,30,16,18,11,22,10,8,152,22,17,73,24,45,33,56,33,58,354,1202,2360,2951,1470,1635,651,938,765,211,12184
SED52105,107,34,227,89,61,52,12,48,7,635,0,0,0,3,3,6,0,0,0,12,34,84,24,27,21,9,4,9,13,220,39,53,30,38,19,13,14,21,50,277,2340,6347,1922,1353,1392,706,325,525,214,15129
SED52201,61,17,209,97,61,68,22,67,8,617,3,0,3,0,0,3,0,4,0,15,9,24,11,29,5,10,11,15,7,122,26,29,60,38,19,27,46,41,34,323,1110,2430,2229,1283,1041,516,565,726,176,10082
SED52304,89,24,298,147,130,112,45,95,6,940,0,0,3,3,0,0,4,9,0,19,17,30,23,26,20,8,16,18,9,166,17,24,62,30,28,36,40,53,60,358,1519,3380,2745,1720,1817,901,644,895,224,13840
SED52402,58,25,231,111,85,72,59,71,12,721,0,4,6,4,0,0,5,3,0,25,13,12,17,23,17,7,23,14,4,136,19,21,69,26,34,39,51,51,45,360,811,2045,2419,1428,1343,686,807,851,183,10572
SED52504,62,22,140,74,70,50,13,31,6,469,0,0,0,3,4,0,0,0,0,5,21,22,14,24,18,7,6,4,3,113,21,26,43,15,30,18,12,17,36,226,2017,4106,1947,1039,1462,629,253,395,177,12023
SED52605,71,23,206,99,112,84,30,57,3,697,4,0,4,0,4,0,0,4,0,16,20,31,26,21,14,6,10,12,0,145,31,25,58,29,35,24,23,22,50,290,1854,4562,2452,1375,1849,720,518,636,193,14172
SED52704,71,27,261,130,100,94,42,68,5,790,0,0,3,3,3,3,0,4,0,16,14,36,20,27,11,6,0,8,3,137,20,30,50,29,29,23,17,29,42,270,1362,3515,2790,1544,1497,772,434,719,180,12815
SED52802,52,12,180,81,66,44,23,41,8,514,0,0,3,7,0,3,0,6,0,20,18,22,19,19,12,15,8,5,6,134,20,17,48,16,26,19,25,36,28,242,1424,3085,2005,1145,1199,528,488,565,153,10580
SED52903,14,0,24,8,7,3,11,8,0,63,0,0,0,3,0,0,0,0,0,0,0,0,0,0,3,0,3,3,0,15,5,10,7,3,0,3,12,15,4,53,94,209,293,102,63,16,177,70,11,1031
SED53003,82,21,172,104,80,48,21,39,6,571,0,3,3,0,3,0,0,0,0,10,6,28,12,28,14,4,7,11,7,121,45,36,71,92,45,26,27,62,67,471,1206,2513,1428,1348,1034,425,323,648,199,9125
SED53104,63,16,157,80,79,69,29,45,3,540,0,3,3,0,3,0,0,0,0,12,20,25,15,7,23,8,5,3,7,111,14,17,44,29,31,25,11,19,22,208,1495,3747,2083,1190,1503,662,336,455,139,11604
SED53205,112,37,476,194,164,136,110,125,13,1364,3,3,0,0,3,0,8,10,0,23,18,20,31,26,32,9,38,16,10,211,38,29,94,53,35,54,90,89,60,543,1529,3499,4254,2522,2054,1081,1276,1257,287,17765
SED53306,75,8,275,101,80,81,52,67,16,756,0,0,0,0,0,4,0,3,0,9,11,25,16,11,7,9,13,16,0,110,21,14,57,31,29,24,33,40,32,271,900,1901,2360,1393,946,625,687,752,164,9722
SED53402,96,21,301,118,81,62,41,80,13,808,6,3,5,3,0,0,3,6,0,34,31,58,15,34,28,5,10,8,12,211,21,44,48,25,34,28,25,23,38,281,2085,5699,2250,1588,1759,834,509,785,206,15732
SED53502,65,18,243,125,73,71,51,69,4,728,0,4,0,3,0,3,3,0,0,20,10,29,29,25,23,4,22,9,5,162,32,16,60,42,23,27,51,57,45,346,1170,2490,2396,1453,1368,648,691,720,174,11096
SED53602,70,14,266,130,86,65,63,82,5,784,7,3,4,9,0,0,5,14,5,49,10,8,25,20,16,10,26,18,9,143,17,18,63,44,27,15,47,89,79,406,963,2096,2196,1778,1332,757,785,1085,237,11231
SED53701,74,13,151,58,68,34,51,75,0,515,4,0,0,0,0,4,0,5,4,18,21,17,6,8,13,13,19,7,4,115,69,15,74,36,37,24,66,78,30,439,1768,1403,1793,812,908,354,682,942,139,8806
SED53802,77,28,309,148,97,80,52,62,12,863,3,0,4,3,3,3,3,7,0,29,20,25,22,25,27,11,16,17,3,164,16,24,40,40,29,24,27,35,57,281,1289,3473,2219,1440,1561,792,559,824,189,12352
SED53902,88,24,234,110,74,67,19,41,5,657,0,0,3,4,0,0,7,4,3,19,33,39,18,20,24,17,15,11,7,184,18,34,37,24,28,21,14,30,34,242,2031,5338,1752,1349,1638,841,374,645,177,14142
SED54006,45,21,194,80,58,56,82,79,11,623,0,3,3,3,0,3,0,3,3,15,17,11,23,6,5,4,23,15,8,116,32,22,86,38,29,26,64,62,52,413,1044,1747,2742,1189,987,522,835,890,195,10151
SED54104,49,20,109,61,36,25,3,14,3,318,0,0,5,7,6,3,0,0,0,21,28,67,12,13,29,13,3,4,3,175,24,54,22,12,11,13,0,7,33,182,2479,8147,850,921,1482,663,152,358,188,15236
SED54203,54,12,148,49,37,25,99,96,7,528,3,0,3,0,0,0,3,10,0,14,9,12,23,10,14,3,36,13,3,121,21,20,65,17,23,7,59,53,47,319,913,1481,3264,560,616,171,1018,946,159,9129
SED54304,71,23,243,128,125,102,28,63,4,787,0,0,3,3,0,9,0,4,0,19,24,29,25,26,16,7,10,14,4,157,28,26,54,27,43,30,10,21,41,277,2278,4393,2871,1533,1844,916,421,604,236,15094
SED54404,157,36,517,179,86,75,24,72,13,1158,3,0,7,12,3,4,3,15,0,49,41,107,21,34,41,14,7,16,12,292,43,61,53,39,34,26,14,46,64,389,3633,10202,2450,1987,2380,1095,356,1006,308,23406
SED54503,90,24,237,94,110,45,117,118,4,842,3,0,8,3,7,3,10,12,0,38,26,31,46,32,24,9,76,10,7,252,46,38,152,54,55,54,93,72,71,641,1512,2761,5238,1103,1384,475,1911,1057,329,15772
SED54605,55,9,159,59,61,50,21,41,7,470,4,0,0,3,0,3,0,3,0,11,15,33,19,11,23,8,16,5,9,142,15,17,24,17,24,15,23,22,31,193,1538,4701,1713,1121,1476,632,462,611,166,12417
SED54705,58,7,207,118,57,67,44,58,5,619,3,0,0,3,0,3,5,3,0,19,14,18,24,8,15,0,14,4,6,107,10,15,57,42,18,20,33,42,48,291,900,1769,2404,1404,950,518,567,669,168,9348
SED54804,83,39,258,111,95,69,27,53,4,740,0,3,0,0,0,0,0,0,0,9,34,43,20,28,26,13,9,6,4,185,27,41,46,34,22,20,13,26,39,267,2401,6278,2470,1491,1747,848,339,599,192,16359
SED54905,63,14,162,62,56,49,19,31,3,456,0,3,0,0,3,0,6,4,0,18,22,52,18,8,23,15,4,5,8,151,14,41,22,16,22,19,9,11,37,184,2383,6301,1454,1094,1687,763,258,474,174,14578
SED55005,113,20,294,123,108,86,72,73,9,896,0,0,8,0,10,0,4,8,0,28,15,35,47,29,27,11,23,19,3,203,35,19,51,38,27,37,43,28,65,349,1984,4790,2925,1814,2167,1028,823,850,235,16614
SED55102,95,24,253,141,112,76,57,51,13,822,0,0,3,3,0,3,0,6,0,19,30,39,28,25,26,13,16,11,6,193,42,37,77,34,50,37,50,42,40,409,2030,3540,3125,1718,1774,741,779,784,225,14713
SED55206,130,18,333,121,73,59,57,91,17,899,3,0,4,0,0,7,0,3,0,10,14,15,14,8,9,9,14,3,0,97,42,21,62,35,35,44,28,44,37,343,1584,2472,2467,1327,1130,747,564,917,146,11342
SED55305,81,22,381,159,89,72,37,80,8,927,0,0,5,5,0,3,0,10,0,31,32,39,29,27,36,16,14,22,12,220,24,31,43,45,11,23,20,41,62,305,2042,6090,2479,1774,1824,975,591,1148,229,17151
SED55401,62,4,112,34,47,29,24,57,3,384,0,3,0,3,3,0,4,3,0,22,18,7,10,16,7,0,12,8,0,75,93,18,60,35,21,29,46,71,32,409,1990,1438,1313,820,708,323,480,792,109,7978
SED55504,97,38,296,166,132,124,38,85,11,972,0,0,0,3,0,6,0,3,0,14,19,39,25,31,15,6,20,6,6,167,29,19,69,38,61,34,27,41,56,372,1664,3530,3341,1797,1911,886,637,853,235,14851
SED55605,129,38,405,199,149,135,75,104,11,1239,3,3,0,6,4,4,0,9,0,23,31,27,41,32,21,10,28,24,14,230,44,31,79,46,42,34,56,74,60,465,1814,3507,4528,2499,1944,1029,989,1104,316,17736
SED55706,109,18,280,96,65,62,42,95,3,771,4,3,3,3,0,3,0,6,0,19,15,16,6,21,8,3,7,18,4,97,73,18,74,36,26,44,53,83,47,459,1796,2346,2117,1211,936,655,566,1077,138,10847
SED55802,116,35,418,227,164,135,114,122,15,1358,0,3,5,6,8,4,8,7,3,46,22,25,41,46,32,16,38,25,12,255,28,30,79,40,38,52,55,50,76,451,1717,3412,3685,2385,2215,1141,1259,1037,267,17127
SED55905,59,21,246,109,54,50,31,59,3,634,0,3,5,0,0,3,4,7,0,22,21,31,23,18,18,4,4,11,9,146,16,29,57,40,31,27,17,34,39,300,1332,3748,2162,1283,1250,554,441,671,167,11618
SED59494,3,5,29,8,6,4,8,17,3,85,0,0,0,0,0,0,0,3,0,3,0,0,4,0,3,0,9,7,0,22,0,0,9,3,0,0,9,9,8,42,73,214,279,110,77,41,139,193,42,1169
SED59797,0,0,15,0,0,0,0,7,0,23,0,0,0,0,0,0,0,0,0,0,0,0,3,0,0,0,0,0,0,3,0,0,0,0,0,0,0,0,4,8,13,78,73,0,4,0,21,55,9,250
SED60101,20,0,46,24,17,19,3,27,0,164,0,0,0,0,0,0,0,0,0,0,5,4,3,4,3,3,3,3,0,24,31,3,18,4,5,14,16,34,13,137,457,428,448,246,194,142,121,245,37,2322
SED60106,80,19,252,105,66,61,31,56,3,669,0,0,0,0,3,0,0,3,0,10,13,24,11,16,11,3,7,3,9,92,21,23,39,26,25,15,20,33,18,223,1198,3030,1506,1130,1130,526,323,460,120,9431
SED60112,48,15,191,85,51,56,15,32,0,494,0,0,0,0,0,0,0,0,0,3,5,18,10,8,10,5,3,6,10,79,12,21,35,20,21,15,12,19,12,170,881,2592,1287,968,808,413,241,291,79,7562
SED60115,45,7,159,77,47,55,25,66,3,496,0,0,0,3,0,0,0,6,7,15,11,13,20,9,16,3,8,11,3,100,16,16,51,41,15,32,52,64,49,337,694,1537,1283,1146,752,463,396,638,131,7034
SED60207,56,21,245,124,49,61,30,80,3,662,3,0,0,0,0,0,0,0,3,6,17,17,11,9,10,5,9,6,0,82,24,17,45,20,25,42,37,54,28,294,889,1727,1578,1186,873,469,360,614,115,7812
SED60208,45,15,191,83,53,64,21,57,4,532,0,0,0,0,0,5,4,0,0,7,9,22,12,3,9,3,13,9,4,77,30,13,44,39,24,40,47,61,24,318,866,1669,1597,1113,868,465,439,593,112,7715
SED60209,64,14,168,94,57,52,31,99,11,582,0,6,0,0,0,3,0,0,0,8,11,13,12,7,8,3,9,15,0,72,63,16,48,39,27,36,43,80,35,377,1194,1563,1442,982,733,367,451,778,165,7674
SED60214,0,0,0,0,0,0,0,0,0,3,0,0,0,0,0,0,0,0,0,0,0,0,0,0,0,0,0,0,0,0,0,0,0,0,0,0,0,0,0,4,13,10,18,10,8,3,6,10,0,59
SED60302,13,3,86,33,20,17,12,21,0,202,0,0,0,0,0,0,0,0,0,3,4,3,0,4,5,0,7,3,0,22,6,0,14,13,8,10,11,16,13,88,225,393,575,404,382,164,102,165,36,2446
SED60303,64,20,291,119,68,64,26,83,6,741,0,3,0,3,0,7,3,10,0,26,15,25,16,22,17,7,18,14,8,138,24,16,54,37,20,31,27,50,38,301,808,1869,1633,1500,1192,535,413,585,151,8691
SED60304,95,16,258,101,68,56,12,46,5,651,6,4,3,3,3,0,0,0,0,18,40,66,15,33,32,12,3,17,7,222,17,45,19,23,30,16,3,22,30,204,1682,5724,1300,1278,1354,534,150,373,164,12555
SED60305,0,0,0,0,4,0,0,0,0,5,0,0,0,0,0,0,0,0,0,0,0,3,0,0,0,0,0,0,0,6,0,3,0,0,0,0,0,0,0,4,30,54,26,12,16,8,3,7,0,153
SED60310,47,5,105,47,28,23,0,22,3,287,0,0,0,3,0,0,0,5,0,12,29,47,3,18,29,4,0,8,7,138,15,23,11,20,10,14,3,9,12,110,1226,3577,627,723,833,378,80,265,119,7833
SED60402,15,0,44,19,14,10,3,6,0,110,0,0,0,0,0,0,0,0,0,0,0,3,4,3,0,5,0,0,0,17,0,0,3,5,8,3,5,5,5,49,164,221,263,201,199,74,44,60,19,1255
SED60405,57,17,211,96,72,49,23,58,5,588,0,0,3,0,0,4,0,0,3,15,25,29,17,20,25,7,7,10,4,143,44,35,56,31,25,33,28,56,35,343,1491,2880,1809,1251,1268,470,312,650,171,10301
SED60410,16,3,69,35,18,16,8,11,4,176,0,0,0,0,0,3,0,0,0,4,0,9,5,3,10,3,6,3,0,40,5,8,3,9,5,4,0,7,6,49,419,1080,467,381,422,182,62,137,42,3195
SED60411,73,11,211,100,86,55,23,39,10,607,0,3,0,0,0,0,0,3,0,11,21,28,15,16,24,5,5,10,4,116,24,23,24,28,29,12,19,35,23,211,1278,3131,1489,1226,1376,533,245,380,145,9799
SED60413,37,9,152,73,64,33,13,33,4,424,0,0,0,0,0,3,0,0,0,8,7,18,3,15,11,4,3,0,3,71,17,15,36,26,18,11,11,24,22,184,856,1742,1211,846,845,312,141,288,91,6335
SED60501,49,3,146,59,39,38,15,60,3,410,4,0,0,0,0,0,0,0,3,6,19,12,0,5,5,5,6,3,3,55,34,10,38,18,17,21,31,51,15,237,810,737,814,559,439,249,227,420,64,4326
SED60502,49,10,155,51,35,40,13,37,4,393,0,0,0,0,0,0,0,3,0,5,11,9,13,7,14,4,5,9,0,64,18,17,58,39,21,19,37,57,21,282,525,645,1121,879,535,279,283,410,91,4768
SED60512,16,3,55,17,16,8,8,12,0,133,0,0,0,0,0,0,0,0,0,3,4,7,7,3,0,3,3,3,0,28,20,6,20,10,12,9,16,22,12,126,363,583,466,307,225,113,134,201,36,2420
SED60513,30,8,133,62,39,44,12,22,11,349,0,0,3,0,0,0,0,0,0,3,5,15,8,12,13,0,3,0,3,64,15,5,39,14,13,19,17,34,20,185,559,851,913,642,555,278,190,311,82,4370
SED60514,50,19,222,80,41,54,18,63,0,540,5,0,3,0,0,0,0,7,0,19,19,13,11,12,8,6,17,9,3,89,51,19,70,42,33,31,50,58,31,392,1340,1621,1541,1007,738,394,446,644,132,7867
SED69494,0,0,5,3,0,0,0,0,0,6,0,0,0,0,0,0,0,0,0,0,0,0,0,0,0,0,0,0,0,0,0,0,3,0,0,0,0,3,0,6,7,45,31,22,13,4,5,23,3,149
SED69797,0,0,0,0,0,0,0,0,0,3,0,0,0,0,0,0,0,0,0,0,0,0,0,0,0,0,0,0,0,0,0,0,0,0,0,0,0,0,0,0,0,14,6,3,0,0,0,6,0,30
SED70001,3,3,4,7,4,0,3,0,0,19,0,0,0,0,0,0,0,0,0,0,0,5,0,0,0,0,0,3,0,15,3,14,9,14,4,8,3,14,33,94,74,219,54,103,57,26,18,48,49,648
SED70002,30,13,70,49,40,32,6,24,0,258,0,0,0,0,0,0,0,3,0,4,7,11,3,19,8,0,0,0,7,63,14,20,9,25,20,3,9,12,18,129,512,1363,522,733,521,163,115,175,87,4199
SED70003,7,3,19,8,3,0,0,3,5,53,0,0,0,0,0,0,0,3,0,7,6,3,7,12,0,0,0,0,0,30,13,26,11,26,11,10,14,23,59,201,153,385,192,218,130,40,77,85,81,1346
SED70004,9,3,22,10,11,4,0,4,4,77,0,0,0,0,0,0,0,0,0,3,4,3,0,3,4,0,0,7,0,21,10,13,10,32,10,5,0,20,24,135,229,374,186,245,137,44,43,170,64,1489
SED70005,15,11,44,24,28,14,16,8,3,163,0,0,0,0,0,0,0,0,0,7,3,3,8,11,7,0,7,0,3,36,11,7,15,8,18,12,16,5,30,116,329,544,735,427,459,142,172,134,77,3016
SED70006,21,14,50,44,49,18,10,19,5,224,0,0,0,3,0,4,0,0,0,10,8,18,5,15,9,0,4,4,0,62,10,11,7,16,8,4,14,15,13,97,474,1210,523,585,414,146,128,180,84,3735
SED70007,19,8,64,30,32,22,11,21,3,213,0,0,0,0,0,0,0,4,0,4,8,7,6,19,5,3,5,3,0,57,0,9,8,9,13,8,9,5,12,77,345,530,696,458,471,141,149,171,47,3007
SED70008,8,4,54,20,19,8,5,6,0,131,0,0,0,0,0,0,0,3,0,5,8,11,6,17,6,3,0,0,0,63,9,12,12,13,13,5,9,5,21,96,414,1162,432,456,376,161,129,170,63,3362
SED70009,11,7,33,6,12,6,3,16,0,97,0,0,0,0,0,0,0,0,3,4,3,10,4,7,4,0,3,5,0,41,8,18,29,17,15,8,12,18,15,139,232,435,397,216,195,57,107,180,52,1870
SED70010,15,5,51,28,18,14,19,25,6,183,0,0,4,0,0,0,0,3,0,4,3,3,9,6,4,4,4,3,4,41,12,3,19,10,11,8,10,17,11,107,237,474,525,319,331,139,148,191,61,2419
SED70011,17,12,63,28,24,13,10,10,5,174,0,0,0,0,0,0,0,0,0,9,7,11,5,7,7,5,0,3,4,49,14,12,14,11,5,6,3,6,15,84,539,1142,516,339,406,136,84,150,55,3369
SED70012,27,11,76,29,18,12,8,23,3,216,0,3,0,0,0,0,0,0,0,6,13,6,7,9,3,3,3,10,0,52,8,4,12,5,10,9,0,13,12,78,583,1051,629,357,408,145,82,167,54,3482
SED70013,16,4,52,23,31,11,19,22,0,180,0,0,4,0,0,0,0,0,0,5,9,11,5,8,4,0,13,7,0,62,24,15,34,19,17,14,20,24,10,179,441,529,802,301,388,124,201,223,52,3055
SED70014,8,7,48,19,18,7,4,8,3,117,0,3,0,0,0,0,0,3,0,8,9,8,6,8,6,3,0,8,0,45,7,11,28,9,12,9,6,13,14,107,316,768,453,289,298,119,85,174,54,2557
SED70015,6,0,37,16,23,11,9,8,0,108,0,0,0,0,0,0,0,3,0,5,3,10,8,5,4,3,4,0,0,36,13,3,13,13,8,6,6,12,8,80,228,549,428,333,299,107,113,131,44,2232
SED70016,22,7,59,17,23,15,3,16,3,156,0,0,0,0,0,0,0,0,0,6,3,3,18,23,3,0,0,3,3,59,12,7,20,28,24,5,19,22,12,141,363,696,585,445,351,120,98,158,42,2861
SED70017,19,4,69,50,19,14,6,20,0,199,0,0,0,0,0,0,0,0,0,6,3,8,3,9,3,3,3,0,0,29,11,15,9,28,7,8,6,25,8,119,266,402,271,384,191,65,63,184,41,1867
SED70018,19,9,46,28,26,16,22,21,3,181,0,0,6,3,0,0,0,0,3,11,11,3,13,24,3,0,8,5,0,72,13,9,42,17,28,13,13,19,24,179,493,598,1304,428,466,123,240,230,86,3964
SED70019,7,8,7,9,10,7,4,7,0,62,0,3,3,0,0,0,0,0,0,6,9,4,0,11,4,3,8,7,4,45,12,18,14,25,5,5,4,18,6,104,211,555,274,225,183,59,92,78,34,1701
SED70020,17,6,42,17,26,14,5,16,0,136,0,0,0,0,0,0,0,3,0,8,6,18,5,4,6,0,3,0,0,52,5,5,9,12,3,9,10,17,21,82,446,1359,428,354,361,140,102,161,50,3399
SED70021,40,5,126,68,32,16,7,13,0,312,0,0,4,3,0,0,0,3,0,13,16,14,7,20,7,0,3,3,5,72,16,6,13,9,8,9,3,16,15,91,836,1341,791,521,512,210,85,279,57,4634
SED70022,16,9,43,14,33,16,4,12,0,139,0,0,0,0,0,0,0,5,0,7,7,8,5,7,5,0,4,5,5,39,9,6,16,16,12,7,13,22,22,127,357,699,511,342,399,146,109,172,67,2803
SED70023,16,8,48,49,26,10,7,16,3,186,0,0,0,0,0,0,0,0,0,10,12,7,9,22,11,0,3,4,3,73,12,10,17,17,18,8,6,10,17,112,462,712,786,511,465,147,135,176,68,3459
SED70024,8,8,8,3,0,4,0,0,3,34,0,0,0,0,0,0,0,0,0,0,0,0,0,3,0,0,0,3,0,8,6,19,3,21,0,3,0,18,18,91,142,226,61,158,66,26,16,104,30,825
SED70025,20,0,47,26,15,13,3,16,8,154,0,0,3,0,0,0,0,0,0,3,7,11,3,17,7,0,4,6,4,57,7,4,16,15,12,7,3,12,16,90,449,995,545,383,409,159,96,129,80,3242
SED79494,0,0,9,4,0,0,4,7,0,24,0,0,18,3,0,0,0,0,0,20,0,0,3,0,0,0,0,3,0,9,0,0,4,0,0,0,0,3,0,11,28,102,85,54,22,12,31,54,4,387
SED79797,0,0,0,0,0,0,0,0,0,0,0,0,0,0,0,0,0,0,0,0,0,0,0,0,0,0,0,0,0,0,0,0,0,0,0,0,0,0,0,0,0,4,4,0,0,0,0,7,0,18
SED80001,127,59,393,149,257,93,52,78,19,1234,3,3,4,0,0,3,0,6,0,25,71,75,31,55,70,11,26,13,17,366,58,44,76,58,80,34,28,41,89,505,3919,7333,3385,2582,4464,912,568,744,623,24521
SED80002,122,44,420,188,169,93,30,60,25,1138,3,4,4,0,0,0,0,7,0,21,77,105,25,60,104,11,18,26,25,453,39,75,56,53,68,22,20,46,80,455,4316,10122,2999,2880,4373,1132,507,921,671,27926
SED80003,123,49,293,129,84,53,3,48,8,787,3,3,0,7,6,0,0,5,0,33,177,224,23,64,110,25,8,14,24,668,67,110,42,30,64,21,10,28,99,471,7035,15396,1754,2157,4185,1016,203,819,831,33384
SED80004,102,35,366,130,140,55,18,50,17,911,4,7,0,0,0,0,0,3,0,17,130,135,29,48,96,27,5,12,31,512,56,73,50,50,54,20,9,28,72,422,5330,11849,2467,2361,4238,872,325,764,630,28841
SED80005,186,54,557,215,262,115,42,86,18,1545,0,3,0,5,3,5,0,3,0,18,131,135,31,80,119,25,16,26,44,614,53,78,62,79,83,45,24,37,78,550,6022,12383,3729,3516,5756,1507,492,997,825,35230
SED89494,0,0,0,0,3,3,0,0,0,9,0,0,0,0,0,0,0,0,0,0,0,0,0,0,0,0,0,0,0,0,0,0,0,0,0,0,0,0,3,6,11,47,11,21,29,7,3,8,9,139
SED89797,0,0,0,0,0,0,0,0,0,0,0,0,0,0,0,0,0,0,0,0,0,0,0,0,0,0,0,0,0,0,0,0,0,0,0,0,0,0,0,0,0,0,0,0,0,0,0,0,0,0
SED99191,11,0,33,14,12,8,10,7,0,89,0,0,0,0,0,0,0,0,0,5,3,0,11,4,3,0,4,0,0,18,7,5,14,13,9,4,10,13,4,90,241,214,278,195,150,48,64,111,29,1335
SED99494,0,0,0,0,0,0,0,0,0,0,0,0,0,0,0,0,0,0,0,0,0,0,0,0,0,0,0,0,0,0,0,0,0,0,0,0,0,0,0,0,0,3,0,4,0,0,0,0,0,8
SED99797,0,0,0,0,0,0,0,0,0,0,0,0,0,0,0,0,0,0,0,0,0,0,0,0,0,0,0,0,0,0,0,0,0,0,0,0,0,0,0,0,0,3,0,0,0,0,0,5,0,4