SED_CODE_2016,Tot_OcMngr,Tot_OcProf,Tot_OcTechTrdW,Tot_OcComPerS,Tot_OcClericAdm,Tot_OcSalesWk,Tot_OcMacOp_Driv,Tot_OcLab,Tot_OcID_NS,Tot_Tot
SED10001,5097,5849,4978,3944,4225,3407,2515,4068,522,34606
SED10002,4110,8317,6660,4010,5219,3874,3073,5432,1306,42006
SED10003,4325,7199,4307,3763,3316,3159,1263,3141,516,30988
SED10004,8691,18192,2928,3374,5163,3083,636,1371,721,44167
SED10005,2492,5047,4367,3425,4332,2997,3112,3578,844,30201
SED10006,6246,4153,3844,3601,2929,2190,2955,3800,619,30324
SED10007,4023,5223,4943,4088,3896,2892,2902,3852,573,32393
SED10008,6558,12680,3924,3001,6474,3635,1136,1774,699,39879
SED10009,3342,4141,4079,3307,3026,2917,1464,3263,422,25959
SED10010,3309,6960,5274,4064,6326,3536,4615,4560,862,39504
SED10011,4027,9319,4335,4023,4387,2503,1422,2582,448,33051
SED10012,2286,4058,4483,3176,3944,2915,3881,4843,864,30461
SED10013,5846,7770,6796,4429,7311,4408,3758,3477,846,44637
SED10014,2913,4832,4739,3831,5263,3402,3999,3880,701,33554
SED10015,4340,8200,5303,4063,5696,3888,2602,4320,897,39307
SED10016,7403,11298,4289,3293,6622,4134,1253,1962,707,40961
SED10017,2832,3894,5599,3576,3809,3234,3755,4128,516,31340
SED10018,3491,8226,4668,3591,4795,3216,1568,2687,441,32681
SED10019,3020,3690,3590,3425,3057,2665,1993,3929,456,25834
SED10020,3534,5555,4006,3674,3865,3199,1590,3702,507,29620
SED10021,8154,17981,3597,3942,5324,3230,759,1611,736,45331
SED10022,5923,3584,3782,2867,2941,2413,2151,4382,471,28514
SED10023,6308,9468,5084,4184,6163,3643,1306,1948,608,38712
SED10024,7651,13201,2290,2653,4987,3292,545,1135,632,36393
SED10025,7761,13472,3419,2915,6029,3705,913,1584,730,40522
SED10026,4718,5367,4946,3889,4001,3342,2666,3709,523,33152
SED10027,4032,6870,4937,3265,6240,3198,2395,2712,672,34310
SED10028,6046,14178,2934,2866,5770,3231,817,1602,585,38034
SED10029,1988,3888,4406,2991,3951,2639,3619,4460,925,28883
SED10030,3616,6311,4526,3775,4510,3150,1716,3199,611,31413
SED10031,5647,5730,4946,4170,4255,2817,2304,3671,621,34166
SED10032,3286,7320,5239,3709,5409,3460,3126,4061,1023,36628
SED10033,5097,5650,6779,3614,5594,3233,2927,3458,641,36988
SED10034,5323,9373,5950,4431,6789,3643,1675,2285,587,40061
SED10035,8278,17974,4964,5153,7235,4749,1784,3051,943,54140
SED10036,4223,7257,5267,3960,6399,3364,3292,3098,807,37674
SED10037,5939,12757,4497,3841,5782,3281,1099,2444,593,40230
SED10038,4118,9498,4785,4231,4683,2825,1741,2520,524,34924
SED10039,3739,5921,5125,3954,3774,2873,2052,2821,439,30702
SED10040,4420,10105,5160,4444,6239,4489,2516,4421,926,42718
SED10041,7233,14756,2228,2941,5074,2897,544,1271,645,37581
SED10042,2856,5405,4879,3488,4033,2906,2288,3130,489,29476
SED10043,2714,5263,4521,3565,4231,3520,3529,3966,883,32190
SED10044,7976,15899,2962,3197,5753,3304,736,1341,690,41861
SED10045,4053,5357,3869,3546,3501,2857,1851,3895,474,29400
SED10046,2586,4958,4977,3495,5052,3170,4118,4431,978,33762
SED10047,3184,4688,5530,4143,6292,3556,5643,4633,888,38557
SED10048,3325,6476,5285,4264,6477,3659,4479,4202,765,38933
SED10049,3299,5762,5971,3877,4575,3546,3402,3692,516,34627
SED10050,8884,14528,3821,3835,5194,3589,855,1678,733,43123
SED10051,5461,10200,4108,3846,5822,3436,1768,2336,662,37645
SED10052,5593,8999,4666,3566,6144,3548,1512,2035,607,36672
SED10053,6563,7217,5305,4227,6508,3234,1989,3270,850,39150
SED10054,2491,5206,4813,3983,5942,3460,5613,4705,842,37045
SED10055,5020,6679,6362,3941,7795,4161,3968,3444,759,42138
SED10056,6939,4606,4666,3368,3919,3063,2838,5942,666,36007
SED10057,2655,3979,3457,3066,2640,2944,1436,3161,417,23764
SED10058,3936,10937,4163,4361,4434,2893,1428,2501,497,35141
SED10059,7252,19732,3576,4446,5572,3390,769,1916,771,47423
SED10060,9659,18797,2042,2716,5372,2967,338,841,827,43564
SED10061,5891,5610,3823,3548,3650,2877,1892,4333,561,32192
SED10062,4920,9626,4094,3449,6033,3517,1765,2490,665,36557
SED10063,4965,6178,4887,3607,4096,3047,2562,3699,561,33596
SED10064,3177,3989,3651,3419,2782,2363,1785,3477,492,25145
SED10065,5572,14281,5318,4143,7261,4179,2645,3580,984,47959
SED10066,3972,6744,5324,4024,6421,3504,3268,3394,678,37336
SED10067,6602,9527,4715,3410,4980,3305,948,1781,632,35899
SED10068,3032,5560,3929,3555,3567,2971,1387,2797,403,27203
SED10069,3023,4019,4940,3562,3601,2905,2272,3151,473,27956
SED10070,3555,6820,4776,3087,6150,3234,3209,3287,821,34935
SED10071,6027,11365,5193,4020,7689,4363,3034,2904,764,45353
SED10072,5168,9725,4957,4177,6349,4320,2500,4184,887,42264
SED10073,5930,15469,4645,3812,6853,4039,1318,2655,810,45527
SED10074,4672,10911,4648,3418,6593,3270,2533,2993,784,39827
SED10075,3126,5021,5941,4510,4853,3806,2998,3710,559,34520
SED10076,2670,3831,4266,3443,2753,2703,1307,2849,446,24262
SED10077,5276,14022,4856,4270,6421,4455,1740,3749,1126,45910
SED10078,5640,14408,4205,4032,5699,3404,1397,2909,692,42384
SED10079,2781,4623,5015,3665,3907,3121,2168,3291,435,29008
SED10080,10517,20797,4574,6298,5816,4140,659,3408,1112,57319
SED10081,4896,5501,4702,3426,3843,3135,2750,4694,551,33492
SED10082,4498,8119,4734,3854,4576,3360,1096,2459,496,33188
SED10083,3347,5669,5177,3998,4434,3539,1915,3346,494,31924
SED10084,3251,5196,4745,4237,3732,3413,1623,3427,505,30132
SED10085,4566,3980,5727,3217,3459,2511,4835,4164,525,32978
SED10086,9112,16698,2452,3285,4611,3461,491,1234,814,42163
SED10087,4692,6661,5487,4428,4251,3479,2302,3912,487,35697
SED10088,6630,10143,5184,4124,5801,3910,1498,2720,592,40606
SED10089,3044,8018,5047,4416,4789,3622,2427,3722,508,35581
SED10090,8493,17046,2646,3043,5376,3399,580,1395,793,42760
SED10091,4545,5862,6120,3649,4693,3170,2816,3359,600,34816
SED10092,3184,7669,4932,4247,4488,3275,2229,3457,555,34043
SED10093,3213,4460,5064,4073,4114,3436,2530,3849,583,31315
SED19494,274,649,480,430,261,224,339,582,103,3331
SED19797,3,22,18,16,21,17,10,18,5,130
SED20106,8743,15890,2981,3435,5114,3256,542,1368,723,42057
SED20207,5691,9882,5331,4226,6560,4018,3191,3486,788,43172
SED20302,3801,4420,5214,3524,3740,3397,2388,3706,507,30684
SED20401,3361,6231,5177,3335,4587,2993,1752,2711,424,30579
SED20508,3042,5329,4135,3282,3176,2439,1219,2278,411,25318
SED20604,4148,4986,4669,3602,3478,2723,2133,3445,494,29677
SED20704,3437,6142,4011,3553,3664,3067,1653,3096,408,29027
SED20804,2835,5125,3777,3016,2908,2473,1487,3445,410,25474
SED20906,4859,8850,2999,2717,4224,2807,784,1448,426,29110
SED21001,4898,11091,2902,2959,4321,3030,723,1719,540,32180
SED21106,6928,11553,1964,2607,3712,2808,345,825,516,31256
SED21203,1542,2953,3482,3033,2552,2218,2797,3178,595,22361
SED21303,5284,15254,3651,4022,5011,3066,944,1923,592,39756
SED21401,4567,7834,2755,2369,3844,3129,692,1568,502,27259
SED21503,3138,6486,3760,3259,4288,3067,1435,2440,443,28315
SED21608,3028,4838,4194,3203,3247,2532,1728,2844,477,26081
SED21706,5209,10580,2484,2834,4054,2970,639,1516,469,30747
SED21805,3905,5562,5422,3595,5071,3488,2389,3087,569,33096
SED21906,5729,12750,2535,3011,4181,2890,565,1362,576,33600
SED22005,3221,7005,4333,3224,4201,3272,2337,3829,615,32039
SED22105,4311,6267,7301,5275,6338,4423,4890,5252,767,44825
SED22201,3452,6264,4528,3182,4427,3071,1280,2306,437,28953
SED22305,1993,3406,5241,2998,3090,2547,3463,4684,657,28081
SED22404,3901,3967,4994,3061,2934,2146,1723,3094,525,26341
SED22501,4685,8603,4036,3141,4790,2828,795,1592,387,30852
SED22607,5403,11398,2976,3352,5045,3061,956,1819,549,34553
SED22704,4533,3654,4250,3134,2955,2232,2162,3740,455,27117
SED22802,3553,4478,5597,3267,4276,3064,1614,2797,440,29075
SED22901,3358,6365,3999,2817,4446,2958,1492,2258,479,28169
SED23007,3993,8797,4153,4179,4795,3562,2828,4406,837,37541
SED23101,3629,7926,2796,2493,3851,2765,828,1864,411,26563
SED23205,2927,5021,4343,3292,3351,3020,1670,2651,445,26724
SED23308,3304,7187,4070,3826,3559,2913,1511,2819,428,29625
SED23402,4338,5843,5885,3440,5090,3575,2097,3020,468,33748
SED23502,3608,3338,3586,2888,2510,2149,1605,3148,403,23221
SED23602,4420,3554,3616,2513,2399,2102,1563,3046,391,23604
SED23702,3862,4365,7087,4129,4677,3620,2213,3639,551,34140
SED23806,6112,13964,1853,2855,4203,2972,370,1126,494,33955
SED23901,4328,10453,3138,2869,4203,2529,879,1652,449,30489
SED24006,5675,11429,1802,2385,3765,2886,402,1023,542,29903
SED24105,3044,4886,4077,2958,4025,3167,3124,4487,640,30412
SED24207,3235,5513,4605,3675,5077,3415,4285,4558,826,35195
SED24308,2281,3729,4119,3425,3079,2823,2495,3777,557,26280
SED24408,5720,3829,3218,2698,2554,2206,1480,3082,357,25145
SED24504,4071,5873,4233,3070,3394,2080,1327,2417,403,26875
SED24606,5667,11464,1682,2294,3755,2730,331,1005,530,29451
SED24703,7141,21554,3884,6260,5957,4292,786,3077,885,53839
SED24808,3104,4186,5360,4126,5038,3390,4002,3521,650,33372
SED24904,4459,4007,3388,2862,2805,2757,1886,3618,503,26279
SED25003,3255,5362,4869,3664,5133,3952,2821,3316,556,32927
SED25102,4072,6595,5061,3313,3882,2466,1267,2385,445,29478
SED25205,4687,8097,4156,3200,4776,3238,1133,1785,469,31541
SED25302,4555,6500,3949,3021,3580,3008,753,1894,391,27652
SED25402,2622,4137,4666,3065,3643,2744,2095,3024,502,26503
SED25501,4026,8932,2493,2306,3812,2707,777,1697,489,27241
SED25605,3255,6244,3322,2581,3870,2707,1902,2805,551,27233
SED25704,5074,3579,3749,2859,2705,2663,1826,3843,397,26699
SED25802,4113,4462,4951,3159,3331,2474,2084,3673,521,28768
SED25905,3034,4780,5146,3235,4629,3400,2722,3361,588,30891
SED26005,3796,5755,6048,4133,5629,3935,3612,4366,693,37964
SED26102,3240,4177,4403,2742,2607,2590,937,2367,399,23464
SED26207,3919,6468,3548,2562,4646,3019,1371,1817,555,27902
SED26303,5186,13570,3012,3373,4166,2618,810,1591,503,34822
SED26406,4442,10651,3503,3150,4615,3345,1052,2134,504,33396
SED26504,3947,3743,3505,2797,2517,2328,1713,3373,414,24335
SED26603,4134,9370,4553,3498,5032,3148,1771,2970,585,35060
SED26708,5761,3752,3923,2849,2506,2208,1859,4100,503,27478
SED26806,7856,17561,3060,3721,5337,3711,466,1320,737,43777
SED26903,3038,7224,4043,3368,4157,2868,1723,3148,558,30117
SED27003,7296,18028,3052,3731,4642,3091,625,1491,739,42686
SED27101,3891,8745,3849,3076,4448,2823,1105,2129,427,30488
SED27208,4157,3290,3477,3127,2496,2182,1700,3786,425,24644
SED27305,3886,5970,4224,2739,4770,3522,1518,2146,433,29211
SED27406,5809,9006,2542,2613,3970,2845,525,1092,399,28813
SED27504,4228,4832,3992,3084,3378,2977,2038,4213,498,29239
SED27608,4239,8342,4726,4078,4125,3684,1286,2507,467,33450
SED27708,4042,4808,4046,3130,3014,2923,2245,3957,451,28611
SED27807,1953,3775,4187,3236,3388,2661,3597,5077,778,28639
SED27907,3127,4617,4620,3433,4920,3079,2369,2529,475,29178
SED28007,3992,5849,5186,3556,6023,4222,3305,3615,677,36432
SED28107,4018,7694,5438,5147,6624,4176,5456,4280,867,43703
SED28203,2110,3683,4079,2928,3527,2856,3092,3748,581,26597
SED28301,4885,8066,3186,2656,4140,3079,690,1534,445,28675
SED28408,2756,5833,3457,3080,3172,2712,1243,2544,377,25176
SED28507,2865,4498,4482,3620,4786,3132,3601,3448,531,30961
SED28607,6228,11104,3660,3057,4794,2871,1340,1987,582,35618
SED28704,4847,7050,6863,4528,6141,3989,2486,3048,642,39601
SED28803,3907,5624,5810,4390,5792,4121,4264,4275,780,38954
SED29494,178,405,297,277,182,134,200,307,57,2033
SED29797,0,4,7,0,0,0,0,3,0,23
SED30001,3860,4879,5832,3806,5000,3745,2575,3695,563,33958
SED30002,2799,4790,3558,2730,4330,2689,2518,2495,473,26390
SED30003,3743,8610,2144,2813,3418,1882,626,1071,313,24631
SED30004,2791,5754,2505,2204,3668,2199,937,1486,354,21888
SED30005,3695,6848,4292,3962,3947,3107,1332,2394,459,30028
SED30006,3426,3502,4370,2747,3410,2214,2233,3361,361,25622
SED30007,5182,12712,2782,3594,4381,2867,615,2498,571,35206
SED30008,2756,3796,3157,2655,3138,2801,1113,2129,382,21937
SED30009,2815,5151,3355,2658,3170,2667,915,1942,339,23007
SED30010,4803,9154,2875,2470,4298,2414,878,1648,448,28995
SED30011,1373,2252,2184,1982,1903,1811,1196,2605,248,15549
SED30012,3148,5126,4810,4273,5067,3248,3787,4443,680,34584
SED30013,2951,2810,3189,2841,2505,1717,2437,3255,329,22036
SED30014,3121,5294,3788,3126,3192,2964,983,2152,383,24998
SED30015,2602,2877,2689,1988,2070,1760,1619,2493,279,18376
SED30016,2709,5123,3640,3943,3317,2884,1398,2820,498,26332
SED30017,4096,1828,2428,1678,1744,1236,2222,3271,343,18835
SED30018,2348,3624,3587,2611,2708,2392,1277,2433,355,21329
SED30019,2420,3729,4164,2633,3931,2409,1807,2601,376,24073
SED30020,4016,7379,2859,2345,4442,2576,1022,1714,399,26771
SED30021,4543,8915,2697,2629,4452,2539,976,1718,467,28940
SED30022,3469,4718,3396,2558,3862,2420,1226,2135,291,24076
SED30023,3978,3655,4436,2499,3496,2380,2264,3674,368,26761
SED30024,2614,2748,3015,2788,2156,1464,1611,2931,437,19778
SED30025,4296,4845,4961,3463,4634,3750,2392,3535,581,32455
SED30026,2573,4497,3553,2880,2890,2540,981,2124,399,22435
SED30027,2959,2742,3091,2014,2010,1522,2281,2605,299,19520
SED30028,3162,6021,3173,2891,4030,2263,862,1443,325,24170
SED30029,3084,6295,2946,2582,3689,1822,698,1355,320,22789
SED30030,3076,4271,4734,3360,3974,3265,1824,3170,521,28187
SED30031,2242,3452,5434,2271,2727,2116,3110,3152,425,24923
SED30032,2958,3638,3933,2605,2968,2331,1799,3043,421,23690
SED30033,3403,8760,2576,2312,3658,2055,757,1484,318,25323
SED30034,3416,2253,3233,1522,2103,1394,3142,2573,331,19971
SED30035,2077,2463,2903,2125,2057,1827,1544,2645,289,17920
SED30036,1605,3103,2399,2649,1896,2043,987,2035,254,16967
SED30037,3262,2944,3944,2714,2900,2083,2493,3272,383,23999
SED30038,1709,3218,3198,2902,2975,2047,2494,3171,436,22143
SED30039,3081,9467,1547,2417,2913,2131,378,1184,330,23446
SED30040,1819,3256,3368,3029,3180,2241,2016,2893,381,22182
SED30041,2247,3243,3691,3005,3182,2172,2156,2933,396,23025
SED30042,2469,3672,4023,3051,4141,2633,2069,2600,403,25061
SED30043,2524,4144,3831,2967,3151,2887,1132,2316,298,23246
SED30044,2456,4067,4201,2813,3176,2348,2147,2656,325,24191
SED30045,3077,2933,3933,2497,3205,2071,2360,3683,390,24150
SED30046,2213,2508,4129,2372,3691,2260,2886,2846,427,23340
SED30047,3020,4967,3284,2454,3856,2149,1627,2232,392,23983
SED30048,1681,2930,3823,1900,2333,1920,2186,2268,329,19367
SED30049,2794,6230,2455,2187,3399,2181,908,1747,367,22259
SED30050,2894,4956,3934,3170,3072,2781,1047,2397,374,24630
SED30051,1686,2120,2448,2223,2137,1619,1411,2135,260,16038
SED30052,3541,5623,3454,3219,3611,3396,923,2069,429,26268
SED30053,2984,2434,4778,1754,2706,1815,4143,2834,438,23876
SED30054,3784,8329,2113,2084,3173,1983,489,1082,332,23357
SED30055,2307,2974,4257,2988,3624,2851,2168,3353,405,24924
SED30056,3746,10682,1819,2454,3239,2183,392,1060,307,25879
SED30057,2041,2092,2784,1513,1604,910,2104,1964,304,15307
SED30058,3170,7080,2567,2294,3537,2064,908,1435,356,23407
SED30059,3457,5286,4020,3212,3799,3198,1240,2388,441,27040
SED30060,2275,2941,3698,2803,2918,2272,1727,2970,394,21993
SED30061,1729,4429,2682,2963,2617,2115,1242,1932,302,20015
SED30062,3368,5205,4825,4213,4798,3513,2420,3464,538,32344
SED30063,3100,2428,2896,2029,2034,1519,1780,3133,328,19243
SED30064,2337,3764,3784,2672,2800,2210,1377,2696,357,21987
SED30065,3102,4449,3373,2715,2554,2589,803,2235,337,22156
SED30066,3079,6534,3664,2934,4707,2469,1739,2664,453,28245
SED30067,2906,4335,4231,3194,4440,2512,1885,2524,441,26462
SED30068,1652,2297,2827,2395,2211,2037,1673,2811,333,18244
SED30069,2239,3470,3177,2547,3153,1991,1369,2374,395,20703
SED30070,3012,3724,3853,2597,3649,2336,1455,2222,377,23223
SED30071,1703,3345,3428,2761,2673,2060,1914,2573,289,20742
SED30072,2581,5210,3215,2734,4108,2179,1482,2352,376,24231
SED30073,3937,11184,2847,3289,3927,2430,771,2187,472,31048
SED30074,3583,2382,2662,2052,2164,1782,1849,3560,332,20373
SED30075,2637,4946,3809,3511,3265,3328,1356,3110,495,26456
SED30076,2884,5245,3864,2541,4168,2546,1493,2156,381,25280
SED30077,3231,7939,2756,2513,3792,2133,781,1637,336,25113
SED30078,3083,6749,3186,2675,3922,2790,1652,2637,508,27204
SED30079,2111,4978,3012,2584,2998,2298,1642,2998,516,23146
SED30080,3990,5445,3337,3445,3426,3760,1025,2766,529,27729
SED30081,2057,3372,3913,3577,3403,2525,2024,2447,329,23650
SED30082,2298,4757,3270,2668,2968,2120,1372,2429,263,22145
SED30083,2119,4927,3111,2655,3119,2173,1150,2414,255,21918
SED30084,2492,5475,3255,3214,2973,1984,1402,2125,334,23254
SED30085,4353,2145,2466,1628,1997,1283,1706,2754,304,18642
SED30086,2073,3254,4276,3116,3747,2612,3018,3790,525,26408
SED30087,3555,4298,5379,2869,3265,2722,3150,2904,433,28572
SED30088,1440,2363,3252,2743,2827,2006,3417,4026,502,22576
SED30089,3203,9119,2714,2571,3609,2097,1042,1923,365,26645
SED39494,264,446,392,349,226,182,300,825,97,3087
SED39797,13,8,9,0,7,7,0,6,4,60
SED40001,2898,6733,1546,2017,2427,1553,423,1095,260,18944
SED40002,2029,4804,1941,2166,2523,1571,651,1439,263,17396
SED40003,2707,6309,1055,1407,1882,1325,232,685,214,15811
SED40004,2025,4118,2116,1940,2442,1560,568,1100,234,16096
SED40005,2910,1781,1828,1539,1495,1249,1115,2848,242,15002
SED40006,1594,3078,2531,2159,2590,1706,1246,2037,238,17184
SED40007,2202,3818,1974,1790,2580,1721,685,1140,229,16144
SED40008,1663,3834,1977,1937,2295,1564,931,1688,277,16163
SED40009,2163,5089,1983,1973,2322,1477,427,1105,197,16730
SED40010,2401,6227,1524,1814,2249,1452,393,1080,259,17404
SED40011,1499,3682,1949,2214,2214,1573,646,1516,190,15477
SED40012,1584,3531,2176,1972,1943,1443,1067,2321,322,16360
SED40013,2041,1774,1876,1679,1385,1275,673,1687,188,12581
SED40014,1828,3225,2759,2134,2903,1865,822,1442,231,17207
SED40015,2943,1993,2071,1585,1588,1334,996,2130,258,14893
SED40016,1218,2441,2174,1801,2289,1430,912,1592,214,14072
SED40017,2405,1912,1908,1604,1468,1269,1352,1986,210,14126
SED40018,1455,1995,2449,1550,1265,1068,2025,1539,313,13663
SED40019,2358,1322,1852,1386,1307,1126,1118,1978,224,12672
SED40020,1781,1258,1725,1577,1279,1310,948,2678,220,12776
SED40021,1821,4432,1709,1726,2334,1520,553,1248,251,15600
SED40022,2557,4590,2297,1813,1977,1418,714,1399,205,16978
SED40023,1505,2520,2947,2428,2120,1826,999,1901,238,16491
SED40024,2422,3394,2712,2220,2373,1698,995,1926,233,17974
SED40025,2099,3352,2059,1937,2480,1540,913,1319,292,15986
SED40026,1887,2358,2796,2244,2376,1803,1413,2194,307,17380
SED40027,1225,1574,2070,1874,1889,1455,1365,2114,263,13824
SED40028,3708,1557,1939,1260,1397,1310,1089,3070,217,15551
SED40029,1642,2175,2538,2042,2151,1728,985,1743,240,15244
SED40030,1619,3241,2663,2460,2556,1815,837,1660,217,17074
SED40031,2198,4258,2224,1795,2641,1826,626,1291,263,17120
SED40032,2360,4127,1764,1929,2420,1554,471,959,237,15815
SED40033,1855,2172,2234,1809,1824,1767,1521,2105,209,15502
SED40034,1178,1520,2265,2072,1845,1627,1638,2315,255,14719
SED40035,1668,3069,2757,2036,2644,1616,929,1373,229,16320
SED40036,1232,2215,2369,2018,2146,1497,1289,1974,276,15002
SED40037,1994,3311,2585,2413,2653,1770,1408,2152,298,18577
SED40038,953,1366,2017,1902,1696,1420,1572,2591,303,13825
SED40039,1053,1476,2335,2082,1825,1544,1040,1911,213,13467
SED40040,2541,2347,2497,1685,1860,1266,1197,2663,211,16258
SED40041,2501,1706,1850,1688,1398,1058,1144,1954,253,13553
SED40042,1778,1460,2569,2295,2206,1834,2175,2862,343,17522
SED40043,1788,4524,2167,2119,2608,1601,901,1808,261,17778
SED40044,2660,6528,1130,1517,2034,1422,238,764,227,16515
SED40045,2350,5706,1482,1715,2135,1375,321,1002,188,16281
SED40046,1842,4168,2144,2148,2487,1633,847,1737,237,17246
SED40047,1871,2913,2522,2089,2958,1929,1013,1528,253,17074
SED49494,54,103,112,53,57,49,85,212,11,734
SED49797,0,3,0,0,0,0,0,0,0,3
SED50106,2012,2556,2552,2101,1783,1623,1102,2014,248,15988
SED50205,2943,5453,1499,1460,2338,1570,374,743,273,16657
SED50302,1307,2023,3348,2373,2510,1876,2438,2450,287,18603
SED50404,2244,4936,2938,1945,2893,1867,994,1745,291,19853
SED50502,1578,3052,3034,2094,2606,1602,1381,1913,303,17559
SED50605,2143,5098,1769,1511,2198,1537,541,1053,193,16040
SED50702,1945,3746,3358,2194,2800,1668,1663,2074,337,19785
SED50806,1440,2600,2778,1644,1788,1547,1326,2152,238,15523
SED50904,3023,4851,7164,4456,4685,3521,2640,3975,589,34902
SED51005,1585,3866,3420,2621,2662,1919,1968,2813,423,21283
SED51104,2606,5229,2097,1572,2412,1518,444,831,249,16968
SED51201,3444,1563,2030,1375,1547,975,1413,1811,230,14381
SED51304,3382,7476,1521,1710,2344,1636,416,1178,276,19957
SED51405,2593,4552,4574,2434,3679,2302,1654,2301,442,24538
SED51506,1706,2490,3579,1842,2018,1658,2016,2178,292,17773
SED51604,3317,7278,1017,1551,1792,1289,234,643,311,17419
SED51702,3451,5342,5818,3117,4603,2797,2879,2585,465,31057
SED51806,1578,2341,3111,1796,1871,1694,1569,1679,257,15891
SED51903,2987,3220,4817,2128,2604,1894,3998,2528,425,24603
SED52002,1827,2686,3891,2135,3251,1874,2425,2151,363,20599
SED52105,2902,6700,2358,2050,2191,1481,675,1181,321,19866
SED52201,1754,2667,2823,1900,2058,1620,1477,1909,300,16509
SED52304,2320,3761,3838,2504,3300,2412,1576,2529,421,22662
SED52402,1286,2290,3275,2053,2618,1799,2008,2328,336,17991
SED52504,2630,4379,2430,1624,2493,1597,568,991,261,16969
SED52605,2544,4911,3136,2036,3251,1837,1156,1617,294,20784
SED52704,1890,3859,3526,2265,2749,1905,968,1676,305,19143
SED52802,1973,3354,2683,1674,2158,1338,1178,1467,251,16076
SED52903,157,254,355,183,124,39,440,192,32,1771
SED53003,1795,2797,1909,2093,1721,880,689,1416,339,13639
SED53104,2035,4051,2651,1777,2845,1669,733,1170,216,17155
SED53205,2292,3879,5464,3458,3706,2762,3060,3359,501,28469
SED53306,1307,2083,3139,2018,1785,1611,1704,1918,278,15843
SED53402,2680,6120,2828,2272,2857,1694,997,1598,309,21356
SED53502,1782,2771,3113,2121,2643,1778,1813,1974,316,18318
SED53602,1541,2375,3258,2555,2452,1948,1801,2929,435,19287
SED53701,3588,1532,2450,1247,1708,948,1663,2354,283,15770
SED53802,1868,3758,2965,2077,2679,1829,1139,1847,314,18472
SED53902,2598,5752,2284,1939,2669,1726,732,1359,277,19324
SED54006,1819,1929,3486,1722,1848,1554,2136,2398,329,17220
SED54104,2886,8583,1071,1618,1999,1316,263,829,257,18812
SED54203,1482,1595,3744,865,1042,461,2285,2146,253,13887
SED54304,3053,4814,3611,2400,3290,2403,871,1556,342,22343
SED54404,4479,10865,3038,2819,3403,1902,700,1788,440,29437
SED54503,2105,3079,6079,1707,2372,1180,4157,2396,524,23599
SED54605,1968,5017,2269,1751,2428,1486,851,1422,258,17448
SED54705,1347,1973,3108,2054,1835,1410,1385,1756,282,15148
SED54804,3028,6709,3049,2188,2784,1736,663,1228,279,21670
SED54905,2984,6704,1819,1793,2524,1527,532,998,266,19141
SED55005,2773,5224,3988,2645,3784,2651,1781,2257,420,25528
SED55102,2940,3853,4099,2507,3386,1962,1843,1958,392,22933
SED55206,2429,2657,3194,1895,1894,1826,1184,2218,242,17545
SED55305,2621,6537,3180,2598,2878,1934,1166,2213,350,23486
SED55401,4383,1548,1909,1157,1372,843,1325,2138,245,14928
SED55504,2505,3889,4330,2578,3542,2242,1529,2190,380,23184
SED55605,2648,3879,5745,3535,3523,2765,2474,2925,521,28022
SED55706,3270,2517,2762,1749,1696,1476,1386,2555,254,17675
SED55802,2666,3860,4954,3387,4129,2940,2701,2917,476,28026
SED55905,1778,4012,2737,1863,2157,1411,1004,1595,263,16820
SED59494,104,235,349,162,114,90,276,386,58,1773
SED59797,11,78,87,3,10,0,35,100,9,334
SED60101,832,469,586,365,385,374,403,686,70,4174
SED60106,1752,3265,1941,1745,2140,1657,854,1348,205,14915
SED60112,1205,2783,1637,1436,1456,1184,584,880,142,11301
SED60115,1109,1690,1733,1718,1384,1513,1179,2002,251,12580
SED60207,1355,1869,1979,1701,1507,1457,1062,1880,214,13022
SED60208,1350,1790,2037,1599,1577,1405,1090,1803,227,12886
SED60209,2002,1674,1854,1447,1388,1161,1261,2318,271,13377
SED60214,13,10,21,13,5,13,12,20,0,101
SED60302,336,462,752,590,764,572,305,570,84,4426
SED60303,1195,2088,2157,2118,2258,1604,1051,1842,305,14623
SED60304,2122,6078,1650,2001,2137,1239,282,886,254,16641
SED60305,40,53,36,17,28,16,6,15,4,219
SED60310,1527,3771,810,1166,1226,823,177,578,165,10227
SED60402,227,264,331,301,364,217,122,155,39,2025
SED60405,2048,3108,2260,1748,2104,1239,746,1687,273,15203
SED60410,553,1170,599,575,738,490,129,416,67,4736
SED60411,1748,3396,1888,1871,2505,1476,574,1223,250,14938
SED60413,1195,1897,1498,1222,1486,978,367,822,152,9617
SED60501,1363,808,1133,868,776,727,625,1222,149,7660
SED60502,852,738,1496,1357,1098,987,968,1507,178,9182
SED60512,525,633,587,439,420,339,318,477,64,3803
SED60513,857,947,1154,940,1038,721,473,881,131,7144
SED60514,2246,1757,2061,1486,1389,1204,1197,1883,277,13501
SED69494,17,49,38,33,27,14,20,54,3,247
SED69797,3,14,9,9,0,0,3,15,0,47
SED70001,113,353,85,254,119,73,45,162,132,1330
SED70002,717,1504,680,1027,856,426,223,473,132,6039
SED70003,196,479,250,341,190,77,156,209,147,2057
SED70004,337,486,280,431,267,118,129,423,118,2581
SED70005,464,605,910,663,771,380,356,400,111,4651
SED70006,641,1330,692,867,739,382,247,422,131,5442
SED70007,487,598,853,659,822,375,327,401,90,4605
SED70008,522,1230,575,645,621,417,236,362,87,4696
SED70009,374,508,513,358,338,146,257,412,99,3011
SED70010,347,523,695,498,610,336,336,441,84,3883
SED70011,698,1221,640,470,632,299,163,335,86,4549
SED70012,768,1139,780,552,652,335,174,339,87,4822
SED70013,706,590,1000,432,699,325,421,524,101,4810
SED70014,398,830,610,470,517,307,200,415,98,3848
SED70015,328,630,577,490,577,325,275,399,67,3679
SED70016,514,769,705,682,548,253,228,375,84,4152
SED70017,387,482,374,587,332,154,128,395,76,2915
SED70018,667,668,1560,739,809,304,508,525,138,5920
SED70019,273,700,356,415,313,145,193,234,83,2702
SED70020,552,1443,542,507,537,308,198,343,74,4500
SED70021,1076,1489,955,795,773,381,180,496,99,6250
SED70022,469,781,673,506,715,347,232,446,106,4285
SED70023,631,786,960,797,791,362,300,357,111,5095
SED70024,194,314,98,347,109,62,68,265,76,1547
SED70025,603,1089,709,580,705,361,237,358,111,4750
SED79494,41,108,104,84,34,32,63,104,15,574
SED79797,0,4,8,0,0,0,0,13,0,28
SED80001,5272,8406,4716,4138,7740,2894,1430,2201,1023,37825
SED80002,5264,11141,4116,4501,6569,2831,1031,2229,955,38651
SED80003,8548,16659,2368,3980,5686,2296,442,1722,1047,42748
SED80004,6280,12803,3293,3710,6206,2301,755,1727,892,37969
SED80005,7388,13644,5129,5331,8427,3623,1025,2465,1202,48238
SED89494,21,57,14,34,28,12,8,20,6,202
SED89797,0,0,0,0,0,0,0,0,0,0
SED99191,340,236,379,298,249,130,160,295,51,2151
SED99494,0,3,0,4,0,0,3,0,0,11
SED99797,0,3,0,0,0,0,0,4,0,6