SED_CODE_2016,Sme_Usl_ad_1_yr_ago_as_2016_M,Sme_Usl_ad_1_yr_ago_as_2016_F,Sme_Usl_ad_1_yr_ago_as_2016_P,Dif_Usl_ad_1_yr_ago_Sme_SA2_M,Dif_Usl_ad_1_yr_ago_Sme_SA2_F,Dif_Usl_ad_1_yr_ago_Sme_SA2_P,Dif_Us_ad_1_ago_Dif_SA2_NSW_M,Dif_Us_ad_1_ago_Dif_SA2_NSW_F,Dif_Us_ad_1_ago_Dif_SA2_NSW_P,Dif_Us_ad_1_ago_Dif_SA2_Vic_M,Dif_Us_ad_1_ago_Dif_SA2_Vic_F,Dif_Us_ad_1_ago_Dif_SA2_Vic_P,Dif_Us_ad_1_ago_Dif_SA2_Qld_M,Dif_Us_ad_1_ago_Dif_SA2_Qld_F,Dif_Us_ad_1_ago_Dif_SA2_Qld_P,Dif_Us_ad_1_ago_Dif_SA2_SA_M,Dif_Us_ad_1_ago_Dif_SA2_SA_F,Dif_Us_ad_1_ago_Dif_SA2_SA_P,Dif_Us_ad_1_ago_Dif_SA2_WA_M,Dif_Us_ad_1_ago_Dif_SA2_WA_F,Dif_Us_ad_1_ago_Dif_SA2_WA_P,Dif_Us_ad_1_ago_Dif_SA2_Tas_M,Dif_Us_ad_1_ago_Dif_SA2_Tas_F,Dif_Us_ad_1_ago_Dif_SA2_Tas_P,Dif_Us_ad_1_ago_Dif_SA2_NT_M,Dif_Us_ad_1_ago_Dif_SA2_NT_F,Dif_Us_ad_1_ago_Dif_SA2_NT_P,Dif_Us_ad_1_ago_Dif_SA2_ACT_M,Dif_Us_ad_1_ago_Dif_SA2_ACT_F,Dif_Us_ad_1_ago_Dif_SA2_ACT_P,Dif_Us_ad_1_ago_Dif_SA2_OT_M,Dif_Us_ad_1_ago_Dif_SA2_OT_F,Dif_Us_ad_1_ago_Dif_SA2_OT_P,Dif_Us_ad_1_ago_Dif_SA2_Tot_M,Dif_Us_ad_1_ago_Dif_SA2_Tot_F,Dif_Us_ad_1_ago_Dif_SA2_Tot_P,Difnt_Usl_add_1_yr_ago_OS_M,Difnt_Usl_add_1_yr_ago_OS_F,Difnt_Usl_add_1_yr_ago_OS_P,Difnt_Usl_add_1_yr_ago_Ns_M,Difnt_Usl_add_1_yr_ago_Ns_F,Difnt_Usl_add_1_yr_ago_Ns_P,Difnt_Usl_add_1_yr_ago_Tot_M,Difnt_Usl_add_1_yr_ago_Tot_F,Difnt_Usl_add_1_yr_ago_Tot_P,N_stated_M,N_stated_F,N_stated_P,Tot_M,Tot_F,Tot_P
SED10001,29007,30060,59064,1627,1718,3349,2205,2453,4654,922,991,1912,179,192,367,60,53,113,58,52,108,16,19,32,34,28,59,31,33,71,0,0,3,3492,3823,7316,174,225,403,104,80,182,5399,5845,11244,3669,3729,7392,38075,39636,77704
SED10002,38652,36691,75339,1779,1401,3183,4774,3866,8644,185,87,273,172,107,281,153,34,194,134,40,177,9,17,30,18,7,25,28,21,42,0,0,0,5484,4184,9669,2324,1909,4229,176,100,274,9761,7596,17356,5590,3910,9495,54002,48198,102195
SED10003,26068,27719,53790,1608,1822,3432,2289,2669,4956,184,241,422,488,551,1043,31,30,61,46,48,97,17,23,37,25,28,57,24,22,40,0,0,0,3095,3617,6714,297,363,666,105,139,240,5114,5945,11054,3788,3988,7779,34974,37650,72618
SED10004,26355,28835,55189,1346,1481,2820,4601,4892,9492,195,214,413,191,235,432,49,41,96,97,97,187,11,8,21,17,19,29,69,95,166,0,0,0,5227,5605,10837,1637,2134,3773,103,116,215,8311,9334,17643,4351,4493,8841,39019,42654,81676
SED10005,32809,33879,66691,842,830,1668,3440,3375,6815,57,39,97,52,39,92,24,17,41,31,32,67,4,6,12,5,5,8,10,3,15,0,0,0,3636,3522,7153,738,754,1497,74,72,148,5289,5185,10470,3748,3352,7098,41849,42413,84262
SED10006,29467,29264,58731,2008,2246,4257,1311,1394,2705,87,91,171,178,186,361,92,76,167,43,51,88,10,11,16,20,21,40,16,20,30,3,0,4,1749,1837,3588,84,113,196,125,91,224,3976,4283,8255,4792,4600,9387,38229,38148,76377
SED10007,28831,29267,58099,1999,2158,4152,2487,2634,5117,50,49,96,113,114,230,15,14,27,31,17,45,8,9,14,11,6,22,21,20,41,0,0,0,2732,2868,5596,129,161,291,90,64,153,4943,5243,10193,5119,3788,8911,38896,38305,77194
SED10008,32289,33491,65778,552,582,1141,3079,3151,6231,77,62,135,73,77,149,27,25,56,32,36,69,5,12,14,4,7,8,22,18,35,0,0,0,3323,3378,6700,682,732,1415,32,26,55,4590,4727,9315,1657,1608,3262,38536,39824,78358
SED10009,26526,27594,54114,1505,1636,3146,1905,2028,3931,261,259,520,125,145,268,25,21,42,46,44,89,22,24,40,25,22,50,248,279,529,0,0,0,2650,2819,5468,100,116,217,98,94,187,4358,4663,9023,3160,3214,6372,34043,35466,69514
SED10010,34392,34574,68964,798,766,1568,3927,3612,7538,79,48,128,90,82,175,32,22,52,32,35,69,4,3,9,10,5,13,9,7,21,0,0,0,4177,3821,7996,906,1056,1964,64,55,121,5950,5698,11651,2964,2856,5812,43305,43123,86429
SED10011,27789,29989,57780,1112,1150,2265,2278,2412,4690,44,63,107,59,62,122,20,17,30,27,31,58,8,14,29,10,16,23,14,12,27,0,0,0,2458,2622,5088,224,239,463,59,51,111,3856,4067,7920,2356,2564,4917,33997,36612,70608
SED10012,33256,34816,68066,774,723,1505,2572,2583,5155,59,41,100,33,39,71,11,6,20,18,11,25,0,0,0,0,0,0,8,3,9,3,0,3,2695,2682,5380,566,693,1262,80,50,127,4115,4152,8276,2317,2301,4620,39690,41269,80962
SED10013,33098,34339,67436,1054,1172,2228,5081,5328,10409,52,48,103,79,80,164,17,18,33,35,25,59,0,0,3,11,13,16,15,11,22,0,0,0,5287,5517,10805,202,229,429,69,62,133,6620,6973,13590,2845,2918,5763,42564,44227,86788
SED10014,29844,31207,61055,752,837,1593,3628,3732,7366,38,38,76,72,79,152,6,18,20,35,35,66,8,6,14,13,7,29,11,13,28,0,0,0,3817,3925,7746,314,397,713,89,84,176,4974,5251,10228,3154,3361,6513,37979,39818,77791
SED10015,33924,34979,68903,1148,1037,2184,3307,3380,6688,43,52,96,61,47,114,25,18,35,31,25,54,6,3,8,8,4,14,12,14,29,0,0,0,3490,3545,7032,1149,1201,2351,99,65,172,5887,5849,11737,3194,3138,6332,43003,43967,86973
SED10016,32092,33173,65262,671,648,1315,3448,3496,6945,66,65,133,92,83,174,19,22,38,55,42,92,3,3,7,12,8,19,36,28,61,4,0,3,3722,3744,7471,491,604,1100,59,50,108,4943,5048,9989,1928,1886,3815,38957,40103,79065
SED10017,28855,29907,58767,1483,1610,3094,2926,3136,6060,26,34,57,110,113,221,13,10,18,43,42,82,7,9,16,9,11,27,13,6,22,0,0,0,3141,3358,6500,85,87,178,76,79,158,4785,5143,9923,3804,3159,6957,37438,38203,75649
SED10018,28265,30105,58375,808,801,1605,2864,3051,5916,48,52,101,99,101,196,22,18,38,25,30,53,6,14,15,9,15,24,21,20,43,0,0,0,3097,3293,6387,164,205,372,72,59,136,4141,4358,8500,2122,2190,4312,34529,36659,71187
SED10019,28007,28673,56682,1842,2004,3840,1836,1902,3736,70,68,138,523,557,1082,19,19,38,62,54,120,16,9,29,34,28,62,19,12,32,0,0,0,2583,2643,5225,87,111,192,83,79,164,4591,4833,9427,3497,3176,6672,36097,36680,72783
SED10020,26447,28010,54451,1502,1750,3248,2808,2977,5778,122,135,260,331,342,679,36,38,72,57,64,121,16,18,33,33,34,64,21,26,42,0,0,0,3413,3624,7039,267,373,636,114,98,208,5292,5843,11139,3190,3427,6615,34934,37280,72210
SED10021,27472,30149,57618,1156,1242,2396,3870,4422,8298,150,175,327,153,173,324,26,28,47,85,89,178,5,6,8,24,15,42,49,55,105,3,0,4,4362,4972,9334,1483,1744,3234,91,91,185,7095,8051,15144,4559,4702,9261,39129,42900,82030
SED10022,27430,27877,55308,1885,2014,3902,1500,1596,3098,81,81,158,123,124,247,25,41,67,43,32,71,13,20,29,15,13,27,67,79,150,0,0,0,1865,1986,3849,105,121,219,46,61,112,3902,4184,8086,4205,3414,7621,35532,35480,71007
SED10023,29075,30320,59386,878,877,1759,2768,2892,5659,41,35,75,82,79,160,8,10,18,25,33,53,3,4,3,5,4,11,13,15,28,0,0,3,2941,3066,6008,277,305,585,39,42,81,4141,4287,8433,2524,2540,5061,35738,37146,72886
SED10024,31078,32986,64059,908,937,1851,2637,2782,5417,53,56,107,74,72,147,19,25,48,42,27,68,7,3,5,5,4,13,26,20,40,0,0,0,2863,2981,5850,834,969,1805,48,62,108,4658,4952,9608,1936,2060,3995,37670,39997,77666
SED10025,28945,31650,60594,1295,1282,2581,3427,3634,7059,98,84,183,106,124,229,41,32,73,65,56,123,6,9,18,17,7,25,22,41,61,0,0,3,3781,3993,7778,996,1190,2186,61,68,129,6136,6537,12674,2782,3159,5947,37864,41350,79210
SED10026,27699,28607,56304,1750,1912,3659,2827,3066,5891,64,75,142,183,213,389,35,27,63,46,44,88,9,10,17,12,21,31,23,17,36,0,0,0,3198,3466,6662,187,199,383,77,60,142,5211,5635,10845,4399,3991,8384,37305,38229,75536
SED10027,30976,32400,63375,588,616,1203,2835,2979,5816,33,28,63,38,41,79,8,10,27,17,17,29,3,0,3,3,0,7,5,9,14,0,0,0,2948,3088,6035,428,493,923,55,61,116,4021,4259,8277,2411,2367,4780,37408,39025,76432
SED10028,31426,33697,65127,864,883,1743,2978,2997,5978,71,84,153,86,67,148,27,37,62,52,45,98,4,0,9,3,5,7,24,25,55,0,0,0,3254,3255,6507,1103,1221,2320,56,68,120,5280,5424,10699,1766,1763,3528,38472,40885,79350
SED10029,34483,35727,70210,874,879,1754,3005,3012,6016,54,63,109,55,44,105,19,14,33,26,10,38,0,0,0,8,0,11,7,3,4,0,0,0,3172,3144,6311,988,1086,2074,87,76,158,5114,5183,10299,2790,2615,5408,42382,43528,85912
SED10030,27388,29090,56484,1196,1367,2559,3241,3418,6660,40,39,86,88,97,190,11,15,23,25,20,46,8,5,17,14,9,22,19,16,29,0,0,0,3445,3626,7073,251,277,523,66,54,114,4953,5320,10269,3111,3189,6292,35449,37597,73049
SED10031,28856,29485,58342,1672,1848,3516,2174,2256,4431,54,52,107,105,126,229,16,19,34,36,34,69,12,12,24,14,6,19,422,447,869,0,0,3,2824,2953,5776,237,221,454,97,81,181,4833,5097,9926,3639,3077,6721,37334,37660,74991
SED10032,34834,34385,69218,1237,1108,2344,4130,3542,7670,149,68,219,112,75,183,53,28,82,104,47,153,6,5,16,19,8,25,25,22,46,3,0,3,4582,3799,8385,1411,1461,2870,88,96,187,7318,6461,13783,3436,3126,6563,45593,43975,89560
SED10033,29266,29791,59051,1024,1022,2044,2759,2840,5598,29,43,69,75,80,155,9,13,23,18,17,37,3,3,8,10,9,18,13,8,22,0,0,0,2916,3017,5930,129,136,265,52,69,123,4119,4239,8355,2834,2838,5670,36221,36862,73084
SED10034,31389,32645,64041,802,849,1650,2261,2335,4598,30,20,57,61,64,121,9,4,11,19,16,31,3,5,8,8,11,17,22,11,35,0,0,0,2410,2464,4875,213,235,444,65,82,148,3485,3632,7121,2036,2001,4045,36912,38283,75202
SED10035,33884,32923,66803,2035,1969,4008,6580,6322,12897,236,272,509,249,258,505,69,69,135,145,130,275,25,19,47,20,16,37,109,97,205,0,0,0,7426,7185,14612,3704,3993,7698,137,113,247,13303,13267,26563,5003,4688,9696,52192,50880,103069
SED10036,33875,34835,68716,741,803,1546,2860,2920,5779,82,40,122,180,130,317,14,14,26,17,14,28,9,0,9,36,22,61,29,9,44,0,0,0,3237,3152,6391,396,492,886,52,60,114,4427,4504,8933,2846,2728,5582,41150,42074,83225
SED10037,32027,33078,65108,685,756,1447,2852,2891,5743,49,47,100,66,58,125,16,23,45,28,31,64,0,3,9,7,3,15,14,18,36,0,0,0,3044,3084,6127,622,739,1356,59,39,100,4405,4621,9031,2068,2000,4065,38502,39703,78201
SED10038,30881,32415,63299,1042,1057,2097,2747,2987,5741,47,51,95,71,68,132,20,6,26,37,31,66,6,5,9,8,6,22,39,42,79,0,0,0,2969,3201,6172,548,462,1010,54,50,100,4619,4771,9386,2364,2454,4822,37863,39644,77505
SED10039,27401,28424,55823,1182,1211,2390,2482,2705,5191,27,40,68,123,118,240,15,16,25,48,34,78,13,12,24,24,20,44,29,40,70,3,3,3,2759,2983,5746,161,173,334,69,67,139,4175,4438,8614,3359,2766,6131,34935,35631,70566
SED10040,34504,35634,70133,1124,1201,2331,4021,3940,7967,66,43,111,69,78,147,30,27,60,43,32,74,9,11,24,7,6,16,29,39,62,0,0,0,4278,4176,8458,1876,2152,4025,112,102,216,7391,7632,15028,2889,2812,5700,44784,46074,90863
SED10041,30350,33055,63397,866,967,1835,3336,3591,6923,78,79,162,95,87,184,29,26,57,54,51,106,10,4,21,11,9,13,42,31,72,0,0,0,3655,3878,7538,938,1094,2029,54,48,98,5516,5987,11500,2131,2427,4553,37992,41461,79452
SED10042,27647,28810,56458,1100,1174,2279,2887,3138,6022,60,47,109,109,116,228,19,15,38,35,30,62,8,12,19,18,14,27,5,12,19,0,0,0,3150,3375,6528,107,119,228,63,49,112,4417,4722,9141,2316,2423,4737,34381,35955,70333
SED10043,36433,35811,72252,1329,1052,2384,3114,2765,5880,60,44,97,61,45,104,36,23,62,43,39,80,0,0,0,14,15,26,9,13,21,0,0,0,3329,2942,6267,1136,1165,2299,80,54,132,5878,5208,11085,3591,3332,6921,45900,44356,90256
SED10044,30324,31935,62263,1056,1031,2087,4125,4136,8258,88,88,177,102,122,224,35,42,77,71,59,131,3,17,21,12,0,14,31,34,68,0,0,0,4469,4497,8968,882,1023,1909,62,50,107,6472,6604,13074,2790,2822,5616,39591,41361,80955
SED10045,27737,28898,56634,1334,1493,2824,2069,2276,4344,89,94,188,576,598,1179,21,18,34,42,41,83,21,17,36,36,40,71,6,11,18,3,3,7,2864,3092,5961,129,143,272,127,109,236,4453,4838,9294,3677,3690,7363,35867,37421,73290
SED10046,34778,35689,70467,912,919,1828,3492,3456,6945,55,54,108,49,54,103,15,21,39,23,19,42,0,0,7,3,5,8,19,19,34,0,0,0,3667,3623,7291,685,789,1481,84,65,149,5350,5399,10745,4307,4290,8594,44434,45378,89804
SED10047,33657,34407,68062,909,982,1896,4788,5047,9830,46,43,87,99,122,213,19,21,35,40,27,69,6,3,10,18,14,33,7,14,18,0,0,0,5016,5286,10299,382,420,804,120,98,221,6428,6785,13215,4840,4256,9103,44929,45444,90370
SED10048,33453,34366,67818,965,964,1931,3761,3751,7514,42,32,74,98,89,186,18,25,37,31,31,61,3,0,3,14,20,35,12,10,24,0,0,0,3987,3962,7948,508,632,1142,79,71,146,5534,5633,11166,3095,3104,6202,42086,43102,85190
SED10049,29174,30406,59575,1480,1613,3090,3370,3685,7051,36,55,92,141,185,326,19,14,36,37,46,79,3,3,5,21,11,33,12,12,25,0,3,7,3647,4011,7652,123,133,259,88,74,160,5327,5830,11158,2642,2761,5409,37149,38996,76144
SED10050,29481,30501,59984,1462,1414,2872,3278,3576,6855,71,81,146,61,76,140,12,24,34,42,51,93,9,6,22,15,15,23,30,19,50,0,0,0,3519,3855,7377,1079,1206,2282,80,75,155,6136,6545,12687,3216,3370,6587,38829,40423,79257
SED10051,29815,31571,61386,799,777,1571,3355,3317,6671,61,76,132,86,93,182,23,18,41,48,31,78,7,6,16,17,18,33,27,24,49,0,0,0,3613,3585,7198,1063,1079,2149,74,60,135,5551,5503,11058,4956,3431,8390,40320,40510,80830
SED10052,29486,31392,60873,615,656,1273,2708,2856,5557,39,48,84,77,74,151,5,12,13,34,31,68,3,0,7,9,5,17,17,15,28,0,0,0,2891,3040,5929,289,333,621,79,90,162,3873,4110,7987,2223,2218,4443,35582,37724,73302
SED10053,28998,28415,57412,1307,1367,2672,2083,2120,4199,171,142,314,213,207,424,50,49,99,51,55,109,13,9,25,34,45,81,1003,1008,2011,0,0,0,3629,3636,7266,346,313,660,83,67,145,5365,5377,10742,3647,3302,6949,38011,37096,75107
SED10054,34575,35791,70362,1038,1064,2099,3365,3500,6864,34,51,86,57,54,110,19,30,49,37,39,74,3,0,4,7,8,14,10,9,22,0,0,0,3539,3692,7231,587,695,1286,88,52,141,5251,5506,10755,3112,3175,6290,42935,44474,87411
SED10055,32902,33401,66308,768,887,1662,3107,3199,6305,20,28,50,61,67,128,6,9,18,20,23,41,4,3,10,6,8,19,17,11,23,0,0,0,3247,3355,6594,220,276,494,62,42,102,4293,4564,8856,2600,2544,5141,39796,40509,80306
SED10056,31584,31286,62869,2137,2357,4495,1215,1218,2435,812,926,1735,162,161,329,76,59,139,48,47,99,11,8,22,27,25,61,25,32,58,0,0,0,2388,2483,4869,336,304,644,130,109,237,4993,5251,10251,4475,4365,8839,41054,40897,81955
SED10057,26521,28131,54647,1680,1873,3555,2584,2659,5237,40,52,93,135,141,276,5,11,17,16,30,48,9,11,21,14,7,25,3,14,18,0,0,3,2816,2917,5736,86,106,194,107,104,215,4701,5005,9704,2967,3153,6121,34186,36290,70471
SED10058,25975,26223,52194,1054,1137,2195,4233,4521,8755,93,105,201,183,158,344,31,27,58,59,51,113,14,21,37,34,39,73,54,41,90,0,0,0,4703,4961,9662,451,454,907,100,95,198,6313,6648,12966,2932,2837,5763,35222,35705,70925
SED10059,26990,25343,52336,1151,1243,2391,5391,5739,11130,230,239,473,179,206,383,59,63,117,121,122,249,23,25,48,17,16,35,85,121,212,0,0,0,6104,6535,12641,2260,2832,5092,152,110,264,9673,10719,20388,5472,5052,10529,42140,41111,83249
SED10060,25131,28562,53692,1286,1413,2702,3954,4378,8329,148,170,309,151,171,317,49,45,86,83,90,169,3,10,10,17,16,34,51,72,115,0,3,3,4438,4943,9385,1271,1478,2756,53,70,119,7051,7914,14966,3649,4006,7651,35833,40482,76310
SED10061,28940,29783,58725,2506,2896,5406,1893,2131,4022,55,61,115,427,466,884,17,22,36,29,27,58,12,5,20,23,19,46,18,18,31,0,0,0,2469,2744,5219,253,314,561,124,113,237,5352,6072,11426,4140,4010,8154,38433,39868,78305
SED10062,30004,31944,61951,769,785,1556,2712,2876,5590,36,38,79,65,51,119,10,16,25,27,30,58,3,0,4,4,3,7,18,14,36,0,0,0,2883,3031,5920,694,785,1480,61,64,121,4410,4670,9081,2192,2327,4520,36616,38934,75550
SED10063,29111,30024,59136,2030,2214,4249,2637,2799,5434,53,53,112,141,155,298,25,20,49,47,47,97,4,14,16,13,18,31,30,36,65,0,0,0,2965,3147,6106,136,181,315,93,63,153,5222,5607,10828,3434,3479,6914,37765,39112,76876
SED10064,27293,28308,55606,1604,1854,3463,2097,2311,4406,80,73,149,301,283,587,22,18,40,52,56,103,20,15,34,22,23,43,16,21,42,0,0,0,2604,2801,5402,108,121,231,102,103,203,4427,4878,9307,3803,3432,7235,35518,36623,72146
SED10065,36533,36708,73242,1902,1687,3585,4881,4531,9408,177,148,328,175,149,326,88,63,151,93,78,175,12,3,17,25,18,40,40,38,84,4,0,7,5499,5031,10533,2564,2686,5255,138,89,227,10104,9494,19599,4191,3912,8107,50826,50118,100942
SED10066,30030,31656,61691,928,960,1887,3441,3541,6979,33,28,66,90,76,162,19,22,38,36,32,71,0,3,3,7,4,15,14,22,34,0,0,0,3642,3725,7366,251,281,532,97,76,174,4920,5044,9960,2898,3116,6012,37847,39812,77663
SED10067,27811,29276,57091,1032,1125,2157,2675,2899,5573,44,40,82,72,59,125,10,4,14,25,20,51,4,4,12,11,8,26,9,16,28,0,0,0,2856,3051,5905,411,402,807,70,84,152,4370,4662,9026,2526,2739,5267,34708,36678,71387
SED10068,26811,28980,55787,1649,1845,3496,2775,2993,5766,72,81,154,273,268,543,18,26,50,33,27,63,23,16,37,13,15,35,33,36,68,0,0,0,3242,3465,6712,140,150,293,77,82,161,5115,5544,10663,2949,3134,6086,34874,37661,72530
SED10069,26934,27504,54442,1692,1842,3536,2514,2610,5121,77,81,157,177,175,349,37,32,64,42,43,88,19,20,32,38,38,80,26,27,51,0,0,0,2921,3022,5949,146,144,286,94,103,192,4846,5115,9963,3158,3146,6300,34935,35759,70696
SED10070,32885,33606,66487,784,777,1563,2956,2817,5774,71,41,104,69,50,116,19,10,31,22,18,35,3,0,5,6,0,8,6,4,13,0,0,0,3150,2933,6087,633,767,1400,61,49,107,4623,4533,9155,2575,2477,5048,40089,40610,80697
SED10071,34877,35662,70542,812,811,1625,4326,4325,8651,42,33,72,116,84,200,29,25,52,36,35,73,8,8,16,12,11,30,34,33,65,0,0,3,4607,4551,9159,708,807,1517,54,49,104,6186,6217,12399,3310,2259,5567,44370,44136,88506
SED10072,31412,32636,64049,1120,1046,2166,3912,3883,7793,81,81,162,102,90,189,25,14,39,53,47,99,6,7,20,16,11,27,32,39,68,3,0,5,4234,4172,8410,1692,1701,3389,91,64,159,7134,6990,14117,3497,3414,6908,42045,43038,85081
SED10073,33579,35322,68903,1400,1442,2839,4483,4685,9172,131,127,251,143,135,271,54,54,108,65,49,117,19,6,22,6,8,15,38,39,79,0,0,0,4936,5099,10040,2107,2400,4511,87,65,150,8531,9009,17539,2681,2746,5425,44790,47079,91864
SED10074,32965,34109,67075,808,769,1575,3302,3150,6453,98,61,162,85,56,135,22,17,47,49,43,91,0,6,6,4,7,10,19,22,39,0,0,0,3587,3352,6939,932,1034,1968,79,54,134,5404,5210,10616,2779,2803,5575,41144,42115,83262
SED10075,31830,33361,65198,1100,1206,2313,3060,3291,6354,36,46,79,116,112,232,17,16,30,23,28,48,3,10,8,10,10,20,28,24,48,0,0,0,3296,3525,6818,148,161,310,78,47,129,4621,4946,9567,2737,2775,5509,39188,41082,80274
SED10076,26025,27054,53077,1598,1834,3427,2443,2564,5008,77,80,152,139,140,282,23,18,38,34,45,81,20,27,48,21,16,34,106,115,220,8,9,20,2871,3001,5877,138,166,307,92,106,194,4701,5102,9800,3002,2987,5993,33729,35146,68874
SED10077,33241,34807,68050,1501,1405,2903,4507,4581,9085,178,128,300,136,132,275,31,23,59,65,43,106,13,14,21,13,10,31,35,44,83,0,0,0,4978,4975,9959,2527,2426,4955,120,107,227,9132,8912,18047,3611,3320,6929,45983,47040,93023
SED10078,29276,30852,60129,1003,1019,2021,3965,4113,8075,107,107,217,82,117,201,47,36,83,47,41,83,6,7,14,5,9,16,43,46,88,0,0,0,4302,4485,8783,1177,1237,2421,98,106,200,6580,6848,13427,3395,3250,6647,39261,40949,80209
SED10079,28130,29108,57232,1056,1100,2162,2678,2863,5540,34,27,58,89,110,203,12,7,14,39,36,78,4,7,13,11,16,22,15,17,33,0,0,0,2875,3085,5959,95,121,220,84,72,149,4108,4379,8492,2403,2452,4849,34637,35939,70576
SED10080,29684,27002,56691,2267,2168,4435,5309,4998,10306,373,319,693,334,296,624,71,66,137,199,147,344,23,22,40,27,22,49,106,91,202,0,0,3,6438,5963,12398,3834,3991,7830,146,143,286,12695,12262,24955,9163,6981,16141,51538,46243,97784
SED10081,28277,29532,57808,1772,1981,3752,2788,2989,5775,57,46,103,265,245,512,37,27,66,29,35,63,9,10,17,18,18,38,28,16,49,3,3,8,3243,3387,6635,276,199,478,91,73,162,5387,5643,11029,3641,3630,7276,37306,38808,76112
SED10082,28063,29966,58034,869,951,1824,3059,3330,6389,40,39,85,99,98,195,11,7,22,28,38,70,6,6,17,8,10,20,20,26,39,0,0,0,3267,3559,6828,220,278,501,55,69,120,4419,4852,9276,2416,2665,5084,34897,37492,72391
SED10083,27580,29694,57272,982,1081,2067,3078,3333,6411,37,39,70,94,81,171,22,25,49,25,26,53,6,13,17,14,13,25,10,13,24,0,0,0,3278,3539,6822,139,162,299,103,110,216,4515,4894,9406,2651,2879,5533,34745,37467,72210
SED10084,27552,29645,57202,1332,1461,2793,2209,2432,4639,144,139,279,1236,1374,2610,25,22,46,58,74,132,27,24,52,28,28,58,27,25,59,0,0,0,3756,4120,7879,251,227,475,95,114,207,5429,5919,11352,3324,3567,6893,36312,39131,75447
SED10085,29159,28818,57978,1972,2071,4045,2186,2266,4454,81,60,142,303,216,518,36,19,54,64,50,112,11,10,22,30,25,56,17,23,38,0,0,0,2732,2657,5392,116,141,254,84,95,183,4900,4971,9873,3547,3249,6794,37612,37037,74643
SED10086,26407,28938,55345,1293,1416,2702,3614,4088,7702,155,159,308,116,157,270,30,38,63,83,85,165,5,6,12,12,5,17,36,37,75,19,3,21,4061,4575,8635,1462,1609,3069,81,66,151,6890,7671,14558,4264,4680,8945,37556,41286,78847
SED10087,27989,28979,56977,1528,1755,3279,3179,3482,6656,239,239,473,354,335,697,78,55,136,66,72,139,22,22,43,45,44,89,80,88,166,0,0,3,4073,4326,8402,247,252,499,82,60,142,5925,6397,12319,3140,3132,6269,37055,38509,75567
SED10088,31006,32701,63706,873,896,1770,2929,2971,5898,49,44,88,66,71,133,11,14,27,24,19,38,3,0,4,10,5,12,9,10,21,0,0,0,3088,3142,6226,619,652,1274,62,45,106,4640,4737,9375,2496,2586,5083,38147,40020,78164
SED10089,30351,31616,61966,1130,1111,2243,4152,4467,8625,61,66,126,144,150,294,33,31,60,25,35,60,11,11,16,12,13,24,12,22,36,0,3,3,4457,4782,9239,691,727,1410,99,97,201,6378,6720,13101,2343,2397,4733,39064,40735,79798
SED10090,30266,33442,63709,1120,1229,2350,3666,4103,7770,89,82,173,107,116,222,30,39,75,61,57,121,6,16,15,16,15,28,34,31,69,0,0,0,4011,4461,8476,1615,1818,3433,51,67,113,6796,7579,14374,2703,2939,5645,39764,43963,83730
SED10091,28911,30086,59000,1055,1083,2142,3060,3333,6390,38,33,72,77,93,165,6,5,17,21,23,46,9,15,20,7,8,11,30,25,62,0,0,0,3247,3535,6781,130,143,278,60,50,109,4494,4809,9298,2686,2781,5461,36086,37673,73764
SED10092,31103,31411,62511,1079,1069,2149,3947,4064,8011,69,60,133,100,86,191,13,11,30,54,40,91,13,11,23,19,12,37,57,57,109,0,0,0,4278,4349,8625,865,738,1610,107,94,197,6330,6252,12575,3583,3422,7007,41009,41083,82099
SED10093,28784,30318,59102,983,1132,2117,3663,4021,7682,26,31,57,111,124,239,10,18,27,40,22,57,0,3,3,7,18,27,21,21,45,0,0,0,3869,4265,8133,147,181,328,101,100,208,5105,5676,10781,3086,3318,6410,36985,39308,76294
SED19494,1571,849,2420,430,257,688,1715,1489,3200,142,134,269,234,218,450,41,40,80,79,59,140,18,18,38,12,20,32,32,22,54,3,0,4,2271,1994,4263,508,493,1001,151,96,243,3356,2845,6200,2379,1210,3591,7308,4904,12213
SED19797,138,182,322,0,0,0,6,19,29,0,0,4,0,0,0,0,0,3,0,0,0,0,0,0,0,0,0,0,0,0,0,0,0,9,23,31,7,3,6,0,0,0,14,21,43,22,32,52,171,239,412
SED20106,23223,23833,47059,1386,1429,2815,383,364,747,4340,4494,8833,294,317,611,99,82,179,181,173,355,51,52,104,32,27,59,45,46,91,0,0,0,5430,5556,10979,1959,2095,4054,83,74,151,8848,9153,18000,5058,5006,10068,37133,37996,75129
SED20207,34616,35113,69732,1169,1252,2428,305,286,584,4013,3998,8011,183,181,363,77,82,165,105,117,221,22,26,48,17,28,44,35,39,74,0,0,0,4750,4757,9506,1044,1191,2240,42,47,89,7016,7242,14260,3165,3060,6225,44797,45412,90213
SED20302,26434,27872,54306,1641,1827,3465,107,126,227,3320,3594,6907,102,100,204,29,20,47,38,38,74,16,11,29,23,26,48,7,4,6,0,0,0,3642,3922,7559,264,297,565,61,60,123,5605,6107,11710,2781,2928,5708,34825,36905,71725
SED20401,24306,25376,49676,385,400,788,52,48,101,2610,2832,5443,51,55,111,15,14,36,18,18,36,9,13,22,0,7,5,7,5,9,0,0,0,2766,2992,5759,253,314,568,48,58,107,3446,3776,7225,2158,2263,4424,29908,31408,61319
SED20508,22261,23817,46076,1330,1486,2815,70,74,142,2012,2270,4281,90,75,166,22,16,43,46,46,90,14,16,32,14,21,33,5,16,26,0,0,0,2279,2535,4808,119,143,264,39,45,83,3767,4206,7977,2232,2346,4581,28258,30372,58634
SED20604,24066,24966,49038,1349,1444,2789,767,810,1576,1752,1807,3558,274,221,498,54,49,107,71,81,148,25,30,59,33,32,61,46,42,85,0,0,0,3022,3071,6095,117,161,273,48,52,98,4536,4723,9259,2680,2505,5186,31283,32196,63481
SED20704,23904,25113,49019,803,993,1800,126,128,257,3011,3392,6399,95,94,191,45,56,95,38,42,85,24,28,50,27,26,55,12,13,25,0,0,0,3376,3772,7152,131,180,314,52,30,88,4366,4981,9345,2487,2652,5136,30748,32752,63498
SED20804,22208,23557,45761,905,943,1850,99,107,210,2134,2478,4609,68,67,136,45,40,85,35,34,74,21,23,46,22,18,44,6,3,8,0,0,0,2435,2770,5206,154,182,339,50,54,106,3549,3949,7501,3349,2817,6168,29106,30322,59432
SED20906,23221,24867,48088,604,588,1193,81,78,157,2717,2810,5534,59,56,109,35,34,69,42,37,71,3,9,15,8,7,13,4,9,17,0,0,0,2939,3050,5991,527,594,1120,44,45,88,4119,4270,8390,1899,1962,3862,29239,31102,60340
SED21001,25426,27663,53094,736,834,1570,97,108,203,3201,3326,6532,82,81,164,51,40,89,46,48,100,17,21,33,7,4,18,19,19,36,0,0,0,3516,3662,7175,1211,1341,2554,50,41,91,5515,5880,11391,2036,2195,4235,32977,35735,68711
SED21106,22190,24627,46817,851,905,1756,153,160,314,2746,3064,5810,109,112,218,14,31,44,46,48,94,10,12,21,7,16,26,15,15,30,0,0,0,3102,3470,6575,644,798,1444,54,56,109,4655,5229,9880,2456,2788,5244,29302,32645,61943
SED21203,28019,28020,56036,1016,869,1884,89,77,165,2443,2225,4662,68,59,126,36,40,80,32,15,46,8,9,14,9,3,17,6,10,18,3,0,3,2688,2442,5134,921,945,1869,46,55,95,4672,4317,8990,3258,3007,6269,35944,35353,71297
SED21303,23775,25628,49395,814,872,1690,293,262,555,4260,4666,8928,218,239,459,100,102,204,138,127,268,38,33,74,19,17,39,59,79,137,0,0,0,5124,5534,10661,1124,1321,2442,96,84,180,7158,7815,14972,2823,3080,5900,33755,36518,70268
SED21401,23861,25855,49717,481,495,978,67,64,134,2402,2516,4918,51,63,113,29,40,74,44,50,95,10,9,17,3,6,12,13,17,31,0,0,0,2631,2768,5399,631,720,1348,34,36,68,3778,4017,7792,1761,1847,3611,29404,31723,61120
SED21503,23480,24403,47886,484,534,1019,102,103,204,2743,2757,5499,64,69,136,34,32,66,32,40,69,24,22,48,15,19,31,18,24,37,0,0,0,3035,3060,6096,870,926,1800,54,54,103,4437,4580,9013,2025,2124,4147,29943,31106,61044
SED21608,22570,23284,45853,865,906,1767,52,62,112,2444,2647,5086,75,92,164,50,37,81,28,29,59,10,13,27,15,19,37,9,5,16,0,0,0,2686,2904,5590,137,142,284,53,40,99,3743,3992,7737,2396,2555,4954,28709,29831,58543
SED21706,24043,26488,50536,677,688,1372,115,105,229,3138,3308,6444,70,66,131,36,33,69,61,56,120,19,24,41,12,17,28,30,24,47,0,0,6,3486,3635,7117,1210,1319,2529,48,41,88,5422,5681,11106,2155,2292,4447,31625,34464,66090
SED21805,25751,26864,52619,669,716,1385,74,72,139,2864,3090,5953,78,86,163,13,9,22,28,33,58,12,11,28,13,9,21,7,8,16,0,0,0,3076,3319,6400,220,294,515,71,73,148,4041,4409,8445,2809,2863,5673,32604,34135,66740
SED21906,23319,25077,48397,783,781,1571,143,138,277,3243,3419,6663,92,95,193,36,41,72,82,67,146,18,17,33,7,10,16,26,18,40,0,0,0,3646,3799,7440,991,1187,2179,70,64,129,5492,5833,11327,2515,2543,5062,31331,33453,64787
SED22005,27795,28218,56009,997,985,1979,124,100,226,3216,2852,6075,86,81,164,40,31,72,55,52,114,20,21,42,15,10,28,21,19,38,0,0,0,3584,3166,6757,1604,1703,3307,88,69,157,6266,5928,12191,2531,2407,4944,36596,36554,73147
SED22105,35884,36470,72350,902,922,1819,130,122,250,5735,5910,11643,113,109,221,54,48,98,67,70,133,11,23,34,7,23,27,19,20,40,0,0,0,6139,6318,12454,696,831,1525,83,69,147,7813,8134,15946,3430,3418,6849,47128,48019,95146
SED22201,22328,24443,46775,400,439,842,50,49,93,2766,3051,5820,40,49,88,27,26,54,19,22,48,7,11,18,13,5,14,10,10,25,0,0,0,2930,3231,6160,255,293,547,73,46,120,3665,4007,7673,1797,2067,3863,27787,30525,58309
SED22305,28743,27057,55805,1454,1044,2499,149,122,278,3332,2690,6020,107,70,175,122,66,181,70,43,117,22,31,55,22,16,34,7,7,14,0,0,0,3829,3053,6881,937,1037,1976,87,44,130,6305,5177,11484,3422,3040,6459,38472,35277,73747
SED22404,23338,23177,46509,1056,1135,2190,65,93,160,1587,1735,3325,70,61,126,18,15,31,35,32,68,6,7,11,14,24,35,6,3,13,0,0,0,1806,1975,3781,118,111,232,42,50,89,3013,3277,6291,2396,2392,4790,28753,28837,57591
SED22501,24211,25487,49695,408,451,861,39,48,93,1885,2039,3922,38,54,93,14,20,35,24,22,47,5,12,20,3,3,10,12,9,15,0,0,0,2023,2208,4229,176,211,391,21,24,47,2630,2895,5526,1525,1664,3189,28367,30046,58410
SED22607,23878,25776,49654,712,785,1497,180,179,352,3213,3382,6600,97,141,243,48,64,105,58,75,137,22,32,53,11,7,21,39,39,75,0,0,0,3668,3915,7584,771,844,1613,75,65,132,5227,5606,10840,2848,2862,5712,31957,34242,66195
SED22704,24887,24805,49696,1264,1380,2648,169,149,321,1692,1836,3525,275,191,468,49,37,80,43,36,76,28,23,52,49,48,95,22,11,39,0,0,0,2318,2338,4653,175,155,330,60,39,99,3819,3918,7734,3190,3022,6217,31900,31743,63645
SED22802,23286,23974,47259,406,443,854,41,41,79,2096,2251,4344,34,54,90,14,17,32,22,13,32,4,4,9,5,8,13,0,0,0,0,3,3,2216,2394,4611,135,170,299,31,26,60,2790,3031,5821,1774,1754,3526,27849,28757,56605
SED22901,22876,24356,47229,307,352,654,53,61,110,2247,2417,4668,48,40,87,32,27,57,24,21,48,3,9,8,11,7,18,11,8,16,4,4,8,2438,2588,5025,340,372,714,49,41,87,3128,3348,6483,1558,1577,3131,27564,29281,56841
SED23007,29676,29318,58996,1161,978,2142,162,173,329,4292,3931,8226,148,129,276,77,74,151,83,65,150,19,22,43,24,20,43,31,22,54,0,0,4,4839,4433,9273,1269,1272,2540,85,66,152,7361,6753,14113,3750,3487,7239,40788,39555,80340
SED23101,23400,25337,48732,344,372,717,65,64,130,2325,2265,4588,45,63,103,30,31,60,39,39,79,10,14,20,8,3,11,8,4,18,0,0,0,2522,2489,5013,696,737,1433,35,31,69,3601,3631,7234,1542,1602,3143,28544,30564,59111
SED23205,22493,23975,46467,682,740,1424,60,52,110,2877,3042,5916,71,65,137,13,14,31,34,26,61,10,11,22,15,16,28,3,10,14,0,0,0,3082,3240,6315,215,263,481,80,69,150,4064,4306,8369,2667,2925,5600,29228,31209,60433
SED23308,22688,24751,47444,864,958,1819,101,117,214,2826,3314,6139,91,96,189,36,40,74,50,49,100,18,22,42,21,23,43,26,23,51,0,0,0,3170,3691,6856,376,379,758,57,51,107,4474,5070,9542,2491,2695,5186,29652,32522,62175
SED23402,25891,26673,52564,800,894,1686,79,73,153,3492,3729,7220,74,77,149,19,18,39,30,37,70,14,12,23,7,16,24,5,12,14,0,0,0,3724,3974,7695,256,258,516,73,45,119,4848,5166,10014,2398,2441,4838,33136,34277,67405
SED23502,22677,23243,45918,1455,1636,3088,146,156,299,1394,1501,2900,116,129,242,37,34,72,52,54,106,9,8,16,33,27,57,14,9,22,0,0,0,1799,1917,3712,79,111,194,69,55,121,3399,3722,7118,2737,2842,5582,28810,29803,58615
SED23602,21479,22063,43542,1286,1480,2764,110,95,206,1504,1575,3084,88,88,171,32,27,56,46,51,92,9,16,27,26,24,49,21,12,36,0,0,0,1840,1882,3713,105,115,220,41,51,98,3274,3526,6796,3403,2629,6034,28157,28214,56366
SED23702,26621,27527,54155,1035,1161,2197,291,146,435,2265,2402,4666,234,140,370,33,18,52,97,53,147,28,21,48,25,19,43,24,12,38,0,0,0,2994,2813,5805,90,98,192,52,44,94,4174,4114,8291,2489,2579,5069,33285,34228,67515
SED23806,22713,24823,47533,823,875,1694,152,170,321,3630,3854,7485,111,116,229,57,55,111,100,96,192,26,28,54,8,12,21,40,41,83,0,0,0,4123,4370,8493,1043,1169,2211,67,56,121,6055,6461,12521,2268,2404,4673,31039,33687,64723
SED23901,24102,25799,49900,659,638,1298,141,110,251,2605,2796,5402,147,103,251,24,21,50,46,50,95,14,19,31,15,20,39,27,17,48,0,0,0,3022,3146,6170,511,543,1058,55,36,90,4248,4372,8619,2336,2497,4832,30693,32664,63356
SED24006,23795,25818,49609,703,753,1453,78,71,146,2470,2644,5114,73,86,155,39,39,76,34,28,65,14,8,30,8,13,24,23,33,55,0,0,0,2735,2922,5653,706,898,1603,30,29,59,4171,4596,8767,2157,2167,4327,30124,32583,62703
SED24105,27732,28526,56254,766,774,1544,69,59,126,2726,2548,5277,54,53,107,31,24,57,38,24,66,9,12,20,9,3,16,3,7,14,0,0,0,2947,2727,5673,711,860,1567,85,74,160,4512,4429,8939,2126,1942,4066,34370,34902,69264
SED24207,32821,33436,66258,713,722,1435,127,111,234,2827,2830,5665,64,73,140,49,25,74,40,35,73,19,13,35,18,17,36,18,21,32,0,0,0,3159,3130,6289,625,717,1348,34,61,97,4531,4629,9161,3773,3304,7078,41134,41368,82504
SED24308,24224,25488,49710,1268,1412,2676,69,70,137,2176,2330,4508,79,75,158,31,40,75,34,37,77,6,12,18,18,12,32,3,3,9,0,0,0,2420,2581,5000,309,332,636,66,78,147,4061,4404,8467,3608,2833,6448,31890,32730,64621
SED24408,22549,22826,45377,1385,1637,3014,74,75,153,1048,1124,2173,63,79,148,117,117,232,42,42,88,17,14,33,24,31,57,4,5,8,0,0,3,1401,1491,2890,90,108,198,55,62,114,2926,3291,6220,2117,2214,4326,27590,28330,55922
SED24504,22758,23366,46126,956,1041,1996,93,92,189,1686,1865,3551,63,55,121,15,13,30,32,35,67,16,9,20,17,9,24,5,8,15,0,0,0,1916,2102,4015,121,114,233,44,46,97,3036,3300,6342,2195,2389,4583,27993,29058,57053
SED24606,20929,23118,44044,643,737,1385,108,129,232,2837,3165,6000,86,108,194,24,31,63,62,57,110,21,20,42,12,11,18,25,28,50,0,0,0,3169,3540,6716,738,938,1681,40,34,69,4593,5246,9848,2057,2328,4393,27589,30700,58283
SED24703,29628,31321,60951,2614,2960,5572,524,591,1115,7180,7870,15047,374,421,796,167,189,363,297,299,594,75,97,175,40,62,109,115,159,282,0,4,4,8795,9686,18480,6899,8044,14948,150,164,312,18455,20859,39310,7216,6724,13938,55296,58903,114205
SED24808,29473,30584,60059,1200,1359,2561,127,138,262,3305,3504,6806,97,96,191,42,44,81,61,54,119,22,22,50,20,16,34,0,3,3,0,0,0,3668,3879,7542,267,333,597,92,74,161,5223,5645,10863,3171,3286,6458,37862,39518,77377
SED24904,23536,24101,47635,1213,1228,2441,279,288,564,1781,1986,3764,73,66,144,169,175,345,61,54,116,8,9,19,38,41,81,5,6,15,0,0,0,2414,2632,5051,336,296,632,83,78,158,4048,4234,8285,3344,3284,6624,30928,31618,62541
SED25003,27416,28247,55672,392,391,786,96,98,187,2777,2781,5560,61,55,114,48,44,88,50,51,94,10,11,21,13,17,29,3,4,8,0,0,0,3054,3050,6105,464,528,986,51,46,96,3960,4008,7969,1939,2028,3973,33325,34285,67608
SED25102,23648,23765,47417,300,313,615,49,43,93,1907,2004,3915,34,39,74,3,4,5,23,26,54,6,7,9,5,6,14,7,6,11,0,0,0,2037,2138,4167,149,158,304,45,41,85,2532,2638,5173,1912,1945,3856,28089,28352,56442
SED25205,24337,26195,50530,575,603,1174,66,71,134,2398,2560,4959,49,58,103,14,13,25,32,28,55,4,9,12,7,6,18,7,3,6,0,0,3,2574,2750,5322,366,346,715,34,45,82,3551,3740,7293,2098,2282,4381,29985,32220,62208
SED25302,23539,25679,49226,863,973,1830,68,59,133,2328,2526,4847,64,83,151,19,20,35,33,36,64,4,6,10,11,11,17,4,5,12,0,0,0,2535,2738,5271,212,219,439,45,55,96,3659,3986,7642,1917,2247,4165,29114,31916,61023
SED25402,24418,25320,49735,1593,1864,3457,74,73,145,1549,1739,3296,103,92,198,18,23,38,39,40,80,18,18,29,14,18,36,6,3,3,0,0,0,1827,2004,3830,126,128,253,63,59,122,3598,4054,7657,3050,3219,6272,31070,32593,63666
SED25501,23606,25129,48737,608,608,1218,122,95,213,2680,2499,5179,54,45,104,46,55,98,58,68,130,9,14,19,4,3,9,18,18,41,0,0,0,2993,2798,5788,1192,1258,2446,44,33,78,4834,4689,9525,1676,1717,3388,30116,31536,61654
SED25605,24703,25295,49993,568,542,1107,65,63,129,2355,2222,4581,61,50,107,27,37,64,24,17,40,7,3,6,12,13,22,8,12,25,0,0,0,2558,2414,4966,716,794,1514,54,36,84,3889,3785,7678,2050,1995,4044,30638,31071,61712
SED25704,24327,24835,49159,1458,1566,3025,241,268,510,1128,1235,2361,96,85,188,27,26,53,35,28,65,8,12,23,22,17,33,3,6,11,0,0,0,1570,1682,3249,89,90,177,77,64,145,3185,3401,6593,3044,3047,6089,30556,31289,61838
SED25802,25277,26281,51560,1358,1511,2869,62,79,140,2279,2556,4836,86,109,194,19,27,45,35,40,79,10,20,26,12,15,32,4,13,17,0,0,0,2516,2853,5371,93,112,203,56,55,112,4025,4530,8555,2797,2953,5746,32097,33764,65857
SED25905,26860,27313,54171,366,363,724,46,60,111,2641,2546,5185,53,48,103,25,27,48,30,20,56,8,6,21,8,0,7,7,3,6,0,0,0,2820,2717,5539,415,501,918,46,44,89,3652,3620,7270,2008,1966,3976,32518,32900,65422
SED26005,33224,33124,66344,759,773,1536,104,98,203,3173,3217,6398,64,60,131,45,42,88,45,47,90,16,14,34,15,15,25,13,9,22,0,0,0,3485,3507,6991,550,699,1248,83,76,162,4875,5057,9930,2627,2477,5100,40719,40660,81381
SED26102,21847,23348,45196,1110,1251,2358,72,80,151,2374,2501,4876,82,90,171,6,9,18,31,36,67,7,14,23,21,19,34,0,3,3,0,0,0,2602,2748,5345,141,148,283,59,51,113,3904,4197,8101,2570,2753,5320,28330,30292,58617
SED26207,23593,24977,48567,602,593,1200,52,53,107,2036,2128,4161,55,56,119,11,30,43,17,27,46,8,8,15,10,7,19,12,13,20,0,0,0,2208,2320,4526,251,307,556,44,32,75,3103,3250,6358,1912,2105,4009,28607,30328,58937
SED26303,22935,25042,47980,604,662,1270,153,190,347,3216,3774,6992,103,127,227,45,59,112,69,70,143,19,26,44,11,18,33,20,35,55,0,0,0,3645,4297,7948,581,696,1273,80,98,177,4911,5756,10666,2625,2809,5435,30469,33611,64087
SED26406,24628,25884,50508,1028,1053,2080,153,152,306,4004,3970,7973,103,99,207,56,64,118,73,58,133,47,59,104,12,10,28,30,45,69,0,0,0,4477,4469,8942,2088,2322,4406,72,54,129,7665,7887,15554,2471,2406,4880,34768,36181,70945
SED26504,21670,22502,44174,1441,1561,3000,250,278,527,1191,1283,2477,93,103,196,17,18,33,53,48,107,14,14,28,19,17,37,5,3,10,0,0,0,1650,1761,3410,112,158,274,60,57,113,3268,3541,6806,2624,2794,5420,27562,28831,56391
SED26603,27272,28717,55988,934,865,1795,144,144,289,3527,3492,7017,113,114,229,43,55,101,68,66,136,23,26,54,16,15,38,11,19,32,0,0,0,3960,3927,7889,907,889,1795,91,95,183,5888,5773,11665,2890,2900,5792,36048,37390,73443
SED26708,24099,23778,47873,1241,1252,2489,67,80,145,1593,1657,3256,77,80,152,29,29,60,27,27,53,19,16,35,28,33,57,3,0,3,0,0,0,1845,1913,3759,114,103,221,48,45,99,3246,3311,6561,2450,2442,4890,29795,29531,59324
SED26806,21679,23117,44795,987,1141,2127,411,471,884,4858,5462,10319,297,343,642,97,120,220,227,227,447,50,51,98,30,22,51,61,62,123,0,0,0,6025,6752,12777,1694,1932,3630,114,77,188,8825,9903,18720,4426,4623,9054,34931,37647,72575
SED26903,24627,25888,50513,716,703,1416,122,121,238,3206,3236,6439,79,83,165,53,44,97,51,40,88,18,12,35,22,17,33,12,14,27,0,0,0,3555,3568,7126,884,932,1820,90,83,179,5246,5296,10537,3051,3108,6153,32921,34291,67207
SED27003,22891,24199,47086,1056,1079,2130,357,371,720,4591,4963,9560,249,258,505,95,88,182,180,170,353,44,46,84,28,24,51,65,50,118,0,0,0,5605,5966,11573,1176,1303,2479,92,85,179,7928,8430,16352,4114,4191,8311,34931,36817,71747
SED27101,23777,25242,49018,433,472,910,78,90,168,2867,2890,5763,66,61,124,28,37,70,33,45,76,5,11,21,7,9,16,15,11,18,0,0,0,3100,3155,6255,586,647,1235,71,36,107,4195,4314,8510,1805,1931,3736,29778,31488,61271
SED27208,24492,24382,48873,1233,1369,2597,80,80,164,1615,1729,3341,65,77,140,51,38,90,44,45,88,10,10,18,13,17,28,4,4,5,0,0,0,1883,1998,3876,101,127,230,43,44,87,3257,3533,6793,3646,2646,6297,31397,30566,61958
SED27305,23147,23628,46772,234,243,479,43,42,80,1806,1947,3754,37,38,69,25,18,39,23,27,46,4,9,9,3,0,7,5,3,8,0,0,0,1940,2075,4015,218,271,489,20,13,35,2415,2598,5021,1454,1445,2898,27015,27677,54692
SED27406,21723,23931,45650,573,638,1211,100,98,197,2601,2838,5441,53,67,113,27,25,48,45,42,87,10,17,23,8,6,13,6,8,15,0,0,3,2844,3098,5937,405,456,860,26,37,58,3840,4229,8074,2050,2242,4288,27614,30399,58013
SED27504,26133,26595,52725,1577,1703,3280,144,147,290,2032,2154,4184,116,132,242,41,39,72,45,30,82,20,28,44,31,28,55,9,7,15,0,0,0,2429,2555,4982,277,343,614,63,61,118,4340,4663,9004,3251,3298,6552,33725,34558,68275
SED27608,25337,26694,52036,1498,1598,3093,111,117,224,3447,3580,7027,102,109,210,35,37,69,53,54,107,16,22,41,33,29,66,15,22,38,0,0,0,3814,3967,7777,390,303,693,49,44,86,5742,5914,11654,2356,2490,4843,33436,35094,68531
SED27708,23773,24846,48622,1389,1493,2877,68,81,151,1748,1962,3707,90,90,179,64,91,160,55,68,118,16,22,40,18,25,46,7,10,17,0,0,0,2065,2347,4412,247,190,434,53,54,106,3749,4080,7833,2740,2815,5556,30267,31745,62009
SED27807,28988,29103,58085,868,720,1589,115,94,215,3045,2686,5730,56,62,118,63,47,103,34,27,58,13,15,24,14,17,30,7,11,20,0,0,3,3353,2954,6302,898,894,1788,76,82,164,5196,4651,9845,3356,3002,6358,37537,36756,74287
SED27907,23607,24741,48353,863,934,1802,54,66,119,2083,2112,4193,63,71,132,22,25,47,29,23,53,10,17,23,3,3,8,4,4,3,0,0,0,2262,2317,4580,202,234,438,38,40,75,3364,3529,6891,2293,2317,4608,29264,30586,59849
SED28007,30712,31553,62269,431,461,891,78,76,153,2538,2673,5212,55,53,108,41,28,68,31,28,55,7,6,11,10,7,15,9,3,16,0,0,0,2766,2876,5641,459,491,949,41,39,81,3692,3863,7558,2291,2351,4647,36697,37778,74473
SED28107,35832,35855,71687,1202,1223,2421,284,279,565,4580,4349,8932,133,135,268,101,102,206,91,87,183,42,36,77,29,28,57,34,28,62,0,0,0,5298,5046,10343,1212,1424,2634,75,79,154,7783,7770,15550,4313,3084,7398,47928,46706,94636
SED28203,26640,27033,53675,726,618,1350,99,103,196,2948,2823,5775,59,49,115,50,37,83,42,31,71,10,7,13,28,14,40,5,7,13,0,0,0,3240,3070,6305,699,785,1485,34,24,60,4702,4501,9202,2376,2339,4716,33713,33874,67589
SED28301,24500,25577,50073,309,344,648,43,43,86,2068,2195,4267,44,58,107,41,48,90,30,33,56,0,0,4,3,3,8,0,9,7,0,0,0,2226,2390,4616,501,552,1053,39,38,76,3072,3328,6399,1668,1688,3357,29233,30597,59827
SED28408,20645,22582,43220,891,997,1886,76,75,153,2792,3143,5931,77,88,169,33,54,84,45,29,74,21,24,38,18,18,32,8,10,22,0,0,0,3064,3431,6504,144,189,331,38,49,92,4137,4668,8807,2199,2399,4600,26980,29647,56629
SED28507,26589,27488,54074,892,955,1846,123,137,260,3106,3194,6299,102,89,186,55,53,99,45,43,87,14,15,35,14,14,28,5,11,14,0,0,0,3458,3553,7013,581,660,1243,69,39,114,5004,5202,10211,2623,2595,5221,34215,35287,69502
SED28607,26696,27815,54508,939,1003,1938,145,160,304,3007,3079,6087,108,119,224,42,42,81,78,75,150,17,20,29,19,23,39,16,19,35,0,0,0,3423,3526,6947,501,560,1057,58,84,140,4917,5173,10090,2603,2743,5343,34213,35729,69938
SED28704,30444,30986,61433,1123,1226,2347,92,110,205,3897,4149,8047,91,114,204,17,19,42,26,39,63,9,15,22,18,15,33,8,13,25,0,0,3,4169,4468,8634,280,323,601,54,45,99,5626,6063,11687,2633,2758,5391,38700,39804,78505
SED28803,34226,34306,68531,907,869,1780,238,234,473,4525,4583,9106,81,82,155,42,29,70,46,34,75,7,12,21,10,9,20,11,19,29,4,0,4,4959,4992,9952,909,1058,1970,79,53,131,6855,6971,13831,2655,2616,5270,43735,43895,87630
SED29494,810,544,1354,300,188,486,94,89,185,1046,961,2005,103,111,216,28,24,54,57,42,106,16,15,31,10,15,28,5,11,18,0,3,3,1368,1270,2645,331,340,666,94,64,159,2095,1859,3954,1374,795,2164,4279,3200,7480
SED29797,13,0,12,0,0,0,0,0,0,4,0,4,3,0,3,0,0,0,4,0,5,0,0,0,0,0,0,0,0,0,0,0,0,12,0,11,0,0,0,0,0,0,12,0,11,3,0,3,28,4,29
SED30001,24898,25685,50582,1224,1277,2501,368,366,731,131,135,267,3989,4258,8246,27,38,66,75,83,158,23,32,55,17,27,43,29,37,63,0,3,5,4652,4974,9626,348,371,727,107,74,184,6337,6699,13036,2587,2650,5234,33827,35030,68858
SED30002,20722,21463,42185,653,686,1341,131,131,256,55,51,107,2637,2771,5403,12,16,34,25,35,61,5,3,8,15,10,24,8,6,12,0,0,0,2891,3021,5908,337,405,746,69,86,154,3951,4197,8153,1649,1597,3243,26324,27260,53589
SED30003,17623,18147,35765,546,557,1104,224,184,410,164,109,277,2230,2211,4436,39,20,59,68,53,118,13,4,23,33,22,52,68,48,117,0,0,0,2833,2658,5490,326,329,657,34,36,73,3741,3578,7316,1471,1465,2930,22830,23189,46017
SED30004,16958,18424,35380,256,236,494,93,103,192,59,50,105,2200,2379,4581,16,21,39,35,30,64,14,16,33,20,20,40,16,23,43,0,0,0,2453,2643,5096,217,257,468,37,43,74,2957,3174,6130,1268,1243,2507,21175,22835,44019
SED30005,21408,21974,43380,1109,1191,2296,235,283,518,224,230,455,2851,3203,6052,77,111,186,135,130,263,20,28,49,105,124,226,21,21,42,0,0,0,3676,4119,7792,349,381,734,97,84,181,5228,5774,11001,2978,2942,5921,29617,30688,60310
SED30006,21238,21848,43084,1257,1400,2653,246,230,474,82,78,165,2675,2846,5528,23,30,56,31,27,57,5,7,17,20,20,45,10,11,24,3,0,3,3102,3252,6355,122,138,261,85,68,150,4563,4857,9426,2637,2352,4981,28435,29053,57492
SED30007,17176,16011,33189,1280,1305,2580,387,372,756,219,210,432,5420,5308,10731,57,52,107,90,83,175,19,30,49,43,30,71,50,45,94,0,0,0,6290,6132,12417,2498,2744,5239,118,97,216,10180,10276,20458,4422,3932,8352,31783,30216,61998
SED30008,16911,18794,35710,682,790,1475,401,415,822,135,145,278,2910,3322,6231,28,32,61,32,39,72,12,32,45,6,18,23,14,9,29,0,0,0,3551,4016,7563,408,450,857,80,82,164,4721,5335,10062,2594,2831,5428,24226,26967,51195
SED30009,17326,19224,36550,602,704,1304,194,200,401,114,113,230,2933,3343,6272,32,36,67,63,62,127,21,33,58,14,18,37,20,22,38,3,3,4,3395,3833,7231,262,319,579,90,74,161,4352,4928,9278,1800,1867,3666,23473,26017,49490
SED30010,17842,18837,36681,510,534,1046,237,257,493,130,130,266,3561,3850,7411,34,26,64,60,69,131,12,19,29,23,26,48,23,27,42,0,0,0,4089,4398,8486,482,551,1036,64,75,140,5144,5562,10706,2122,2096,4220,25108,26493,51603
SED30011,15468,16809,32271,434,509,948,83,108,187,44,56,103,2418,2591,5009,13,14,27,21,17,31,4,3,9,18,12,26,12,4,17,0,0,3,2611,2805,5415,248,241,490,87,74,156,3383,3629,7011,1944,2038,3984,20787,22475,43266
SED30012,27576,28114,55697,1451,1474,2924,357,371,729,123,130,255,4889,5267,10159,70,67,141,81,67,148,21,20,45,52,38,93,38,44,82,3,0,3,5635,6014,11650,509,539,1045,149,133,285,7744,8160,15906,3228,3282,6504,38549,39557,78104
SED30013,17953,16994,34946,967,1040,2003,228,116,345,170,74,239,1722,1703,3423,37,23,62,56,40,101,22,12,37,45,38,76,30,22,55,0,0,0,2313,2018,4338,220,207,429,54,44,100,3557,3315,6866,3637,2326,5961,25147,22634,47773
SED30014,18063,19499,37564,587,693,1281,425,462,885,125,131,256,2403,2701,5109,32,40,72,38,53,97,13,22,33,21,19,40,17,23,38,4,0,5,3084,3457,6542,325,380,708,84,60,136,4075,4595,8666,2219,2456,4677,24354,26551,50903
SED30015,18754,18417,37172,882,949,1831,138,147,281,70,90,161,1915,1967,3883,22,18,36,45,50,91,19,22,39,26,22,49,7,11,17,0,0,0,2248,2324,4570,121,150,274,61,53,109,3308,3477,6782,2112,1993,4102,24172,23879,48057
SED30016,19582,20043,39628,814,896,1712,205,191,395,161,164,323,3450,3646,7095,57,65,117,89,96,176,30,33,63,100,96,199,13,16,32,0,0,0,4104,4295,8400,618,716,1335,111,94,211,5646,6006,11656,4192,4072,8257,29418,30119,59537
SED30017,18024,17160,35191,1056,1138,2192,101,102,199,22,24,44,1376,1354,2726,17,12,34,24,20,43,6,8,13,22,15,38,3,4,10,0,0,0,1572,1539,3115,138,112,247,66,65,128,2833,2857,5688,2601,2210,4807,23461,22222,45685
SED30018,18003,19365,37371,780,871,1651,232,241,471,97,108,204,2940,3236,6176,30,25,56,33,36,65,26,25,53,19,18,37,23,25,41,0,0,0,3395,3710,7107,241,274,510,60,62,117,4475,4910,9389,1905,1977,3879,24378,26256,50631
SED30019,18730,19081,37808,427,470,905,83,85,174,50,41,89,2190,2322,4513,17,18,37,23,17,36,9,7,10,19,15,37,3,6,12,0,0,0,2394,2513,4907,140,174,316,61,46,111,3027,3212,6234,1362,1377,2741,23124,23668,46790
SED30020,19347,20535,39873,390,451,840,102,95,197,58,59,115,2656,2889,5543,22,18,43,32,36,73,3,4,10,12,11,25,12,16,31,0,0,6,2899,3143,6045,300,360,659,55,45,102,3654,3993,7650,1575,1440,3012,24569,25966,50540
SED30021,17433,18304,35738,597,628,1221,239,237,473,131,121,253,3693,3927,7620,25,33,59,65,47,106,9,12,21,30,24,49,21,24,42,0,0,0,4203,4419,8627,526,632,1158,65,65,129,5387,5748,11133,2433,2328,4766,25253,26380,51637
SED30022,18569,19808,38373,672,725,1402,167,181,354,77,98,171,2529,2686,5214,28,19,51,46,45,92,4,3,6,7,7,15,10,13,25,0,0,0,2865,3055,5921,231,235,459,53,49,105,3825,4059,7882,1743,1862,3608,24139,25729,49869
SED30023,21836,21712,43548,1342,1324,2666,145,142,285,28,47,77,2342,2510,4853,17,23,39,21,21,43,3,11,13,22,16,43,4,5,10,0,0,0,2583,2770,5356,214,181,396,65,60,123,4203,4340,8536,2376,2168,4542,28413,28216,56623
SED30024,19427,18718,38143,1220,1275,2494,109,112,224,89,104,193,1489,1496,2986,56,46,100,103,99,197,22,19,35,55,59,111,14,17,27,0,3,3,1929,1952,3888,243,254,500,192,186,374,3581,3674,7257,2900,2644,5542,25907,25035,50948
SED30025,24600,25649,50249,1425,1524,2949,590,717,1312,190,195,377,4771,5229,10002,58,48,105,77,79,152,41,37,75,33,36,70,35,40,71,0,0,0,5793,6383,12170,480,521,1000,135,97,231,7830,8526,16351,3495,3517,7008,35920,37687,73609
SED30026,17489,18308,35799,682,686,1370,574,668,1244,98,105,205,1970,2132,4100,10,16,28,38,54,91,12,10,29,25,20,47,14,18,36,0,3,3,2750,3024,5776,251,323,577,87,65,150,3768,4100,7869,2150,2219,4365,23409,24626,48038
SED30027,17486,17312,34798,1322,1491,2813,67,72,145,35,46,79,1722,1794,3515,20,22,40,50,46,91,11,9,22,45,42,92,4,3,6,0,0,0,1958,2034,3993,122,129,251,74,71,149,3475,3733,7210,3510,2405,5919,24476,23453,47921
SED30028,17757,18700,36460,374,414,788,132,135,268,67,68,131,2225,2417,4644,21,19,40,28,27,56,6,3,13,26,32,59,25,16,37,0,0,0,2530,2720,5247,188,209,396,52,45,96,3142,3385,6526,1270,1367,2638,22169,23458,45623
SED30029,18459,19006,37462,407,394,805,127,139,266,70,62,131,1746,1809,3552,18,23,38,31,31,57,13,7,24,22,21,52,19,19,41,0,0,0,2038,2114,4153,126,142,269,41,40,85,2616,2692,5306,1210,1198,2412,22282,22902,45182
SED30030,21660,22379,44044,743,815,1558,287,313,600,98,99,198,2729,3032,5759,30,24,62,64,44,108,15,23,36,19,19,40,7,7,21,0,0,0,3252,3567,6820,248,304,555,86,66,155,4332,4751,9081,2228,2385,4612,28224,29521,57739
SED30031,20487,19225,39713,1328,1408,2735,141,130,274,76,68,143,3025,3152,6180,33,31,71,52,66,126,20,18,39,35,38,75,3,7,9,0,0,0,3392,3515,6907,189,254,444,92,85,175,4998,5265,10263,2538,2308,4844,28024,26793,54822
SED30032,20393,20741,41138,753,824,1578,174,195,369,54,57,110,2754,2957,5714,23,14,41,32,33,67,11,18,25,32,36,68,9,19,28,0,0,3,3092,3337,6425,196,194,396,78,48,127,4125,4399,8522,3092,2087,5180,27611,27229,54840
SED30033,16650,17852,34502,481,458,940,134,140,270,61,77,140,3057,3262,6321,20,20,38,27,26,57,6,4,13,15,8,22,14,15,30,0,0,0,3330,3558,6889,366,427,787,61,68,126,4236,4508,8744,1686,1755,3438,22570,24115,46684
SED30034,15320,14293,29619,1311,1377,2690,108,128,228,39,32,74,1456,1424,2880,11,17,33,37,31,65,7,20,25,22,22,43,0,4,3,0,0,0,1681,1677,3356,79,104,184,61,56,115,3133,3219,6351,2745,2125,4871,21197,19633,40836
SED30035,18408,18683,37093,858,1027,1879,140,141,279,57,59,114,2169,2243,4414,13,17,32,42,33,76,21,18,37,14,24,42,4,3,13,0,0,0,2463,2543,5009,75,101,178,83,60,144,3477,3739,7213,2285,2285,4569,24172,24705,48879
SED30036,18274,19924,38195,727,897,1624,283,294,579,156,167,323,2767,3180,5954,39,34,73,64,45,108,28,37,61,34,41,80,13,19,29,3,0,3,3392,3818,7211,139,149,285,80,73,153,4340,4930,9272,2521,2608,5129,25136,27460,52597
SED30037,20237,19042,39282,1221,1277,2494,180,175,348,108,124,231,2070,2178,4246,39,32,77,55,48,107,14,12,24,50,42,97,13,18,31,0,0,0,2534,2631,5166,136,166,300,85,52,135,3972,4126,8099,2455,2234,4691,26669,25407,52076
SED30038,20523,21292,41821,746,738,1487,132,112,245,62,61,126,2377,2339,4713,19,13,34,32,37,72,3,6,8,22,24,43,12,14,22,0,0,0,2666,2597,5265,433,460,895,75,54,130,3919,3853,7766,5177,2961,8136,29624,28102,57726
SED30039,16135,17082,33214,958,1007,1964,226,210,439,119,106,227,3415,3485,6905,30,41,71,55,48,101,11,12,18,11,18,31,17,25,47,0,0,0,3897,3948,7843,1358,1631,2985,65,51,117,6280,6633,12911,1713,1693,3403,24124,25400,49530
SED30040,18917,19701,38620,651,638,1291,174,176,348,67,59,127,2978,3222,6197,33,36,67,24,28,49,14,13,31,59,48,113,16,9,27,3,0,3,3376,3585,6958,110,142,249,82,69,153,4213,4429,8642,2082,2105,4195,25221,26239,51455
SED30041,20050,20589,40635,806,884,1696,177,171,346,56,59,115,2856,3051,5910,33,34,67,42,44,86,15,18,32,45,40,84,21,17,31,0,0,0,3235,3429,6668,92,119,218,92,68,164,4231,4502,8741,2635,2358,4987,26915,27446,54367
SED30042,19522,20167,39682,727,833,1551,117,146,263,43,50,91,3002,3302,6297,23,24,49,22,30,51,11,9,21,28,16,42,12,4,15,0,0,0,3259,3581,6841,161,189,349,88,80,170,4232,4680,8910,1889,1953,3841,25641,26795,52440
SED30043,18436,20059,38494,890,1010,1898,172,209,385,91,107,200,3358,3679,7037,50,50,97,53,41,89,16,28,48,19,16,40,20,36,49,0,0,0,3779,4166,7942,258,328,584,77,71,151,5008,5569,10578,1945,1953,3904,25392,27583,52970
SED30044,20316,20341,40657,1141,1185,2322,111,107,224,56,62,121,2426,2536,4959,20,16,38,36,37,76,14,14,31,24,22,40,6,5,11,0,0,0,2689,2808,5499,126,159,287,70,65,127,4021,4212,8235,2740,2305,5044,27079,26854,53940
SED30045,20830,20656,41487,936,1006,1945,154,166,315,54,51,102,2411,2596,5013,17,11,34,29,30,62,8,14,22,17,17,31,3,4,12,0,0,0,2698,2892,5587,267,310,574,74,74,146,3972,4278,8252,2583,2305,4891,27391,27246,54635
SED30046,19635,19706,39339,478,447,928,105,98,206,43,45,94,2285,2379,4665,21,19,40,27,17,43,13,10,26,19,8,28,8,6,13,0,0,0,2525,2584,5108,170,203,375,72,65,138,3243,3299,6542,1871,1852,3717,24746,24855,49598
SED30047,18171,19360,37531,540,607,1152,167,181,352,68,70,135,2553,2712,5258,13,18,31,39,44,82,8,5,15,18,17,35,13,11,19,0,0,0,2879,3056,5939,231,255,487,64,56,115,3711,3971,7685,1758,1829,3588,23644,25162,48802
SED30048,15656,15814,31464,633,669,1302,91,92,188,61,62,121,2288,2481,4773,23,22,42,40,35,76,20,24,43,13,16,25,5,10,11,0,0,0,2551,2744,5290,124,169,294,74,62,131,3376,3636,7015,2438,1919,4356,21465,21365,42835
SED30049,17264,18343,35601,394,415,810,108,107,216,39,45,86,2578,2723,5298,27,43,70,32,47,79,3,5,12,17,17,27,15,7,26,0,0,3,2816,2991,5812,528,671,1200,52,50,97,3786,4126,7912,1453,1444,2895,22507,23908,46417
SED30050,17517,18856,36373,1076,1188,2268,216,234,450,171,188,356,2982,3239,6221,38,28,59,69,69,142,33,26,58,40,28,67,19,20,41,0,0,0,3567,3831,7393,358,448,808,78,72,149,5077,5535,10616,2532,2665,5195,25128,27060,52187
SED30051,19216,19272,38486,839,952,1786,143,146,288,88,76,160,1990,2132,4120,29,34,57,33,36,69,12,21,35,32,28,62,8,12,27,0,0,0,2339,2480,4819,66,78,144,73,67,138,3309,3578,6888,3049,2262,5307,25573,25109,50682
SED30052,18279,19648,37928,769,810,1573,391,441,835,147,150,301,2791,3096,5887,28,42,75,64,72,139,17,22,41,27,19,40,28,32,58,0,0,0,3496,3881,7374,594,665,1262,87,79,161,4939,5436,10377,2307,2485,4796,25535,27568,53100
SED30053,20834,19049,39875,966,1020,1992,71,86,164,34,53,85,1942,1946,3891,11,8,24,38,27,72,12,10,23,22,18,43,0,0,3,0,0,0,2136,2160,4295,59,80,146,54,42,98,3215,3308,6523,4137,2361,6503,28187,24715,52901
SED30054,18884,19759,38645,446,513,951,128,129,254,59,70,127,1830,1853,3689,32,29,62,46,33,78,20,10,28,10,13,21,11,10,24,0,0,0,2135,2150,4280,313,347,661,35,38,75,2928,3048,5974,1240,1166,2409,23056,23971,47022
SED30055,20749,21436,42190,673,810,1485,160,175,336,61,57,119,2954,3260,6216,42,30,69,13,17,25,11,9,23,28,29,56,8,12,21,0,0,0,3272,3583,6860,191,198,389,94,80,177,4233,4673,8910,1899,2022,3924,26883,28132,55017
SED30056,14521,15040,29565,613,669,1280,229,237,462,122,137,252,3804,4049,7855,34,27,59,52,43,97,21,12,34,25,20,50,28,40,66,0,0,0,4313,4574,8889,760,914,1680,82,55,140,5776,6207,11980,2035,1941,3968,22326,23191,45519
SED30057,11831,10771,22602,1313,1372,2684,101,86,181,35,36,69,976,925,1902,26,22,52,41,34,70,7,4,10,49,65,113,0,0,0,0,0,0,1233,1166,2402,76,114,190,67,66,135,2685,2720,5405,2192,1877,4071,16710,15367,32078
SED30058,18009,18842,36849,336,372,707,85,85,175,53,47,102,2195,2324,4522,27,27,52,20,16,35,0,4,6,14,14,34,13,10,25,0,0,0,2416,2531,4947,282,303,586,48,46,90,3081,3247,6334,1324,1368,2694,22414,23456,45876
SED30059,20156,21414,41575,580,656,1237,363,404,765,122,125,248,2861,3171,6031,32,39,69,62,52,111,15,18,36,19,20,40,17,10,30,0,0,0,3490,3835,7321,310,338,650,82,68,155,4455,4903,9356,2330,2563,4892,26949,28877,55825
SED30060,19604,19854,39458,870,912,1782,79,117,192,76,66,138,2269,2384,4655,21,29,55,47,62,110,15,12,31,55,49,103,4,0,8,0,0,0,2569,2728,5299,144,185,326,84,84,167,3670,3906,7572,2456,2429,4890,25732,26185,51914
SED30061,15892,16618,32506,585,640,1227,115,125,245,75,98,173,2676,2926,5602,34,37,70,30,53,85,19,14,28,54,44,101,33,34,63,0,0,0,3032,3333,6364,270,342,616,65,59,124,3957,4377,8333,1730,1691,3417,21577,22682,44256
SED30062,25232,26833,52066,1623,1758,3380,327,343,663,152,159,309,4117,4573,8689,50,62,107,75,82,153,23,27,55,44,40,79,30,22,54,0,0,0,4809,5303,10116,405,496,904,138,135,275,6982,7692,14674,2719,2846,5562,34936,37368,72299
SED30063,19343,19169,38504,1140,1225,2365,134,111,242,24,25,51,2011,2064,4075,15,16,27,17,14,28,8,10,15,21,31,52,4,3,10,0,0,0,2230,2269,4501,96,81,173,71,61,134,3536,3638,7170,2236,1913,4149,25112,24717,49828
SED30064,18465,19764,38230,947,990,1935,167,222,393,120,112,234,2560,2755,5311,19,21,41,53,56,108,16,11,33,24,27,47,12,11,21,0,0,0,2968,3215,6186,126,156,283,74,59,135,4113,4421,8540,2093,2037,4131,24677,26223,50898
SED30065,18670,19802,38472,905,937,1846,329,357,686,227,263,492,2305,2557,4863,39,50,90,61,78,141,22,15,37,25,22,49,11,20,34,3,0,3,3021,3371,6389,297,299,601,64,75,142,4293,4690,8980,2181,2164,4340,25138,26652,51793
SED30066,19786,20327,40117,568,617,1181,136,160,293,70,89,161,3391,3372,6762,31,21,48,42,32,71,16,15,28,20,19,42,9,12,19,0,0,0,3715,3713,7430,443,496,940,90,75,172,4821,4905,9719,1909,2153,4063,26511,27387,53898
SED30067,20512,21029,41547,627,632,1261,121,127,242,65,71,137,2794,2912,5704,18,10,30,38,28,67,11,14,27,20,14,35,16,11,25,0,0,0,3073,3181,6261,199,245,441,51,48,97,3949,4110,8061,1746,1634,3388,26213,26779,52989
SED30068,19336,20565,39899,1029,1172,2204,199,213,405,83,88,171,2603,2708,5313,19,16,38,38,33,71,16,10,31,25,22,51,15,18,28,3,0,3,3000,3108,6109,247,288,533,75,57,136,4353,4625,8980,2604,2852,5457,26288,28044,54330
SED30069,17758,19129,36887,548,684,1233,190,223,414,62,96,165,2503,2696,5195,16,18,29,44,55,96,11,11,23,19,16,35,8,19,30,0,0,4,2862,3139,5998,184,207,389,103,59,164,3697,4091,7779,2019,2323,4343,23473,25533,49008
SED30070,19539,20293,39829,835,887,1727,180,203,386,46,56,103,2512,2629,5145,28,14,43,34,31,68,13,13,22,26,17,47,9,14,19,0,0,0,2841,2983,5823,124,137,255,62,79,140,3863,4081,7947,1744,1738,3486,25152,26115,51259
SED30071,17689,18519,36202,717,881,1592,82,78,162,46,48,99,2629,3035,5663,15,19,31,24,28,47,4,9,10,18,22,42,3,3,8,0,0,0,2833,3235,6067,146,159,297,119,121,239,3801,4398,8199,2367,2166,4540,23860,25080,48944
SED30072,18653,20050,38707,495,541,1032,122,125,241,43,60,103,2486,2597,5088,29,18,50,29,26,49,6,3,16,23,24,50,8,12,22,0,0,0,2745,2870,5615,273,338,619,60,60,124,3579,3813,7388,1554,1663,3223,23789,25525,49315
SED30073,16640,16181,32818,846,784,1629,303,295,597,155,135,288,5121,4910,10029,60,52,113,94,85,178,28,27,53,31,27,58,29,38,63,0,0,4,5823,5563,11380,1594,1692,3290,118,91,212,8380,8135,16506,3070,2809,5882,28084,27129,55207
SED30074,18687,18889,37573,1257,1414,2674,223,239,464,20,35,56,1522,1538,3059,20,16,40,21,26,44,3,3,9,18,18,38,3,6,11,0,0,0,1830,1885,3723,102,127,230,52,61,115,3249,3489,6744,2168,2099,4264,24102,24476,48575
SED30075,19565,20793,40366,742,822,1563,406,455,859,151,169,315,3566,3811,7377,49,46,99,63,52,116,36,42,73,36,33,68,28,32,60,0,0,0,4336,4632,8970,826,909,1732,106,96,202,6005,6459,12466,3250,3091,6343,28820,30354,59174
SED30076,19088,19572,38654,409,438,847,99,112,208,42,34,81,2478,2518,4993,19,17,35,17,18,34,4,12,18,8,7,10,18,9,22,0,0,0,2685,2721,5410,237,265,506,67,43,115,3400,3471,6873,1583,1661,3246,24071,24704,48767
SED30077,16611,17727,34334,337,356,690,158,173,337,95,102,199,3124,3277,6400,24,25,52,30,38,71,9,12,25,21,17,32,24,15,36,0,0,0,3489,3665,7149,357,383,737,78,46,124,4253,4443,8693,1690,1952,3638,22550,24122,46672
SED30078,21871,22897,44769,720,747,1462,128,130,258,76,61,135,2991,2999,5991,36,28,63,34,31,68,7,6,9,17,14,40,14,8,24,0,0,0,3298,3289,6583,1020,1122,2141,75,52,123,5107,5201,10307,1715,1582,3294,28687,29684,58374
SED30079,19241,19621,38864,683,651,1336,153,155,309,78,74,155,3277,3048,6322,35,32,67,48,36,80,6,3,14,26,16,35,14,13,27,0,0,0,3632,3369,7004,1328,1413,2740,85,77,160,5732,5514,11243,2018,2072,4088,26999,27205,54201
SED30080,18773,18988,37763,1106,1109,2210,454,476,931,215,200,413,2851,3054,5912,46,39,84,64,56,119,20,23,44,27,27,51,27,26,50,0,4,4,3707,3903,7613,1115,1250,2364,93,78,166,6020,6339,12356,3962,3832,7801,28753,29165,57914
SED30081,19008,19793,38799,701,807,1509,174,192,364,131,143,276,2830,3185,6012,38,49,90,54,62,113,18,21,40,75,67,140,19,23,40,0,0,0,3342,3746,7087,93,122,214,99,79,176,4242,4752,8989,2277,2182,4458,25526,26724,52248
SED30082,17590,19137,36729,714,784,1500,153,172,331,30,44,70,2977,3234,6215,18,15,33,40,34,73,9,12,21,21,20,42,9,15,25,0,0,0,3259,3544,6808,130,171,300,76,56,136,4180,4563,8745,2242,2173,4418,24013,25868,49883
SED30083,17233,19508,36739,736,803,1534,165,173,331,80,48,129,3080,3453,6528,21,22,52,27,33,53,11,17,26,36,26,59,18,19,33,0,0,0,3428,3791,7215,273,278,557,73,73,145,4512,4941,9451,1904,2310,4214,23644,26758,50407
SED30084,17063,17068,34130,662,701,1365,220,223,440,132,139,267,3151,3273,6420,43,50,91,46,52,96,16,23,40,56,48,107,35,30,64,0,0,0,3706,3824,7531,242,279,524,89,71,154,4701,4877,9573,2842,2624,5470,24603,24572,49174
SED30085,15205,14304,29509,1305,1415,2719,135,132,265,34,34,60,1336,1401,2735,17,10,25,31,29,59,4,5,6,28,31,50,7,6,10,0,0,0,1579,1637,3217,60,87,154,51,36,90,2992,3187,6179,2567,2303,4872,20769,19789,40562
SED30086,22464,23531,45997,695,725,1422,189,194,379,69,73,142,4004,4324,8326,15,17,31,42,45,87,25,20,39,12,16,26,12,7,13,0,0,0,4358,4690,9050,388,427,816,131,90,224,5580,5934,11507,2843,2974,5814,30882,32438,63321
SED30087,21543,20801,42349,1384,1449,2833,268,286,557,118,164,287,2615,2854,5471,42,45,89,83,100,182,22,25,51,27,31,54,14,9,26,0,0,0,3201,3522,6721,235,266,503,73,75,142,4892,5316,10209,3539,2795,6334,29978,28916,58889
SED30088,22848,22904,45756,780,821,1598,178,146,326,113,82,192,3349,3441,6785,25,26,49,54,28,78,10,10,18,3,8,18,0,3,9,0,0,0,3737,3741,7479,599,663,1260,115,87,195,5227,5313,10536,3130,3157,6287,31205,31369,62574
SED30089,18172,18601,36768,525,570,1093,175,165,339,83,80,161,3370,3382,6750,20,26,43,33,24,57,8,13,19,11,13,25,13,22,37,0,0,0,3714,3722,7430,529,577,1106,65,71,136,4833,4938,9769,2150,2056,4202,25154,25591,50745
SED39494,1610,1127,2737,558,343,903,308,318,619,171,192,367,1677,1520,3196,48,57,106,161,146,306,28,35,59,54,41,100,7,14,25,3,0,3,2455,2331,4783,436,549,983,148,97,243,3598,3312,6907,1702,1098,2805,6908,5543,12454
SED39797,52,57,102,0,0,0,3,0,5,0,0,0,4,4,12,3,3,3,0,0,0,0,0,0,0,0,0,0,0,0,0,0,0,5,12,21,0,6,3,0,0,0,6,17,22,6,17,21,66,84,152
SED40001,13768,13795,27558,820,908,1726,120,128,254,119,123,241,74,80,156,2296,2286,4587,76,50,117,9,12,23,35,35,69,20,11,35,0,0,0,2747,2732,5483,1191,1205,2405,47,34,84,4808,4883,9690,2363,1849,4215,20934,20528,41461
SED40002,12914,13891,26802,321,365,686,66,62,131,41,40,86,41,30,72,1619,1688,3307,23,15,38,6,3,3,24,16,41,7,0,5,0,0,0,1827,1862,3686,357,438,801,34,20,57,2539,2690,5229,1074,1154,2231,16529,17732,34260
SED40003,13055,14507,27560,254,289,537,49,85,133,49,52,99,26,26,48,1220,1360,2583,23,19,39,7,0,9,6,16,23,5,5,10,0,0,0,1388,1555,2947,324,325,648,18,9,31,1986,2179,4160,979,1007,1982,16011,17688,33706
SED40004,12917,13825,26740,267,269,535,38,53,93,52,41,92,36,37,72,1180,1293,2474,16,18,43,3,7,8,21,13,35,17,8,28,0,0,0,1369,1472,2841,204,219,423,29,25,55,1864,1986,3856,996,1068,2060,15779,16885,32660
SED40005,14036,13898,27941,694,778,1476,42,48,95,65,72,135,38,34,80,867,911,1781,30,33,59,3,10,17,21,36,62,3,3,5,0,0,0,1076,1152,2230,126,118,238,46,28,74,1946,2069,4015,1409,1343,2754,17394,17315,34709
SED40006,14404,15260,29662,370,359,727,48,33,86,57,59,110,33,32,58,1802,1838,3639,16,14,37,3,8,7,14,6,23,4,3,6,0,0,0,1971,1994,3970,267,307,576,34,26,62,2649,2690,5339,1378,1285,2662,18425,19240,37665
SED40007,13355,14223,27578,318,320,630,53,46,99,53,39,88,38,26,67,1342,1402,2749,19,22,43,4,7,6,22,20,45,3,4,12,0,0,0,1535,1574,3108,199,241,435,22,17,37,2066,2147,4216,1089,1037,2126,16513,17414,33928
SED40008,13548,13893,27434,324,355,680,39,26,67,55,43,98,32,31,59,1728,1675,3401,17,16,31,8,3,16,15,9,24,5,9,10,0,0,0,1897,1809,3708,396,407,799,37,22,60,2662,2586,5249,1328,1302,2631,17537,17784,35317
SED40009,13894,14275,28168,257,279,536,31,57,92,37,44,74,18,21,38,1184,1228,2416,16,6,28,0,9,7,15,21,37,6,3,11,0,0,0,1310,1390,2702,223,301,530,24,27,51,1813,1996,3815,1043,936,1971,16748,17199,33952
SED40010,12781,13635,26416,302,364,664,76,83,155,56,52,109,43,44,91,1884,1896,3782,15,14,28,12,17,27,29,32,59,19,16,34,0,0,0,2129,2153,4280,473,518,986,25,32,50,2927,3061,5988,1227,1227,2455,16933,17923,34862
SED40011,12649,14026,26675,310,340,645,54,71,130,48,52,107,27,25,56,1798,1903,3696,12,13,27,4,3,9,21,23,39,5,3,7,0,0,0,1973,2096,4067,355,424,781,46,33,76,2684,2890,5570,1144,1279,2426,16475,18197,34676
SED40012,15158,14924,30086,629,489,1114,44,48,89,49,59,110,31,31,60,1764,1587,3353,19,10,31,0,4,5,24,27,46,7,5,12,0,0,0,1935,1767,3704,495,578,1076,38,39,72,3096,2867,5963,1412,1403,2816,19670,19195,38867
SED40013,12717,13350,26066,785,870,1661,44,45,88,44,52,99,55,67,121,980,1055,2037,36,29,67,13,10,26,23,32,54,3,0,3,0,0,0,1199,1299,2501,52,68,119,45,36,75,2085,2273,4363,1399,1404,2797,16196,17026,33227
SED40014,14217,15129,29340,203,209,413,35,27,56,24,31,50,24,19,41,1144,1255,2393,23,19,41,4,3,8,12,7,20,7,6,7,0,0,0,1256,1360,2615,64,74,139,15,32,41,1538,1673,3211,874,883,1753,16626,17677,34301
SED40015,13077,12702,25777,948,1025,1971,33,23,61,24,20,44,34,44,83,674,682,1356,61,55,112,6,6,12,23,23,52,0,0,0,0,0,0,856,855,1714,40,60,100,38,46,84,1883,1984,3864,1793,1539,3335,16751,16223,32977
SED40016,12726,13301,26032,183,179,360,17,29,45,27,23,47,30,26,53,1301,1363,2658,13,14,28,0,0,0,9,5,19,3,10,11,0,0,0,1399,1465,2862,170,210,377,28,18,51,1780,1874,3654,891,989,1882,15402,16169,31567
SED40017,14112,14108,28221,836,958,1786,37,37,65,23,25,51,32,26,62,748,823,1563,26,35,60,3,10,9,30,17,49,0,3,0,0,0,0,900,967,1865,31,38,69,39,36,75,1806,1994,3795,1399,1401,2804,17313,17504,34817
SED40018,13267,12465,25731,1358,1422,2778,55,43,89,38,37,71,92,76,170,571,515,1089,56,41,88,12,5,15,31,38,66,0,0,0,0,0,0,852,754,1602,55,81,128,54,38,94,2316,2290,4600,1775,1591,3370,17351,16350,33702
SED40019,13797,13317,27114,615,635,1255,26,19,45,20,20,37,47,36,79,932,894,1823,22,19,41,0,9,14,33,22,49,0,0,0,0,0,0,1076,1012,2086,19,28,45,30,26,55,1746,1699,3449,1341,1286,2628,16884,16301,33187
SED40020,12642,13024,25669,937,1074,2008,50,49,99,47,45,92,52,52,102,899,894,1791,27,20,45,3,3,7,23,37,61,0,3,3,0,0,0,1100,1101,2198,208,181,389,51,43,95,2289,2406,4695,1654,1250,2899,16588,16679,33266
SED40021,13234,14787,28021,359,381,738,37,43,77,42,37,80,35,31,66,1583,1665,3253,13,10,23,3,3,8,9,4,12,15,8,21,0,0,0,1735,1805,3539,429,472,899,31,27,61,2555,2687,5242,1032,1110,2145,16831,18584,35410
SED40022,14007,14593,28598,460,504,959,43,45,86,32,31,62,38,47,85,1080,1257,2342,25,21,50,5,11,19,17,19,36,10,6,16,0,0,0,1252,1437,2684,78,91,169,22,13,31,1807,2042,3849,1199,1142,2346,17017,17775,34790
SED40023,14145,14864,29014,721,843,1563,31,52,83,36,47,89,48,47,93,1523,1690,3212,24,26,45,7,6,10,23,18,46,3,0,3,0,0,0,1697,1883,3579,108,114,223,30,44,80,2553,2885,5440,1523,1629,3146,18224,19379,37606
SED40024,14343,15048,29390,618,665,1284,40,48,88,44,39,82,66,69,138,1339,1423,2766,25,30,55,3,7,10,24,19,45,3,3,8,0,0,0,1543,1638,3188,73,96,162,44,32,82,2282,2433,4708,1103,1139,2245,17719,18625,36344
SED40025,13138,14069,27205,374,422,796,44,32,78,59,46,105,45,43,87,1303,1471,2778,24,29,49,6,8,16,5,21,26,8,5,17,0,0,0,1491,1662,3158,129,146,275,41,43,85,2035,2276,4306,1243,1337,2584,16420,17683,34097
SED40026,14461,15133,29595,532,671,1202,54,65,115,48,46,97,54,56,115,1750,1920,3669,29,25,58,3,3,12,17,23,44,4,6,12,0,0,0,1955,2158,4112,61,69,127,42,32,82,2597,2928,5531,1363,1422,2782,18420,19486,37907
SED40027,14950,15188,30144,380,434,815,38,29,71,44,52,90,33,38,69,1617,1760,3373,22,12,30,4,9,16,10,15,30,7,3,8,0,0,0,1775,1921,3694,199,198,395,62,51,120,2418,2608,5020,1735,1785,3523,19107,19580,38684
SED40028,13514,12756,26268,954,872,1819,50,34,86,135,93,229,40,46,80,606,588,1197,27,31,59,10,8,13,11,21,34,0,0,0,0,0,0,880,816,1693,85,98,184,27,27,58,1935,1817,3754,1276,1196,2470,16726,15766,32492
SED40029,13574,14138,27717,283,299,581,33,24,54,22,29,43,32,29,67,1394,1506,2894,12,16,32,5,3,9,15,21,33,4,3,4,0,0,0,1507,1630,3139,47,74,117,42,19,61,1879,2022,3899,1118,1162,2277,16571,17315,33893
SED40030,13685,14558,28249,205,238,438,35,35,62,45,48,92,29,34,58,1544,1604,3153,19,16,33,0,0,3,16,20,40,10,13,28,0,0,3,1705,1763,3472,267,304,568,24,23,54,2203,2333,4537,1124,1197,2320,17018,18088,35099
SED40031,14699,14967,29667,290,292,581,29,32,61,26,35,63,22,22,41,1134,1183,2319,13,9,18,0,3,3,11,7,17,4,0,3,0,0,0,1230,1298,2526,204,200,401,34,19,55,1764,1804,3565,885,864,1743,17346,17632,34974
SED40032,11708,12953,24663,386,390,777,69,71,142,69,70,143,52,50,104,1417,1530,2955,27,17,39,10,8,13,16,18,39,10,6,13,0,0,0,1674,1778,3446,253,290,541,41,35,79,2351,2489,4842,1233,1320,2549,15294,16760,32053
SED40033,13223,13443,26664,683,726,1410,39,32,75,129,148,282,41,38,78,1100,1199,2303,32,30,65,3,0,8,17,11,29,3,3,3,0,0,0,1377,1457,2832,71,72,141,30,36,62,2153,2297,4448,1699,1332,3032,17076,17069,34144
SED40034,14958,15033,29990,517,554,1070,63,61,127,70,62,138,49,78,124,1879,2097,3977,16,13,33,6,4,11,23,23,48,18,7,22,0,0,0,2128,2347,4474,97,114,206,55,45,98,2796,3060,5852,1688,1629,3318,19441,19725,39163
SED40035,13811,14187,27992,188,206,397,23,35,58,19,21,38,21,22,45,1173,1222,2391,6,8,17,0,3,3,17,17,26,3,3,6,0,0,0,1259,1325,2583,80,78,153,22,19,39,1546,1624,3169,1060,975,2034,16412,16782,33199
SED40036,14472,14504,28975,229,261,494,24,24,47,28,27,59,29,30,50,1374,1397,2766,17,12,31,3,3,3,18,10,33,7,0,7,0,0,0,1492,1508,2998,186,202,387,36,30,60,1946,1995,3947,1883,1410,3292,18302,17910,36219
SED40037,15580,15862,31445,571,587,1159,79,70,151,74,62,137,67,74,138,1846,1804,3649,44,21,60,10,4,13,16,13,32,21,21,43,0,0,0,2160,2073,4231,325,380,708,48,31,79,3099,3077,6179,1415,1337,2748,20101,20272,40370
SED40038,14757,15093,29849,391,379,772,52,53,108,56,49,104,31,35,60,1557,1566,3121,13,6,23,7,14,20,5,4,8,5,0,5,0,0,0,1724,1725,3452,329,346,677,64,44,104,2508,2495,5005,1377,1342,2715,18639,18932,37573
SED40039,13103,13518,26619,299,320,616,23,26,46,31,17,52,35,32,70,1587,1662,3246,22,12,32,7,8,14,8,9,20,0,0,5,0,0,0,1712,1770,3483,64,80,146,47,40,89,2120,2214,4333,1454,1548,3000,16676,17274,33952
SED40040,14373,14216,28590,528,577,1107,31,43,69,35,27,66,33,35,64,1092,1157,2246,27,30,57,0,0,0,14,15,34,0,4,7,0,0,0,1237,1312,2543,58,80,132,30,31,57,1848,1998,3840,1156,1137,2290,17374,17353,34727
SED40041,12953,12638,25591,739,832,1572,43,43,88,28,25,46,35,30,66,759,705,1464,34,31,61,8,7,16,24,22,49,3,10,8,0,0,0,937,872,1805,31,45,71,27,32,62,1731,1779,3514,2287,1463,3745,16976,15879,32847
SED40042,16232,16089,32318,367,378,741,71,58,127,83,47,135,42,33,83,1651,1736,3387,34,13,40,3,3,7,18,23,43,7,3,13,0,0,0,1913,1913,3830,104,160,261,52,49,101,2429,2492,4926,1520,1513,3034,20181,20092,40278
SED40043,14270,15293,29564,409,459,872,61,52,112,50,41,94,38,50,85,1942,2005,3952,14,16,35,5,0,5,13,21,36,12,8,20,0,0,0,2148,2189,4335,382,426,803,28,30,53,2963,3096,6059,1250,1316,2564,18479,19707,38185
SED40044,12426,14136,26560,359,434,786,85,97,182,72,84,151,40,48,84,1547,1760,3303,29,24,52,3,7,9,10,19,27,9,13,20,0,0,0,1785,2044,3829,401,467,871,26,19,51,2573,2960,5534,1136,1285,2423,16139,18382,34520
SED40045,13367,14527,27894,241,228,472,38,51,91,45,60,101,29,33,61,1317,1408,2727,16,17,37,3,3,7,11,8,20,6,6,14,0,0,0,1460,1599,3062,245,244,486,33,23,58,1980,2096,4078,1055,1080,2135,16408,17702,34108
SED40046,13267,13915,27180,417,402,820,58,74,129,46,57,110,36,38,71,1802,1815,3617,16,15,33,8,3,12,7,6,16,6,7,11,0,0,0,1977,2023,4000,527,628,1159,34,37,69,2960,3087,6046,1295,1305,2595,17519,18306,35826
SED40047,13853,14751,28600,218,216,428,37,52,96,22,32,52,41,36,76,1196,1324,2515,21,13,34,5,8,14,16,16,35,9,7,12,0,0,0,1350,1486,2839,113,121,228,18,19,37,1700,1840,3536,987,987,1971,16533,17579,34108
SED49494,366,183,552,144,83,221,35,26,64,25,30,58,54,52,102,461,380,839,21,15,44,8,6,12,13,13,30,0,0,0,0,0,0,618,528,1142,102,82,185,40,14,52,899,699,1592,466,238,700,1724,1122,2847
SED49797,6,0,3,0,0,0,0,0,0,0,0,0,0,0,0,0,0,0,0,0,0,0,0,0,0,0,0,0,0,0,0,0,0,0,0,0,0,0,0,0,0,0,0,0,0,0,0,0,6,0,3
SED50106,13427,14115,27541,686,773,1462,22,25,43,19,17,39,21,25,52,14,6,20,1654,1752,3411,5,13,13,10,11,16,0,0,0,0,0,0,1740,1856,3592,111,122,233,52,38,91,2583,2790,5376,1842,1448,3289,17856,18350,36210
SED50205,12931,14123,27053,510,515,1023,45,38,85,37,37,70,26,20,50,7,14,24,1506,1708,3217,0,0,0,4,15,22,9,7,13,0,0,0,1629,1849,3476,241,296,537,30,16,50,2413,2675,5087,1176,1291,2463,16520,18090,34608
SED50302,16615,16797,33410,630,691,1320,40,46,83,30,23,57,35,35,78,13,9,22,2330,2496,4830,3,4,5,12,8,25,0,0,6,0,0,0,2478,2624,5100,195,268,460,72,62,132,3364,3647,7010,2159,2125,4284,22142,22564,44707
SED50404,14195,15200,29398,376,398,777,34,32,66,38,29,68,39,31,69,9,12,26,2026,2087,4109,0,4,4,10,3,9,0,0,3,0,0,0,2150,2205,4354,438,435,876,39,36,78,3011,3082,6089,1580,1674,3245,18784,19953,38741
SED50502,14753,15029,29784,369,402,769,23,37,57,13,15,26,31,21,55,10,4,15,1616,1528,3141,4,0,4,3,3,3,3,3,7,0,0,0,1702,1618,3318,174,247,418,45,39,80,2288,2301,4587,1530,1501,3033,18575,18836,37407
SED50605,13360,14293,27653,329,364,692,22,24,48,29,30,59,28,22,57,15,16,34,1453,1493,2944,0,3,4,5,12,14,0,3,3,0,0,0,1553,1604,3154,403,440,838,16,13,30,2297,2424,4719,1213,1138,2354,16867,17850,34721
SED50702,14337,14118,28452,814,721,1540,48,40,92,46,28,78,59,49,109,28,26,54,2547,2310,4857,3,3,8,23,12,33,0,0,0,0,0,0,2765,2474,5234,497,601,1099,66,43,107,4134,3843,7975,2670,2406,5077,21140,20367,41510
SED50806,12837,13664,26501,515,561,1072,18,19,30,26,27,53,56,44,102,11,17,24,1676,1913,3583,0,8,11,10,18,27,0,3,4,3,0,3,1800,2043,3838,199,194,397,33,39,69,2535,2839,5380,2055,1719,3770,17427,18224,35649
SED50904,26383,27163,53549,1394,1530,2921,92,109,203,64,70,129,89,96,187,30,24,52,4651,5033,9681,3,9,16,20,22,41,3,7,16,0,0,0,4958,5371,10328,514,573,1079,93,73,167,6949,7546,14500,3436,3408,6840,36770,38120,74894
SED51005,16946,16449,33393,943,872,1817,64,57,127,34,39,71,24,30,58,17,20,42,2743,2391,5135,4,4,7,20,15,35,3,3,6,0,3,4,2924,2563,5486,915,1035,1948,61,51,112,4845,4516,9358,1854,1663,3523,23644,22628,46274
SED51104,13798,14420,28220,350,325,677,26,15,42,23,20,40,24,26,51,6,5,13,1309,1349,2658,3,4,5,9,6,12,8,5,13,0,0,0,1401,1434,2834,213,221,431,19,18,45,1984,2000,3989,1073,983,2052,16851,17410,34260
SED51201,13275,12683,25963,822,862,1686,7,12,18,23,20,40,21,30,42,9,21,35,986,966,1953,10,12,19,5,11,15,0,0,0,0,0,0,1060,1063,2127,105,103,209,35,30,63,2029,2057,4078,2260,1628,3887,17566,16369,33929
SED51304,15528,16089,31618,535,553,1084,45,54,102,38,41,77,36,44,87,20,12,33,2054,2082,4138,3,4,4,0,3,8,8,3,10,0,0,0,2200,2248,4446,498,550,1047,20,24,45,3247,3377,6619,1494,1411,2901,20268,20871,41141
SED51405,17931,18434,36371,558,578,1141,39,35,71,10,25,37,60,54,115,23,23,46,2552,2750,5306,14,15,25,13,11,24,12,9,19,0,0,0,2723,2914,5637,321,378,703,48,37,82,3647,3911,7559,1798,1726,3522,23376,24077,47448
SED51506,15383,15596,30976,768,925,1698,16,13,32,23,22,42,22,27,50,7,12,16,1518,1640,3156,7,7,14,11,17,20,0,0,0,0,0,0,1598,1733,3337,107,115,214,40,46,91,2514,2823,5341,1660,1545,3209,19563,19970,39529
SED51604,13227,14343,27569,485,554,1038,82,89,166,75,81,155,48,45,91,16,9,28,1769,1932,3703,6,4,13,17,17,41,11,10,18,0,0,0,2023,2192,4216,443,485,929,31,36,66,2982,3265,6242,1699,1802,3500,17898,19406,37308
SED51702,23299,23178,46472,689,734,1421,42,40,80,34,29,62,39,36,68,21,14,33,3651,3879,7529,9,6,10,16,13,26,4,0,4,0,0,0,3802,4014,7814,332,369,699,62,62,123,4878,5177,10059,2445,1882,4333,30621,30240,60861
SED51806,14661,15341,29994,740,877,1620,45,54,104,45,39,81,65,70,133,20,18,40,1994,2239,4232,19,31,46,17,18,40,0,0,0,0,0,0,2205,2465,4672,187,195,377,45,58,104,3171,3597,6764,1824,1637,3463,19655,20571,40223
SED51903,18878,17654,36538,1445,1372,2820,83,72,155,71,68,148,134,128,265,77,62,143,2103,1921,4025,40,27,63,30,38,69,3,0,4,0,0,3,2545,2322,4865,203,251,452,75,77,150,4268,4019,8291,3494,2824,6320,26641,24503,51144
SED52002,16795,16829,33624,598,598,1196,24,29,55,22,16,39,33,31,62,18,10,32,1695,1677,3378,6,0,11,18,14,32,0,5,6,3,0,3,1825,1784,3608,257,321,584,63,32,99,2741,2744,5483,1673,1527,3205,21215,21094,42311
SED52105,14102,15346,29440,494,496,993,78,86,157,54,75,124,51,63,112,17,17,34,1978,2151,4133,9,14,22,20,17,33,10,14,28,0,0,0,2215,2434,4648,364,385,746,47,57,108,3121,3374,6496,2141,2206,4351,19363,20920,40287
SED52201,13777,14128,27897,857,947,1807,28,34,62,25,16,39,40,37,83,9,8,22,1574,1754,3329,4,8,13,15,15,28,0,0,0,3,0,3,1697,1872,3570,101,119,221,48,52,99,2705,2981,5689,2161,1874,4035,18641,18985,37623
SED52304,18942,19299,38242,557,615,1173,20,34,56,29,34,58,25,25,44,12,14,19,2186,2165,4355,3,12,11,5,3,11,0,5,8,4,0,9,2281,2287,4568,295,315,611,39,45,85,3176,3268,6439,1484,1443,2931,23599,24006,47611
SED52402,16173,16396,32574,558,593,1154,24,24,45,31,22,50,18,27,44,7,11,20,1655,1608,3262,0,0,3,7,4,10,4,0,4,0,0,0,1756,1690,3442,297,383,684,51,41,92,2658,2712,5373,1724,1652,3377,20554,20764,41317
SED52504,13589,13996,27590,293,315,613,31,28,59,26,28,55,25,21,44,6,9,17,1219,1269,2490,6,6,14,12,19,31,3,4,3,0,0,0,1320,1389,2705,201,231,431,30,11,45,1854,1944,3799,1089,999,2088,16529,16945,33474
SED52605,15957,16311,32270,467,447,913,25,29,54,38,31,66,26,25,53,17,16,28,1771,1777,3549,3,4,7,7,6,15,5,0,10,4,4,9,1896,1891,3791,262,285,544,21,25,46,2650,2639,5293,1243,1127,2369,19851,20078,39929
SED52704,14140,14281,28421,422,417,840,33,34,68,25,22,48,19,14,40,7,8,13,1731,1753,3481,0,0,0,7,6,14,0,0,4,0,3,3,1827,1843,3674,313,357,671,40,34,71,2602,2651,5247,1333,1202,2540,18079,18138,36213
SED52802,14660,14692,29354,382,379,760,22,22,47,25,31,52,19,29,45,8,4,15,1345,1416,2761,0,0,0,7,3,12,0,0,0,0,0,0,1427,1512,2935,192,235,424,28,44,70,2027,2164,4190,1396,1274,2669,18081,18133,36215
SED52903,1690,1214,2906,102,91,193,12,13,22,10,3,13,17,7,27,19,19,38,277,172,450,3,3,7,15,14,23,0,0,0,0,0,0,354,224,575,14,12,24,118,116,241,594,448,1035,464,207,675,2745,1865,4614
SED53003,11385,11421,22806,1353,1491,2839,79,97,178,119,125,243,149,143,290,39,30,67,1000,1077,2079,23,22,37,78,98,179,3,4,9,6,3,11,1498,1594,3090,176,198,376,282,283,567,3311,3566,6879,2154,1970,4128,16850,16962,33812
SED53104,13850,14371,28217,259,278,539,16,22,40,17,14,34,21,17,42,10,3,10,1180,1207,2383,4,0,4,3,0,3,10,3,10,0,0,0,1253,1272,2522,147,149,292,34,40,69,1693,1734,3430,966,922,1891,16509,17031,33539
SED53205,22660,23072,45740,983,1106,2090,73,79,150,60,60,123,87,94,177,50,37,88,3856,3953,7811,7,4,12,22,39,60,10,11,13,0,0,0,4162,4278,8439,387,439,825,76,64,135,5608,5881,11490,3918,2760,6680,32189,31717,63909
SED53306,14708,15914,30625,739,796,1534,44,39,89,39,35,72,52,56,105,11,17,30,2334,2510,4844,9,11,22,15,16,32,0,0,0,0,0,0,2504,2689,5190,169,195,369,55,40,98,3465,3728,7193,1842,1867,3710,20022,21505,41525
SED53402,14634,15029,29663,603,594,1192,45,48,96,73,74,150,41,44,83,11,9,22,2326,2300,4622,3,10,11,13,12,25,3,10,9,0,0,0,2515,2502,5022,445,498,937,80,61,144,3639,3659,7293,1766,1745,3511,20039,20427,40461
SED53502,15137,15222,30359,419,424,840,26,20,46,23,28,57,27,26,55,8,9,17,2022,2095,4120,3,3,7,13,12,30,3,6,8,0,0,0,2124,2214,4333,201,222,423,57,48,103,2798,2910,5707,1858,1816,3680,19795,19952,39742
SED53602,17059,16807,33870,600,551,1150,39,53,94,43,39,80,20,16,31,26,14,39,2213,2116,4326,0,3,3,10,18,26,3,3,3,0,0,0,2354,2254,4603,519,483,1001,53,42,100,3518,3336,6856,1945,1834,3776,22527,21979,44501
SED53701,14409,13183,27595,723,752,1482,23,25,51,17,17,32,30,28,53,16,10,19,1201,1171,2377,5,3,9,13,15,25,0,0,4,0,0,0,1304,1269,2577,147,147,290,35,31,69,2210,2199,4413,1902,1708,3614,18527,17089,35618
SED53802,14449,14869,29314,496,463,964,34,25,63,29,28,52,24,25,46,9,15,29,1888,1802,3695,0,3,3,4,5,8,5,5,11,4,0,4,1996,1912,3906,450,505,953,29,16,50,2975,2895,5873,1536,1508,3045,18959,19269,38228
SED53902,13660,14921,28579,541,577,1122,45,41,87,44,47,90,36,39,75,12,9,21,2082,2149,4231,0,3,4,10,4,9,10,5,10,0,5,5,2233,2297,4532,392,422,816,38,41,81,3199,3336,6543,1677,1864,3538,18532,20124,38654
SED54006,15603,15498,31098,993,1055,2052,13,32,46,23,30,48,42,35,72,6,12,16,1610,1632,3240,10,6,16,15,14,28,3,0,3,0,3,3,1719,1767,3484,103,133,241,44,37,83,2865,3000,5860,2047,1877,3925,20516,20371,40884
SED54104,13979,14716,28696,861,841,1702,95,94,187,76,107,186,62,60,115,19,28,52,1924,1963,3892,8,6,11,11,9,25,14,12,17,3,0,5,2208,2273,4482,803,859,1668,34,41,76,3912,4020,7931,1544,1579,3116,19431,20311,39746
SED54203,9681,6031,15707,660,586,1252,155,35,188,119,49,168,546,94,638,63,19,82,1695,889,2588,25,7,29,41,23,61,4,6,9,3,0,4,2652,1117,3776,146,107,247,44,34,78,3504,1843,5343,2965,1278,4240,16146,9151,25294
SED54304,16625,16849,33473,556,553,1111,43,50,98,33,30,63,38,36,76,8,12,19,1801,1854,3659,8,8,18,7,10,15,4,5,7,0,0,0,1961,2000,3957,320,370,692,17,19,42,2852,2942,5796,1266,1221,2492,20742,21017,41760
SED54404,16270,15740,32013,1339,1245,2583,151,129,282,137,127,266,126,127,254,53,40,91,3483,3430,6914,20,14,36,27,26,49,12,8,20,0,0,0,4017,3901,7916,1481,1543,3026,87,75,159,6924,6763,13685,3680,3226,6905,26874,25728,52603
SED54503,15454,11616,27069,2458,2278,4739,179,128,306,131,85,216,301,248,546,71,54,128,2671,2026,4700,29,31,60,64,44,107,9,3,10,0,0,0,3449,2626,6076,256,256,511,107,97,202,6277,5254,11527,4626,2568,7192,26359,19437,45797
SED54605,14770,15397,30172,591,571,1164,20,31,49,55,42,99,19,15,40,23,21,47,1521,1493,3016,0,0,0,8,6,9,6,7,13,0,0,0,1644,1622,3269,472,492,965,14,12,33,2720,2700,5420,882,954,1837,18372,19056,37427
SED54705,13833,14027,27863,545,577,1123,90,43,134,125,60,180,64,66,126,21,21,47,1677,1765,3439,7,10,23,27,21,40,3,13,19,3,0,3,2010,1996,4010,140,151,290,35,36,67,2730,2758,5497,2088,1779,3865,18649,18572,37218
SED54804,13797,15017,28810,616,658,1274,63,65,132,72,75,148,52,44,105,11,19,31,2238,2477,4718,9,6,13,13,10,30,6,4,11,0,0,0,2473,2710,5184,404,424,831,49,29,77,3540,3823,7363,1806,1911,3724,19148,20750,39896
SED54905,13604,14344,27945,572,623,1197,46,58,104,54,57,108,25,22,53,22,23,45,2196,2191,4392,3,6,12,20,13,35,3,8,10,0,0,0,2388,2378,4759,552,582,1132,48,43,88,3559,3630,7186,1688,1759,3445,18851,19724,38577
SED55005,20295,20520,40813,472,498,970,28,36,66,31,33,61,31,29,63,16,23,40,2306,2390,4697,0,3,5,4,4,10,4,4,3,4,0,4,2436,2518,4955,488,584,1074,32,31,64,3432,3640,7070,2356,1230,3583,26080,25384,51466
SED55102,17774,17907,35684,669,731,1402,48,39,86,50,41,87,26,36,59,18,16,33,2190,2252,4442,7,0,13,12,14,28,9,7,14,0,0,0,2362,2401,4762,187,194,387,45,39,85,3262,3369,6631,3708,1719,5426,24743,22994,47741
SED55206,14298,14964,29254,1441,1586,3032,32,36,66,31,43,73,43,41,81,5,16,21,1351,1399,2749,3,3,12,14,14,26,0,0,0,5,0,4,1489,1547,3032,111,136,240,45,44,93,3086,3315,6395,1825,1794,3623,19202,20072,39272
SED55305,15617,15637,31257,933,835,1773,65,61,126,77,57,126,63,52,114,25,15,40,3312,2987,6293,4,9,9,22,19,44,4,6,9,0,0,0,3565,3195,6763,1104,1075,2179,89,60,150,5689,5172,10860,2620,2486,5104,23924,23293,47221
SED55401,12893,12295,25186,778,764,1538,21,20,34,24,19,43,36,34,73,17,19,39,972,943,1915,3,4,10,12,14,22,0,0,0,0,0,0,1086,1052,2140,81,94,178,34,25,55,1974,1936,3910,1997,1760,3759,16864,15993,32857
SED55504,18101,18757,36858,587,591,1175,26,19,49,26,36,59,37,34,72,15,17,28,1793,1926,3716,3,3,7,4,8,14,0,3,7,0,0,0,1907,2041,3948,258,313,568,33,29,62,2780,2969,5750,1515,1404,2919,22398,23130,45528
SED55605,22169,22552,44714,1341,1463,2804,84,81,165,86,95,175,88,81,176,29,26,59,2947,3235,6184,23,28,49,43,25,65,13,10,20,3,0,3,3311,3590,6902,307,325,633,64,62,123,5018,5443,10460,2742,2517,5264,29930,30509,60442
SED55706,15143,15149,30288,1118,1226,2342,27,28,57,19,24,50,32,16,51,13,7,19,1170,1268,2437,3,4,12,3,5,13,3,0,4,0,0,0,1272,1375,2647,163,176,343,41,35,81,2596,2814,5410,1864,1843,3711,19602,19811,39407
SED55802,21540,22008,43551,837,858,1695,44,47,93,42,50,95,52,54,106,25,22,50,3190,3301,6491,4,5,13,19,16,41,8,7,16,0,0,0,3385,3512,6899,330,399,730,60,51,112,4619,4811,9433,2064,2337,4403,28222,29159,57382
SED55905,13590,14580,28167,375,367,738,28,27,52,28,35,63,27,35,67,10,14,22,1754,1862,3615,0,5,4,6,6,16,0,3,6,0,0,0,1863,1979,3841,198,236,438,35,47,77,2474,2633,5098,1515,1507,3021,17576,18709,36285
SED59494,814,434,1248,245,154,396,99,104,201,67,62,132,142,130,274,45,37,78,808,594,1395,15,15,22,32,17,52,4,7,13,0,0,0,1209,962,2166,189,195,387,44,36,84,1691,1346,3036,1020,617,1636,3518,2398,5915
SED59797,259,11,272,0,0,0,3,0,3,3,0,3,4,0,6,0,0,0,45,7,53,0,0,0,0,0,0,0,0,0,0,0,0,62,8,69,11,0,15,0,0,0,73,12,84,71,8,80,408,26,434
SED60101,4159,3983,8144,235,240,471,16,20,39,20,21,46,43,37,84,4,9,16,9,12,18,168,181,349,9,9,17,0,0,0,0,0,0,279,288,565,12,12,25,3,8,17,533,542,1078,448,406,847,5136,4933,10062
SED60106,11937,13118,25062,296,351,645,70,75,148,76,84,161,77,86,161,16,13,30,54,42,93,1405,1651,3053,18,15,28,4,7,14,0,0,0,1705,1970,3682,124,126,252,24,15,34,2140,2465,4612,1333,1501,2830,15412,17090,32499
SED60112,8848,9511,18361,218,240,461,76,65,139,73,67,141,53,69,122,9,8,19,48,42,89,1063,1122,2183,13,11,27,0,0,0,0,0,0,1335,1388,2730,68,69,137,23,29,50,1645,1727,3373,917,893,1808,11409,12136,23546
SED60115,12691,13188,25881,457,549,1005,85,86,163,82,93,175,92,87,183,22,23,50,35,35,75,1278,1417,2694,8,11,19,6,11,16,0,0,0,1609,1760,3368,301,204,502,37,39,73,2392,2555,4944,1643,1644,3290,16731,17386,34114
SED60207,12067,13246,25310,475,583,1059,66,60,123,64,64,126,96,96,195,22,31,49,36,42,75,1101,1195,2303,3,3,11,3,3,4,0,0,0,1399,1494,2892,63,72,131,39,24,64,1970,2177,4147,1299,1380,2677,15337,16797,32134
SED60208,12101,12926,25028,386,414,807,50,53,103,50,65,115,78,90,167,13,15,24,36,50,80,1097,1221,2314,12,3,18,3,4,4,0,0,0,1334,1502,2834,33,37,70,27,30,56,1786,1981,3772,1230,1222,2460,15122,16132,31256
SED60209,12805,12825,25623,711,733,1442,91,77,165,95,83,182,122,121,244,36,25,58,51,56,104,821,876,1696,11,12,21,4,6,10,3,3,4,1226,1260,2484,56,53,105,37,37,75,2028,2081,4107,1360,1400,2763,16193,16305,32501
SED60214,96,90,187,4,0,3,0,0,0,0,0,0,0,0,0,0,0,0,0,0,0,7,4,14,0,0,0,0,0,0,0,0,0,7,4,14,0,0,0,0,0,0,11,11,14,7,7,19,112,102,215
SED60302,3696,3899,7595,93,111,200,10,13,17,7,14,16,9,21,27,5,5,12,3,7,6,401,424,823,0,0,3,0,0,0,0,0,0,438,478,911,16,16,36,10,3,14,556,612,1163,373,366,736,4623,4874,9493
SED60303,13350,14303,27655,269,323,595,61,64,124,81,55,133,73,75,144,17,9,27,41,47,86,1521,1716,3234,3,6,9,4,8,12,0,0,0,1797,1980,3778,187,183,372,46,26,74,2297,2510,4810,1616,1756,3369,17263,18570,35831
SED60304,11776,12623,24403,371,352,719,113,134,254,194,220,417,128,126,253,36,41,75,55,63,122,1582,1666,3251,18,18,37,20,22,40,0,0,3,2153,2293,4447,316,368,684,40,40,85,2878,3052,5930,1462,1440,2909,16122,17116,33244
SED60305,180,174,352,4,3,10,0,0,0,0,0,0,3,3,9,0,0,0,0,0,0,5,6,9,0,0,0,0,0,0,0,0,0,7,6,19,0,3,3,0,0,0,15,18,29,20,17,41,213,208,420
SED60310,8166,8552,16713,358,342,699,77,92,162,128,139,271,76,62,138,17,21,33,38,41,75,858,832,1689,7,10,17,14,20,35,0,0,0,1214,1203,2422,365,441,804,21,24,42,1958,2008,3966,775,809,1577,10895,11367,22258
SED60402,1483,1507,2987,28,35,64,3,12,18,7,7,17,11,15,24,3,0,4,4,6,9,173,182,360,0,0,4,3,3,3,0,0,0,208,234,440,3,7,10,12,13,30,257,285,540,93,103,192,1823,1890,3716
SED60405,13903,14161,28060,608,646,1252,127,143,262,81,93,173,138,142,279,37,39,79,77,96,167,853,977,1828,18,20,34,15,12,27,0,0,0,1343,1517,2853,83,101,187,23,17,44,2054,2286,4339,1263,1247,2508,17216,17694,34912
SED60410,3991,4489,8483,153,175,335,33,36,72,25,26,55,27,25,56,3,4,9,5,6,17,405,472,870,7,8,14,5,4,12,0,0,0,516,578,1101,38,40,79,21,11,23,732,809,1537,342,383,725,5070,5680,10751
SED60411,12801,14301,27099,285,305,596,60,60,120,66,82,146,78,81,159,9,14,26,30,30,62,1270,1352,2623,16,16,28,3,13,16,0,0,0,1537,1654,3182,92,119,206,34,21,50,1941,2090,4035,1652,1336,2983,16392,17725,34122
SED60413,8095,8361,16455,223,211,440,33,26,62,32,34,68,61,54,110,15,11,23,22,21,44,642,746,1386,16,9,22,3,0,3,0,0,0,820,902,1722,35,38,70,17,10,27,1094,1166,2258,686,672,1356,9872,10197,20072
SED60501,8226,7845,16074,351,378,725,53,66,119,46,45,96,58,72,127,24,18,39,41,30,71,421,442,867,4,3,11,3,3,3,0,0,0,649,685,1331,16,25,43,12,16,36,1021,1110,2130,962,905,1866,10213,9857,20072
SED60502,9640,9690,19331,369,442,813,29,28,49,25,32,58,49,65,118,15,11,24,22,22,43,726,783,1504,0,8,7,0,0,0,0,0,0,865,947,1807,18,19,33,33,31,57,1276,1433,2710,1085,1142,2227,12005,12265,24266
SED60512,3900,3954,7853,106,114,223,28,24,47,39,36,76,30,38,67,0,3,4,18,18,35,237,283,516,6,7,12,4,4,9,0,0,0,362,414,773,14,14,31,4,7,12,489,546,1032,406,391,796,4793,4892,9681
SED60513,6545,6544,13084,280,301,588,43,40,83,53,43,95,49,53,96,4,8,18,22,17,45,499,524,1021,9,6,13,0,0,0,0,0,0,678,701,1379,24,31,54,15,27,44,1000,1061,2060,740,749,1484,8284,8353,16632
SED60514,12788,12727,25517,522,609,1124,74,77,153,69,72,148,113,116,225,25,19,51,56,47,101,775,866,1646,14,11,26,3,0,5,0,0,0,1140,1215,2354,50,52,109,36,30,68,1745,1906,3652,1341,1313,2653,15875,15948,31827
SED69494,112,66,176,46,30,72,10,16,32,19,10,31,25,31,59,3,6,13,9,13,24,127,126,253,5,0,4,4,0,4,0,0,0,207,205,415,20,21,39,3,3,8,279,258,540,128,63,188,516,391,909
SED69797,32,16,47,0,0,0,0,0,0,3,0,3,0,0,0,0,0,0,0,0,0,3,3,9,0,0,0,0,0,0,0,0,0,10,7,13,3,0,3,0,0,0,11,7,22,4,0,9,49,21,68
SED70001,3143,3152,6289,49,35,86,10,11,21,11,8,19,16,11,24,3,7,10,3,0,5,0,0,0,57,64,114,0,0,0,0,0,0,93,101,193,10,7,15,37,48,87,183,191,380,250,220,466,3577,3560,7134
SED70002,3662,3729,7391,138,167,308,37,56,90,69,74,146,83,78,165,64,59,125,25,40,67,3,3,7,453,459,910,8,9,17,0,0,0,746,784,1534,154,176,335,53,48,97,1088,1177,2271,765,808,1568,5512,5717,11234
SED70003,3407,3369,6774,71,72,141,20,19,39,29,21,54,42,35,79,16,7,23,24,26,47,7,0,10,117,109,224,0,0,0,0,0,0,252,228,477,17,18,39,91,98,191,431,415,853,303,234,533,4142,4014,8156
SED70004,3247,3089,6332,124,126,254,26,32,65,37,29,66,102,79,183,23,23,42,24,21,37,0,0,0,192,148,342,4,4,6,0,0,0,416,344,756,32,46,79,55,39,94,624,555,1177,547,372,922,4420,4014,8439
SED70005,3043,2985,6026,134,133,271,46,51,96,60,58,113,147,141,292,29,33,61,61,63,122,5,0,8,531,537,1070,3,6,11,0,0,0,884,886,1772,46,54,104,25,13,38,1088,1094,2180,455,468,922,4582,4550,9131
SED70006,3537,3635,7169,156,181,332,33,42,75,39,47,85,53,60,109,44,60,99,25,22,46,0,7,6,402,460,871,7,4,12,0,0,0,598,702,1306,90,101,192,23,32,54,870,1017,1883,689,701,1397,5099,5351,10449
SED70007,2730,2704,5434,99,96,196,54,65,120,48,36,86,123,120,236,21,19,42,53,55,104,9,7,10,550,531,1082,4,3,6,0,0,0,861,833,1692,57,64,126,15,17,29,1036,1004,2038,392,354,751,4157,4070,8228
SED70008,3103,3040,6147,96,90,181,58,63,124,46,57,104,85,89,176,39,47,86,48,48,92,3,5,15,432,453,880,19,19,39,0,0,0,732,776,1512,146,144,290,7,7,18,980,1021,2001,541,477,1021,4627,4537,9166
SED70009,3765,3408,7174,105,114,218,40,25,62,43,32,72,60,53,111,14,12,32,39,33,69,0,0,3,199,187,387,3,0,0,0,0,0,399,345,740,27,21,48,42,36,80,575,520,1094,838,567,1410,5178,4495,9671
SED70010,2961,2862,5827,77,62,136,16,24,39,19,19,44,55,49,104,22,18,44,33,39,71,0,0,0,410,418,825,0,0,3,0,0,0,563,568,1132,44,59,97,17,9,29,700,702,1401,648,627,1276,4312,4188,8500
SED70011,2646,2569,5213,92,89,183,36,42,84,57,53,116,84,95,175,26,25,55,66,58,130,5,3,12,523,552,1068,4,7,14,0,0,0,804,840,1643,131,148,277,16,20,37,1046,1098,2148,552,517,1067,4246,4182,8428
SED70012,2470,2320,4792,96,110,205,58,63,120,61,49,115,94,101,196,35,50,83,49,44,94,0,3,3,491,466,954,10,7,12,0,0,0,808,773,1583,126,127,255,33,27,63,1064,1037,2102,543,451,992,4082,3811,7886
SED70013,3724,3281,7012,73,83,150,30,17,53,25,21,49,51,51,103,15,12,28,38,27,69,0,0,3,310,290,601,0,0,0,0,0,0,474,423,894,23,29,58,17,8,24,590,546,1132,658,553,1220,4973,4386,9360
SED70014,2662,2582,5249,47,53,98,29,25,52,20,25,48,28,26,57,13,19,35,18,16,35,0,0,0,399,385,781,0,0,0,0,0,0,510,493,1007,94,103,199,13,8,23,673,653,1322,487,488,975,3818,3725,7546
SED70015,2811,2884,5694,82,86,162,6,7,13,15,19,30,21,30,56,12,14,21,17,18,39,0,0,0,261,314,575,3,0,3,0,0,0,338,405,743,60,76,140,12,16,23,487,578,1066,516,561,1079,3818,4020,7842
SED70016,2978,2731,5714,319,317,637,159,138,296,49,43,89,151,124,275,40,44,84,32,41,68,4,5,10,152,151,304,11,6,17,0,0,0,589,555,1138,42,48,87,16,3,19,968,927,1889,1074,941,2021,5023,4603,9620
SED70017,2873,2990,5859,100,91,191,53,48,101,54,48,101,85,87,176,51,36,84,17,19,40,3,0,3,225,242,470,4,8,12,0,0,3,490,490,981,38,71,111,57,71,128,688,719,1408,1228,636,1860,4790,4341,9130
SED70018,4084,3039,7116,75,63,139,120,34,150,110,37,145,243,70,311,42,25,70,107,41,152,9,8,21,380,305,687,15,6,25,0,0,0,1022,526,1555,28,27,59,18,16,32,1149,633,1781,2557,598,3158,7788,4266,12059
SED70019,3819,3789,7614,168,182,350,25,23,45,19,23,42,62,64,126,10,7,20,16,26,41,3,0,3,124,134,255,0,3,4,0,0,0,258,279,536,24,13,38,9,18,30,463,495,955,455,378,832,4733,4659,9400
SED70020,2540,2512,5055,104,99,208,54,66,116,38,57,102,61,71,132,46,50,89,44,56,105,0,3,3,454,444,898,4,9,11,0,3,3,709,753,1465,122,162,289,9,13,18,954,1024,1974,564,536,1099,4058,4069,8127
SED70021,2741,2114,4854,232,199,426,113,108,221,106,87,185,218,180,401,49,31,79,122,84,207,8,3,15,568,539,1110,23,19,39,0,0,0,1214,1055,2263,355,341,691,19,13,32,1817,1604,3420,1066,711,1780,5630,4435,10060
SED70022,3065,2966,6034,56,47,100,16,12,32,40,24,63,33,28,56,11,19,32,16,28,39,0,0,5,411,425,829,3,0,5,0,0,0,524,540,1064,75,72,145,17,10,24,672,667,1333,463,437,903,4195,4076,8268
SED70023,2704,2435,5135,110,118,222,86,69,152,75,82,161,170,155,326,48,38,86,73,65,132,11,11,22,896,862,1764,5,7,14,0,0,0,1374,1291,2666,78,87,163,17,22,37,1576,1514,3097,534,417,953,4815,4369,9183
SED70024,2746,2982,5734,42,36,79,11,25,35,5,22,25,33,32,66,19,17,33,29,23,56,0,0,0,122,107,223,3,0,0,0,0,0,220,221,445,7,10,13,54,58,115,328,321,647,411,420,831,3486,3726,7212
SED70025,2956,2851,5808,115,91,202,50,53,101,37,64,105,67,74,146,29,25,52,41,45,85,0,4,10,605,559,1158,4,4,7,0,0,0,836,832,1667,67,92,159,18,12,29,1031,1026,2063,430,402,833,4419,4283,8696
SED79494,370,269,639,92,73,167,73,73,145,64,68,126,114,105,215,27,18,46,56,60,116,4,8,8,118,109,222,3,4,7,0,0,0,452,450,900,34,64,94,9,6,21,588,591,1185,361,290,654,1321,1151,2476
SED79797,45,10,52,0,0,0,0,0,0,0,0,0,3,0,3,0,0,0,0,0,0,0,0,0,0,0,0,0,0,0,0,0,0,3,0,3,0,0,0,0,0,0,3,0,7,10,4,19,61,14,70
SED80001,28013,29178,57187,290,289,584,506,545,1053,95,90,190,122,136,259,25,39,66,35,36,72,7,5,10,22,15,43,2351,2498,4850,0,0,0,3165,3368,6532,257,276,532,51,42,99,3765,3978,7743,2195,2413,4605,33971,35568,69537
SED80002,28615,29768,58391,571,590,1157,881,874,1752,179,155,335,169,196,370,62,53,111,66,66,132,20,19,44,33,33,67,3060,3113,6168,3,5,8,4475,4513,8984,907,961,1872,95,67,157,6050,6128,12178,2800,2852,5654,37468,38751,76220
SED80003,26020,26782,52808,845,882,1727,1496,1565,3067,554,606,1165,499,478,973,151,169,316,209,167,381,50,65,118,75,66,140,3930,4032,7964,7,7,16,6985,7149,14131,1763,1799,3562,101,96,193,9695,9919,19611,4479,3925,8399,40191,40623,80815
SED80004,28673,30273,58945,415,472,882,709,823,1527,180,184,362,164,182,347,56,60,116,60,59,117,26,32,59,40,39,78,3308,3475,6784,0,0,0,4543,4849,9393,674,735,1415,48,43,96,5680,6102,11785,2971,3020,5993,37325,39392,76721
SED80005,33129,34027,67155,679,653,1332,1035,1138,2179,216,218,437,297,328,629,101,111,214,142,149,295,19,24,43,61,48,106,4110,4002,8115,3,3,4,5996,6027,12022,955,1071,2024,89,80,166,7715,7831,15542,2958,2776,5739,43808,44634,88439
SED89494,60,41,98,31,14,47,20,28,43,3,3,6,10,8,18,3,3,7,0,5,6,0,0,0,0,0,0,61,61,122,0,0,0,103,110,211,21,23,45,8,5,14,165,153,319,86,35,125,312,226,538
SED89797,0,0,0,0,0,0,0,0,0,0,0,0,0,0,0,0,0,0,0,0,0,0,0,0,0,0,0,0,0,0,0,0,0,0,0,0,0,0,0,0,0,0,0,0,0,0,0,0,0,0,0
SED99191,1597,1575,3171,60,64,125,55,45,101,13,8,22,41,24,63,7,9,15,49,43,89,0,0,0,10,9,12,19,17,36,3,3,5,198,145,345,33,36,70,9,3,13,294,258,550,523,236,756,2422,2061,4477
SED99494,13,8,21,0,0,0,0,0,0,0,4,10,3,0,8,0,0,0,4,0,6,0,0,0,0,0,0,0,0,0,0,0,0,5,13,20,0,4,4,0,3,3,5,22,28,0,3,9,24,28,50
SED99797,4,0,4,0,0,0,0,0,0,0,0,0,0,0,0,0,0,0,0,0,0,0,0,0,0,0,0,0,0,0,0,0,0,0,0,3,0,0,0,0,0,0,0,0,3,0,0,0,3,0,6