SOSR_CODE_2016,M_PGrad_Deg_15_24,M_PGrad_Deg_25_34,M_PGrad_Deg_35_44,M_PGrad_Deg_45_54,M_PGrad_Deg_55_64,M_PGrad_Deg_65_74,M_PGrad_Deg_75_84,M_PGrad_Deg_85ov,M_PGrad_Deg_Total,M_GradDip_and_GradCert_15_24,M_GradDip_and_GradCert_25_34,M_GradDip_and_GradCert_35_44,M_GradDip_and_GradCert_45_54,M_GradDip_and_GradCert_55_64,M_GradDip_and_GradCert_65_74,M_GradDip_and_GradCert_75_84,M_GradDip_and_GradCert_85ov,M_GradDip_and_GradCert_Total,M_BachDeg_15_24,M_BachDeg_25_34,M_BachDeg_35_44,M_BachDeg_45_54,M_BachDeg_55_64,M_BachDeg_65_74,M_BachDeg_75_84,M_BachDeg_85ov,M_BachDeg_Total,M_AdvDip_and_Dip_15_24,M_AdvDip_and_Dip_25_34,M_AdvDip_and_Dip_35_44,M_AdvDip_and_Dip_45_54,M_AdvDip_and_Dip_55_64,M_AdvDip_and_Dip_65_74,M_AdvDip_and_Dip_75_84,M_AdvDip_and_Dip_85ov,M_AdvDip_and_Dip_Total,M_Cert_III_IV_15_24,M_Cert_III_IV_25_34,M_Cert_III_IV_35_44,M_Cert_III_IV_45_54,M_Cert_III_IV_55_64,M_Cert_III_IV_65_74,M_Cert_III_IV_75_84,M_Cert_III_IV_85ov,M_Cert_III_IV_Total,M_Cert_I_II_15_24,M_Cert_I_II_25_34,M_Cert_I_II_35_44,M_Cert_I_II_45_54,M_Cert_I_II_55_64,M_Cert_I_II_65_74,M_Cert_I_II_75_84,M_Cert_I_II_85ov,M_Cert_I_II_Total,M_Cert_Levl_nfd_15_24,M_Cert_Levl_nfd_25_34,M_Cert_Levl_nfd_35_44,M_Cert_Levl_nfd_45_54,M_Cert_Levl_nfd_55_64,M_Cert_Levl_nfd_65_74,M_Cert_Levl_nfd_75_84,M_Cert_Levl_nfd_85ov,M_Cert_Levl_nfd_Total,M_Cert_Lev_Tot_15_24,M_Cert_Lev_Tot_25_34,M_Cert_Lev_Tot_35_44,M_Cert_Lev_Tot_45_54,M_Cert_Lev_Tot_55_64,M_Cert_Lev_Tot_65_74,M_Cert_Lev_Tot_75_84,M_Cert_Lev_Tot_85ov,M_Cert_Lev_Tot_Total,M_Lev_Edu_IDes_15_24,M_Lev_Edu_IDes_25_34,M_Lev_Edu_IDes_35_44,M_Lev_Edu_IDes_45_54,M_Lev_Edu_IDes_55_64,M_Lev_Edu_IDes_65_74,M_Lev_Edu_IDes_75_84,M_Lev_Edu_IDes_85ov,M_Lev_Edu_IDes_Total,M_Lev_Edu_NS_15_24,M_Lev_Edu_NS_25_34,M_Lev_Edu_NS_35_44,M_Lev_Edu_NS_45_54,M_Lev_Edu_NS_55_64,M_Lev_Edu_NS_65_74,M_Lev_Edu_NS_75_84,M_Lev_Edu_NS_85ov,M_Lev_Edu_NS_Total,M_Tot_15_24,M_Tot_25_34,M_Tot_35_44,M_Tot_45_54,M_Tot_55_64,M_Tot_65_74,M_Tot_75_84,M_Tot_85ov,M_Tot_Total,F_PGrad_Deg_15_24,F_PGrad_Deg_25_34,F_PGrad_Deg_35_44,F_PGrad_Deg_45_54,F_PGrad_Deg_55_64,F_PGrad_Deg_65_74,F_PGrad_Deg_75_84,F_PGrad_Deg_85ov,F_PGrad_Deg_Total,F_GradDip_and_GradCert_15_24,F_GradDip_and_GradCert_25_34,F_GradDip_and_GradCert_35_44,F_GradDip_and_GradCert_45_54,F_GradDip_and_GradCert_55_64,F_GradDip_and_GradCert_65_74,F_GradDip_and_GradCert_75_84,F_GradDip_and_GradCert_85ov,F_GradDip_and_GradCert_Total,F_BachDeg_15_24,F_BachDeg_25_34,F_BachDeg_35_44,F_BachDeg_45_54,F_BachDeg_55_64,F_BachDeg_65_74,F_BachDeg_75_84,F_BachDeg_85ov,F_BachDeg_Total,F_AdvDip_and_Dip_15_24,F_AdvDip_and_Dip_25_34,F_AdvDip_and_Dip_35_44,F_AdvDip_and_Dip_45_54,F_AdvDip_and_Dip_55_64,F_AdvDip_and_Dip_65_74,F_AdvDip_and_Dip_75_84,F_AdvDip_and_Dip_85ov,F_AdvDip_and_Dip_Total,F_Cert_III_IV_15_24,F_Cert_III_IV_25_34,F_Cert_III_IV_35_44,F_Cert_III_IV_45_54,F_Cert_III_IV_55_64,F_Cert_III_IV_65_74,F_Cert_III_IV_75_84,F_Cert_III_IV_85ov,F_Cert_III_IV_Total,F_Cert_I_II_15_24,F_Cert_I_II_25_34,F_Cert_I_II_35_44,F_Cert_I_II_45_54,F_Cert_I_II_55_64,F_Cert_I_II_65_74,F_Cert_I_II_75_84,F_Cert_I_II_85ov,F_Cert_I_II_Total,F_Cert_Levl_nfd_15_24,F_Cert_Levl_nfd_25_34,F_Cert_Levl_nfd_35_44,F_Cert_Levl_nfd_45_54,F_Cert_Levl_nfd_55_64,F_Cert_Levl_nfd_65_74,F_Cert_Levl_nfd_75_84,F_Cert_Levl_nfd_85ov,F_Cert_Levl_nfd_Total,F_Cert_Lev_Tot_15_24,F_Cert_Lev_Tot_25_34,F_Cert_Lev_Tot_35_44,F_Cert_Lev_Tot_45_54,F_Cert_Lev_Tot_55_64,F_Cert_Lev_Tot_65_74,F_Cert_Lev_Tot_75_84,F_Cert_Lev_Tot_85ov,F_Cert_Lev_Tot_Total,F_Lev_Edu_IDes_15_24,F_Lev_Edu_IDes_25_34,F_Lev_Edu_IDes_35_44,F_Lev_Edu_IDes_45_54,F_Lev_Edu_IDes_55_64,F_Lev_Edu_IDes_65_74,F_Lev_Edu_IDes_75_84,F_Lev_Edu_IDes_85ov,F_Lev_Edu_IDes_Total,F_Lev_Edu_NS_15_24,F_Lev_Edu_NS_25_34,F_Lev_Edu_NS_35_44,F_Lev_Edu_NS_45_54,F_Lev_Edu_NS_55_64,F_Lev_Edu_NS_65_74,F_Lev_Edu_NS_75_84,F_Lev_Edu_NS_85ov,F_Lev_Edu_NS_Total,F_Tot_15_24,F_Tot_25_34,F_Tot_35_44,F_Tot_45_54,F_Tot_55_64,F_Tot_65_74,F_Tot_75_84,F_Tot_85ov,F_Tot_Total,P_PGrad_Deg_15_24,P_PGrad_Deg_25_34
SOSR101,1786,38620,41013,26984,18468,10123,3282,787,141071,413,4889,6628,5390,4556,2298,664,138,24990,26254,99586,76513,53125,38962,21760,8217,2599,327013,10690,33793,32332,28161,19496,11020,4579,1659,141720,21755,52103,50459,51220,40923,28634,15245,5057,265389,2010,2354,1895,1671,1222,810,278,85,10320,1929,4109,4712,5210,5127,4048,1795,546,27471,25693,58559,57075,58098,47266,33493,17315,5686,303187,1373,3487,3290,2871,2436,1871,962,375,16658,21654,31171,24144,20423,17030,14016,10050,5728,144223,87859,270097,240983,195062,148220,94581,45072,16977,1098857,3405,49197,39104,22585,13441,5932,1385,317,135362,1023,8497,9647,8286,7080,3493,864,193,39080,36571,126349,94004,60026,37646,18246,6559,2134,381537,14494,39495,41423,38479,27429,15562,6512,2436,185824,16050,30368,26726,24535,15778,6716,2393,1186,123751,2893,3273,4136,4125,3173,1549,450,181,19786,2603,4614,7471,9944,9170,6480,2540,1378,44203,21545,38257,38330,38601,28126,14745,5381,2748,187729,1285,3307,3342,3838,4117,3190,1637,771,21499,19764,28472,21448,19500,18579,17332,14610,12488,152185,98092,293569,247298,191317,136409,78490,36947,21091,1103214,5188,87816
SOSR102,102,2601,3282,2910,2562,1643,561,147,13816,59,602,916,962,1195,614,184,51,4578,2654,9944,8923,6719,6145,3855,1499,438,40177,1446,4796,6403,6531,5231,3351,1334,495,29584,8084,18752,18244,20095,18345,13863,7594,2429,107407,948,742,538,463,381,289,102,31,3491,473,772,948,1161,1363,1363,633,207,6924,9504,20271,19732,21723,20093,15510,8326,2668,117824,189,366,419,452,438,463,272,111,2720,4095,4021,3839,4586,4573,4865,4233,2468,32669,18047,42609,43508,43876,40239,30303,16411,6373,241371,179,3374,3695,2872,2304,1040,230,42,13743,185,1551,1854,1723,1993,862,214,50,8438,3962,15537,14114,9322,7555,4094,1491,365,56443,2824,7663,8915,9206,7709,4468,1815,554,43154,7266,11786,10468,10608,7115,2781,876,413,51306,1440,1077,1302,1285,1168,591,148,62,7067,885,1135,1774,2650,2954,2223,900,349,12869,9585,14000,13536,14543,11234,5602,1919,820,71235,194,378,447,643,933,939,463,220,4216,3944,3591,3561,4467,5345,6422,6537,5303,39180,20871,46096,46129,42776,37079,23438,12673,7353,236411,279,5980
SOSR111,0,163,259,233,198,108,36,3,1011,3,51,103,130,131,82,18,0,518,156,885,907,633,555,342,111,26,3615,124,626,758,713,619,339,131,36,3351,1281,3225,2711,2525,2186,1481,688,206,14305,134,135,74,67,41,24,4,3,486,56,91,95,130,149,116,65,17,735,1468,3456,2879,2719,2372,1627,755,226,15518,13,41,45,41,45,37,27,5,255,606,592,573,589,598,558,437,197,4159,2380,5827,5532,5054,4526,3095,1516,494,28426,13,307,318,259,193,62,21,9,1182,25,202,227,217,252,82,10,3,1013,370,1806,1557,988,798,423,152,41,6142,361,1085,1018,1053,872,449,165,48,5046,1213,2015,1648,1371,847,298,88,35,7524,253,240,202,170,146,66,20,3,1107,133,165,223,288,327,191,70,25,1419,1599,2421,2077,1826,1324,556,171,65,10048,19,61,57,89,99,83,38,23,467,565,594,506,563,669,764,740,410,4816,2957,6482,5757,5002,4207,2414,1300,589,28707,17,475
SOSR112,26,762,1124,1082,1115,863,354,86,5411,14,261,407,434,596,358,108,17,2196,706,3436,3379,2752,2804,1918,765,257,16020,363,1628,2226,2438,2335,1657,712,224,11572,4117,8888,7553,7894,7364,5588,2933,878,45213,597,449,283,277,191,135,54,11,1992,244,351,392,502,571,580,274,93,3011,4962,9684,8227,8672,8131,6299,3261,975,50224,90,174,149,149,187,214,141,45,1150,3157,3311,2791,2661,2651,2708,2057,1118,20445,9322,19250,18302,18188,17826,14015,7393,2723,107021,60,1187,1330,1196,1147,574,152,35,5686,87,684,810,870,1075,491,150,21,4185,1413,6265,5858,4271,3856,2308,1011,289,25264,1064,3040,3513,3905,3824,2474,1164,373,19361,3709,5979,4813,4860,3378,1373,402,192,24702,859,734,581,661,599,331,88,26,3883,444,567,787,1130,1376,1089,470,171,6035,5006,7275,6183,6656,5351,2795,961,390,34621,94,181,152,228,386,421,227,120,1808,2645,2134,1838,2455,2928,3430,3393,2415,21234,10367,20773,19686,19586,18568,12496,7056,3643,112168,89,1953
SOSR113,10,242,347,346,407,352,137,38,1877,11,95,155,159,285,181,64,13,961,266,1275,1225,1113,1354,1022,455,150,6855,192,812,1114,1303,1289,1086,475,159,6436,2243,5343,4982,5591,5462,4553,2581,749,31506,345,273,197,138,142,99,40,10,1239,127,239,262,294,392,411,239,66,2027,2713,5859,5448,6014,6002,5069,2859,818,34770,39,84,83,93,114,152,82,27,673,1625,1694,1473,1720,1842,2038,1776,1000,13161,4856,10057,9845,10744,11297,9884,5842,2217,64733,20,402,432,372,365,232,57,9,1893,35,272,340,379,454,224,67,13,1784,508,2502,2349,1760,1903,1178,484,143,10834,538,1578,1838,2052,2176,1417,662,199,10467,2082,3510,3054,3049,2347,935,293,122,15389,467,454,396,440,382,232,45,15,2422,223,372,427,757,902,743,284,108,3819,2766,4336,3880,4247,3632,1906,622,247,21627,39,95,98,143,243,288,170,67,1145,1378,1296,1252,1554,2070,2719,2743,2169,15172,5284,10475,10183,10509,10838,7970,4811,2846,62922,23,645
SOSR114,6,185,339,292,324,290,92,19,1556,8,82,129,186,261,161,40,11,874,205,1153,1401,1032,1205,947,372,112,6426,137,638,1017,1024,1055,933,405,113,5324,1882,4205,4138,4465,4581,3670,2004,519,25473,209,197,132,131,101,75,23,7,870,121,194,201,262,291,325,180,53,1630,2217,4593,4471,4859,4978,4066,2204,576,27974,44,62,81,74,77,108,65,25,539,1507,1260,1320,1552,1723,1919,1551,751,11586,4136,7976,8750,9006,9626,8421,4733,1617,54269,22,398,421,386,354,178,41,11,1800,29,252,348,299,430,223,57,13,1657,500,2420,2548,1772,1681,1095,457,133,10610,440,1345,1658,1769,1875,1313,559,179,9136,1566,2678,2534,2560,2031,882,226,96,12579,346,306,305,360,303,199,60,16,1897,198,292,443,617,699,613,253,62,3176,2114,3279,3280,3537,3034,1694,538,178,17649,38,63,72,108,181,221,137,55,869,1423,1146,1159,1528,1876,2299,2269,1478,13191,4571,8903,9490,9390,9426,7030,4059,2034,54907,29,581
SOSR115,13,298,452,546,591,509,161,31,2603,3,125,212,264,379,281,56,8,1328,299,1617,1867,1611,1830,1412,513,133,9292,227,991,1489,1615,1750,1426,533,136,8173,2888,6551,6369,6935,7366,5750,2828,765,39455,324,258,204,205,180,120,45,13,1344,145,261,331,371,505,502,220,74,2409,3361,7074,6906,7510,8053,6364,3089,845,43207,40,98,94,99,156,168,96,24,777,2189,1890,2026,2349,2716,2994,2210,1016,17390,6143,12092,13040,13997,15474,13164,6667,2204,82773,32,536,647,719,692,382,83,15,3105,55,362,516,608,755,387,66,20,2769,708,3445,3618,2699,2668,1739,632,222,15743,680,2109,2570,2924,3108,1929,802,248,14359,2205,4025,3682,3790,2936,1176,314,133,18263,471,537,490,516,480,283,67,10,2845,280,450,600,858,1042,873,316,124,4548,2952,5012,4774,5170,4458,2330,695,275,25655,52,95,113,193,328,321,154,69,1317,1930,1553,1732,2210,2748,3428,3038,2002,18661,6408,13113,13960,14521,14757,10516,5482,2843,81611,40,841
SOSR121,3,52,104,174,185,166,46,3,729,3,29,52,84,146,88,14,4,424,82,355,543,544,637,457,145,27,2790,45,252,408,523,530,386,149,17,2313,785,1569,1869,2250,2316,1660,696,162,11307,78,57,58,48,51,34,7,0,326,36,56,90,120,176,159,61,16,710,895,1681,2016,2415,2543,1853,760,183,12347,9,20,24,25,34,38,19,9,179,565,405,452,569,689,688,460,160,3982,1602,2793,3590,4334,4767,3688,1598,410,22771,4,119,208,176,227,110,18,0,867,3,103,136,172,239,107,19,3,779,160,781,1072,902,839,427,133,37,4351,155,532,740,897,952,548,182,38,4044,568,960,1048,1106,903,351,76,31,5037,125,102,138,134,146,74,19,7,749,77,109,184,278,318,226,55,24,1269,769,1175,1370,1522,1359,653,146,63,7056,3,21,32,52,77,105,38,11,336,517,382,458,583,774,839,577,257,4386,1620,3107,4012,4298,4464,2787,1121,410,21812,6,175
SOSR122,0,23,82,92,127,98,20,9,452,3,13,35,40,65,31,12,3,203,40,197,277,282,324,232,52,9,1427,32,128,226,284,306,218,74,21,1287,444,838,1010,1218,1344,1047,370,72,6358,50,37,37,24,31,21,12,0,211,20,32,55,85,90,70,28,3,382,518,908,1104,1329,1470,1145,404,79,6959,4,16,14,17,17,20,17,3,109,345,266,310,403,530,508,312,95,2767,942,1557,2044,2447,2846,2252,900,219,13199,4,66,101,127,111,81,14,0,502,0,51,84,76,121,62,6,0,401,75,393,568,455,483,267,81,14,2333,80,259,347,525,544,316,92,14,2184,303,514,590,624,506,193,29,17,2770,54,72,69,97,87,44,3,3,432,34,51,82,156,171,101,39,12,646,396,637,745,874,763,336,70,27,3850,7,15,14,31,50,53,12,6,186,316,246,292,403,525,491,358,149,2779,877,1670,2149,2491,2592,1616,632,213,12239,4,89
SOSR131,22,333,730,1178,1447,1259,354,69,5388,8,142,306,522,729,424,76,11,2221,631,2278,3355,3876,4476,3126,840,181,18755,396,1386,2613,3690,3600,2389,762,139,14977,4797,8598,10742,14231,13658,8880,3040,534,64472,441,302,327,374,351,207,45,8,2054,240,380,546,788,992,822,300,40,4112,5475,9276,11615,15391,15009,9909,3381,572,70635,87,113,164,235,307,289,129,21,1349,4298,3289,3825,5083,5516,4824,2506,733,30086,10925,16815,22601,29977,31080,22222,8049,1734,143408,89,764,1268,1543,1487,768,133,26,6060,48,436,890,1195,1486,643,105,16,4816,1153,5029,7098,6626,5989,3161,756,184,29986,1010,2733,4252,5907,5896,3249,894,215,24146,2885,4641,5256,6189,4375,1619,325,82,25376,639,595,801,913,820,408,77,9,4274,410,557,1018,1800,1850,1303,345,93,7380,3932,5796,7082,8908,7052,3331,747,191,37029,78,122,200,391,540,491,158,60,2040,3596,2341,3250,4647,5353,4640,2447,967,27238,9892,17221,24025,29211,27800,16284,5233,1648,131321,112,1093
SOSR179,0,0,0,0,0,0,0,0,0,0,0,0,0,0,0,0,0,0,0,3,0,0,0,3,0,0,11,0,0,0,0,3,5,0,0,13,0,0,4,6,7,18,5,0,42,0,0,0,0,0,0,0,0,0,0,0,0,0,0,0,0,0,3,0,0,4,10,7,18,5,0,41,0,0,0,0,0,0,0,0,0,3,0,0,0,3,11,6,0,26,3,11,12,11,12,34,13,3,92,0,3,0,0,4,0,0,0,4,0,0,0,0,0,0,0,0,0,0,6,3,3,9,4,0,0,25,0,4,0,3,4,8,3,0,20,0,4,0,3,8,3,0,0,22,0,0,0,0,0,3,0,0,3,0,0,0,0,4,0,0,0,11,4,4,0,3,7,4,3,0,33,0,0,0,0,0,0,0,0,0,0,3,0,3,10,14,8,0,47,8,17,6,17,29,33,12,0,122,0,3
SOSR199,6,92,43,19,14,11,4,0,193,0,13,3,12,15,7,0,0,51,91,214,89,69,55,43,5,3,574,30,70,45,39,44,53,5,0,294,108,229,179,178,200,149,16,0,1063,30,15,14,6,3,0,0,0,64,19,16,13,12,25,10,0,0,104,152,261,204,200,232,158,20,3,1231,4,11,6,7,5,4,0,0,50,253,510,509,478,331,170,51,9,2315,542,1168,909,814,700,456,87,23,4703,9,75,39,23,21,5,6,0,177,0,19,17,12,14,7,0,0,67,108,284,103,74,57,38,6,0,673,45,75,54,64,83,47,4,3,374,48,79,55,76,69,28,5,0,351,18,9,5,7,17,7,0,0,60,16,13,11,11,24,16,0,0,92,80,99,71,98,101,48,5,0,504,0,11,7,7,5,5,0,0,37,191,288,194,188,172,109,42,17,1196,440,848,485,472,448,262,64,21,3038,14,165
SOSR201,2089,34110,32202,20695,14042,8158,2569,608,114480,510,6125,7949,7276,6335,3100,750,165,32213,25688,93384,71025,47356,33125,18249,6771,2214,297807,12054,35626,30620,25714,19266,13105,5434,1862,143672,26200,59427,52563,55927,42867,28097,15981,5073,286141,2628,2326,1860,1460,915,533,199,38,9968,1831,3593,3893,4067,3717,2605,1265,447,21417,30661,65350,58314,61457,47502,31232,17441,5564,317520,1157,2851,2559,2069,1768,1443,883,335,13058,20402,27163,21269,18895,16153,14437,11230,5914,135460,92558,264606,223939,183462,138189,89726,45081,16668,1054215,3052,43210,32149,18283,11043,4917,1116,289,114061,1439,13292,14651,13035,9862,4224,1079,222,57799,35113,118723,88232,54357,33976,17135,6446,2117,356097,15671,41578,40180,36235,25212,14338,6117,2231,181553,18032,33154,28294,28046,17776,7787,2669,1123,136877,2993,3090,3361,3224,2404,1313,329,115,16827,2435,4667,6052,7265,5936,4191,1797,961,33299,23456,40918,37707,38534,26110,13294,4784,2197,187003,1150,2772,2439,2358,2322,2187,1203,601,15026,19462,25682,19561,18945,18561,19172,16644,12210,150237,99339,286168,234917,181747,127088,75266,37386,19861,1061779,5144,77319
SOSR203,51,585,552,461,352,208,57,12,2269,18,204,218,210,213,97,20,10,979,706,2101,1731,1110,973,527,189,65,7403,347,972,904,929,796,600,236,80,4866,1526,3082,2395,2522,2226,1554,854,297,14455,152,119,73,72,57,33,7,4,516,72,134,139,129,162,132,49,26,836,1749,3338,2603,2719,2445,1714,913,329,15808,29,71,69,42,55,46,37,17,371,864,763,699,799,750,757,640,372,5648,3757,8034,6777,6268,5586,3953,2093,875,37337,56,673,634,382,272,128,27,11,2182,51,461,477,433,366,155,46,11,1994,918,3139,2436,1546,1203,657,246,66,10215,518,1375,1439,1347,1170,645,286,150,6936,1275,1903,1474,1540,1050,439,130,53,7871,214,180,157,153,111,51,18,3,887,132,185,213,269,229,152,70,34,1281,1623,2270,1845,1959,1394,643,221,95,10038,32,78,42,59,67,77,50,22,433,829,732,639,788,898,987,1039,805,6725,4030,8716,7518,6515,5369,3291,1918,1154,38521,105,1255
SOSR211,35,545,637,574,465,332,99,13,2700,13,214,363,372,393,233,52,7,1653,640,2587,2316,1434,1236,805,248,70,9337,399,1504,1510,1412,1392,910,341,79,7554,2969,6225,4685,4481,4007,2759,1321,355,26806,338,234,164,124,90,50,11,5,1014,146,272,271,267,243,214,81,23,1512,3454,6730,5122,4875,4334,3020,1411,386,29335,48,102,97,97,89,109,64,17,627,1633,1505,1338,1352,1426,1401,1010,495,10152,6225,13193,11373,10131,9331,6809,3229,1074,61358,122,792,748,575,467,191,37,7,2945,75,681,809,729,631,266,69,6,3280,1119,4511,3582,2139,1773,991,372,116,14603,864,2293,2254,2175,1743,1084,420,153,10993,2376,4051,3046,2675,1928,722,180,80,15056,447,464,361,306,275,112,15,6,1988,238,433,453,437,465,272,114,48,2459,3063,4953,3858,3425,2671,1106,307,135,19505,46,100,90,103,130,132,76,42,719,1594,1470,1297,1426,1637,1821,1619,993,11852,6881,14799,12639,10569,9049,5593,2902,1458,63899,160,1338
SOSR212,22,236,311,281,242,114,29,3,1235,13,126,179,201,186,84,23,9,824,307,1360,1166,874,801,420,138,43,5103,234,811,859,904,782,525,213,56,4383,1708,3693,3046,3086,2563,1692,784,233,16790,193,127,106,58,65,25,6,7,577,82,132,157,174,160,124,56,12,903,1977,3949,3308,3318,2791,1834,845,252,18270,31,58,58,59,62,49,30,17,363,1010,994,878,1009,1037,1006,740,362,7040,3603,7529,6763,6639,5904,4029,2019,733,37220,61,372,356,253,199,69,18,3,1337,53,386,445,425,322,141,29,8,1809,643,2471,1991,1313,1063,508,220,61,8264,539,1448,1449,1420,1130,583,263,86,6930,1290,2180,1774,1707,1206,455,111,34,8762,249,268,183,180,149,77,12,5,1143,150,243,251,268,248,155,48,27,1385,1692,2691,2209,2155,1608,685,177,67,11286,30,82,73,61,65,83,34,23,451,989,971,859,992,1139,1290,1188,768,8196,4003,8417,7399,6627,5535,3357,1932,1009,38280,82,603
SOSR213,13,281,448,419,353,258,92,15,1882,15,162,251,271,350,234,48,3,1340,339,1684,1843,1307,1295,819,289,91,7671,283,1027,1304,1301,1410,1050,433,122,6923,2436,5402,4649,4862,4349,3129,1544,443,26822,209,185,140,95,80,64,22,4,798,112,219,209,206,247,242,109,44,1397,2760,5806,5006,5160,4673,3438,1675,495,29011,27,82,101,74,94,94,76,32,579,1320,1139,1225,1349,1433,1585,1239,621,9922,4752,10190,10176,9875,9618,7476,3850,1382,57325,55,540,630,406,326,185,32,7,2183,43,519,656,591,602,261,63,14,2759,678,3404,3147,2068,1809,1093,401,121,12720,647,1960,2139,2193,2006,1248,539,206,10928,1828,3271,2720,2666,1855,841,241,76,13489,334,325,299,266,248,136,31,12,1645,212,327,431,441,467,331,122,45,2364,2368,3918,3457,3367,2563,1303,386,132,17500,37,77,77,107,108,131,98,51,682,1260,1106,1113,1377,1709,2063,1901,1253,11794,5087,11521,11220,10117,9117,6285,3428,1788,58559,67,819
SOSR214,8,122,205,194,187,168,62,8,952,6,75,127,154,172,129,30,3,698,145,617,760,604,697,536,193,57,3595,108,398,565,667,670,686,280,72,3448,1115,2451,2310,2673,2544,2110,1070,347,14620,120,110,86,68,54,29,9,4,482,70,84,143,132,155,170,65,27,848,1303,2635,2540,2874,2760,2313,1148,379,15950,17,41,38,42,52,52,48,19,317,857,847,806,975,1007,1130,923,448,6985,2445,4739,5030,5506,5542,5014,2679,991,31942,16,191,269,227,250,136,32,4,1125,22,201,295,356,295,172,44,3,1389,312,1338,1482,1045,954,713,288,94,6228,288,908,1075,1123,1063,807,337,123,5732,825,1460,1340,1399,1099,558,158,58,6893,172,196,183,182,149,96,23,9,1001,85,187,227,225,276,212,75,42,1324,1083,1841,1742,1802,1526,871,251,111,9217,22,51,40,55,78,103,65,27,436,696,588,700,829,1088,1556,1367,870,7695,2442,5114,5599,5441,5261,4361,2384,1233,31824,23,315
SOSR215,18,164,311,292,351,294,90,25,1548,14,105,213,236,295,187,46,6,1100,231,994,1350,1049,1154,928,310,92,6109,185,754,976,970,1132,1014,429,114,5581,1848,4341,4151,4471,4102,3076,1448,424,23851,176,138,110,83,88,62,16,4,679,77,161,189,207,287,258,111,38,1330,2093,4645,4449,4753,4477,3392,1572,466,25856,19,47,44,72,82,118,86,25,501,1249,940,1001,1347,1597,1696,1339,637,9798,3809,7655,8336,8724,9082,7632,3877,1369,50489,32,333,454,394,382,225,40,8,1869,48,387,568,544,528,322,62,16,2467,503,2271,2484,1711,1712,1186,474,152,10493,494,1635,1707,1883,1799,1306,531,184,9544,1270,2452,2141,2147,1688,794,214,91,10787,232,298,280,254,223,151,36,13,1485,153,281,350,394,392,337,122,50,2087,1649,3032,2770,2799,2304,1280,375,149,14359,23,76,57,99,109,144,69,59,634,1167,891,1042,1319,1780,2093,1820,1196,11311,3909,8624,9092,8745,8617,6561,3365,1761,50670,48,498
SOSR221,3,29,62,80,101,124,32,3,427,8,30,60,66,92,72,9,3,338,39,208,293,270,314,283,72,20,1501,53,166,254,290,387,320,111,30,1608,456,1141,1152,1475,1453,1023,494,90,7284,46,32,27,33,37,26,3,0,202,20,43,40,63,79,96,29,7,373,523,1215,1223,1568,1569,1146,525,94,7860,9,7,21,27,25,43,17,4,152,321,245,305,400,557,612,328,166,2940,950,1907,2219,2692,3049,2597,1090,327,14832,6,62,118,106,128,69,21,0,511,13,113,139,147,159,83,19,0,676,110,531,625,509,528,354,109,29,2799,118,347,479,544,593,406,153,42,2686,325,643,610,707,530,236,58,26,3128,73,87,78,96,86,34,3,4,460,34,71,104,130,126,118,29,7,626,431,796,796,928,742,383,99,38,4213,7,15,15,21,37,45,21,15,176,302,229,317,410,596,657,445,279,3235,992,2089,2488,2662,2782,2006,861,411,14298,8,94
SOSR222,3,29,33,39,77,52,20,4,255,0,18,31,45,66,39,6,0,201,29,149,205,165,221,145,38,12,964,32,93,162,182,205,175,54,9,915,284,715,737,926,944,607,209,58,4490,32,20,19,22,14,14,4,0,125,12,33,27,47,58,47,13,0,233,333,765,783,995,1021,678,228,58,4849,9,10,8,19,21,10,6,0,82,238,178,208,315,346,341,184,88,1910,638,1240,1428,1764,1957,1440,529,175,9175,10,43,67,71,95,33,5,0,320,14,57,98,96,103,39,14,3,415,71,346,396,343,335,205,53,12,1769,64,237,310,335,340,207,69,29,1596,186,376,385,452,333,150,20,12,1910,31,43,54,51,65,19,3,0,271,23,44,52,78,94,61,7,3,369,242,466,490,584,484,228,35,10,2548,0,10,18,10,27,19,13,9,113,239,181,221,315,341,368,238,132,2032,645,1331,1604,1744,1740,1105,430,195,8784,9,67
SOSR231,29,253,502,704,879,708,223,32,3332,12,150,320,505,697,395,74,12,2168,484,1695,2475,2587,3041,2064,509,98,12940,461,1285,1990,2665,2947,2263,565,110,12284,3846,6692,8413,11585,10116,5951,1997,384,48998,307,204,193,193,223,116,22,5,1261,135,246,360,498,562,467,134,22,2421,4282,7144,8974,12279,10897,6533,2152,416,52678,51,68,122,176,217,211,85,14,948,3000,2745,3151,3865,3977,3583,1727,485,22535,8322,13344,17535,22774,22664,15765,5333,1158,106892,74,564,909,1029,1034,500,79,7,4189,68,633,1028,1253,1384,578,85,5,5034,954,3756,5240,4601,4423,2249,520,115,21858,900,2395,3434,4520,4094,2399,599,144,18487,2071,3433,3652,4446,3224,1220,205,80,18325,426,424,505,573,483,187,25,14,2635,284,398,643,849,865,549,116,32,3737,2778,4255,4800,5862,4568,1954,353,128,24699,44,80,135,193,257,276,74,31,1083,2507,1538,2127,3178,3759,3364,1646,569,18695,7326,13213,17672,20637,19520,11318,3356,1002,94049,101,820
SOSR279,0,0,0,0,0,0,0,0,0,0,0,0,0,0,0,0,0,0,0,0,0,3,0,0,0,0,3,0,0,0,0,0,0,0,0,0,0,0,3,6,3,0,0,0,12,0,0,0,0,0,0,0,0,0,0,0,0,0,0,0,0,0,0,0,0,3,6,3,0,0,0,12,0,0,0,0,0,0,0,0,0,0,0,0,0,3,0,0,0,3,0,4,3,5,10,0,0,0,20,0,0,0,0,0,0,0,0,0,0,0,0,0,0,0,0,0,0,0,0,0,0,0,0,0,0,0,0,0,0,0,0,0,0,0,0,0,0,0,0,0,0,0,0,0,0,0,0,0,0,0,0,0,0,0,0,0,0,0,0,0,0,0,0,0,0,0,0,0,0,0,0,0,0,0,0,0,0,0,0,0,0,0,0,0,0,0,0,0,0,0,0,0,0,0,0,0,0,0,0,0
SOSR299,5,63,27,14,17,4,0,0,133,0,10,14,5,4,0,0,0,30,33,162,60,39,31,18,3,0,344,24,61,36,30,30,13,9,0,190,52,141,110,90,81,45,11,0,540,10,6,5,3,0,0,0,0,25,7,11,12,7,3,6,0,0,45,71,157,128,105,85,56,13,0,602,0,3,6,3,0,3,0,0,20,167,320,352,254,151,75,19,3,1335,297,769,620,444,313,166,39,3,2654,9,51,30,9,3,9,0,0,106,0,26,4,12,11,3,0,0,60,91,204,63,40,39,21,3,0,449,42,61,40,33,23,15,0,0,219,55,70,44,36,30,7,0,0,242,12,8,6,3,3,0,0,0,36,3,16,10,6,12,3,0,0,52,70,100,59,44,41,12,3,0,327,3,5,5,0,0,3,0,0,16,142,200,148,89,85,45,16,10,742,348,640,356,230,211,95,23,16,1920,11,115
SOSR301,485,10266,12242,9530,6564,3624,1153,274,44132,297,2539,3283,3300,2469,1079,292,56,13313,10106,34711,29099,20678,13744,7987,2710,698,119732,5687,13016,14075,13724,10302,6058,2132,582,65575,18618,37760,32953,31275,25483,17240,8233,2366,173937,3102,1585,1085,709,452,286,98,20,7331,1324,1998,2188,1896,1822,1440,662,210,11548,23042,41345,36228,33886,27755,18973,8993,2594,192817,568,1162,1102,943,779,727,450,147,5868,10841,13062,10912,9990,8218,6904,4987,2767,67679,51029,116095,106934,92048,69836,45348,20714,7117,509123,761,13310,12231,8294,5070,2088,414,100,42268,698,5143,6044,5362,3769,1639,444,81,23176,14897,48608,39653,25126,15433,7847,2589,816,154953,8610,18783,19233,18051,12372,6534,2531,799,86910,15875,22152,18245,16727,11202,4189,994,383,89772,3496,2299,1777,1592,1234,671,135,61,11272,1745,2644,3332,3561,3290,2035,696,319,17630,21115,27093,23358,21886,15730,6897,1826,759,118677,532,1053,971,1141,1144,977,511,234,6564,9831,11607,9157,9006,8414,8122,7266,6211,69612,56455,125589,110644,88862,61925,34106,15574,8998,502158,1251,23574
SOSR302,132,1548,1726,1435,1050,706,244,36,6876,75,396,467,503,464,251,80,11,2253,1854,5935,5284,3828,3011,2186,801,229,23140,1488,3207,3804,3664,2800,1974,747,209,17903,4773,10267,10652,10352,8263,6584,3183,842,54914,605,326,251,172,142,92,44,10,1644,316,553,660,651,560,591,294,80,3703,5688,11153,11567,11172,8969,7264,3520,928,60258,120,255,290,263,269,274,167,65,1709,3172,3595,3228,3212,2911,2789,1974,1070,21951,12529,26085,26372,24074,19478,15451,7528,2550,134077,186,2164,2049,1398,1009,440,80,25,7360,159,921,1039,919,770,345,82,18,4253,3007,9489,8312,5279,3624,2008,690,181,32586,2583,5681,6190,5812,4159,2293,773,229,27719,4205,5806,5578,5301,3623,1772,455,172,26913,750,497,531,447,433,239,56,12,2970,533,785,1156,1181,1132,902,356,112,6155,5483,7087,7269,6928,5189,2908,864,302,36027,136,248,325,368,428,434,233,94,2253,3125,3531,3066,3271,3293,3303,2678,2145,24413,14672,29129,28246,23979,18473,11737,5404,2992,134625,321,3714
SOSR303,51,1154,1736,1689,1463,1020,410,57,7582,44,435,631,803,689,426,116,16,3154,1495,5911,5794,4806,3793,2723,1003,263,25791,817,2863,4071,4500,3670,2459,989,285,19655,6450,13753,12690,12745,11146,7655,3616,1013,69059,1119,533,347,256,180,119,65,8,2622,360,576,613,677,746,628,308,88,4000,7932,14854,13646,13679,12072,8398,3996,1112,75680,106,252,277,270,277,275,191,73,1715,4322,4388,3947,4103,3600,3247,2289,1139,27047,14766,29869,30104,29838,25565,18546,8996,2940,160623,101,1712,2132,1938,1416,625,127,18,8069,167,1140,1441,1551,1207,568,159,21,6243,2786,10779,9999,7418,5192,2872,1018,301,40363,1781,5234,6282,6398,4812,2812,1137,321,28778,5701,7859,6952,6710,4651,1856,444,161,34337,1313,812,662,568,500,267,59,19,4205,613,874,1043,1275,1179,896,341,117,6330,7629,9546,8661,8553,6335,3018,847,290,44879,131,250,289,363,363,391,255,81,2124,3709,3602,3461,3785,3759,3831,3286,2458,27898,16303,32264,32271,30008,23075,14114,6829,3492,158359,152,2872
SOSR311,13,266,351,335,285,158,33,5,1458,14,99,171,200,208,117,23,6,839,297,1523,1350,1114,938,535,195,46,5990,146,678,987,1145,1124,697,256,70,5084,2464,5450,4688,4916,4558,3312,1726,402,27525,454,221,170,96,61,49,12,4,1064,148,222,205,228,230,188,134,29,1384,3071,5895,5061,5240,4853,3547,1871,434,29974,40,74,82,106,93,110,67,23,591,1285,1519,1483,1745,1648,1458,1200,561,10905,4859,10053,9485,9882,9135,6623,3658,1142,54833,26,313,387,342,248,107,27,4,1460,55,313,383,423,307,118,39,0,1645,733,2966,2651,1938,1399,685,286,88,10745,407,1419,1618,1755,1436,758,320,80,7798,1990,3063,2533,2431,1778,696,175,43,12714,580,395,280,240,158,88,31,3,1769,192,313,367,413,368,274,101,34,2070,2754,3775,3184,3080,2310,1063,303,75,16547,46,80,73,91,118,110,61,36,613,1220,1132,1117,1337,1421,1664,1639,1025,10557,5254,9992,9409,8968,7243,4503,2685,1314,49377,44,579
SOSR312,4,59,87,68,60,22,5,4,308,3,21,47,50,52,14,4,0,190,65,333,342,248,195,106,29,8,1331,30,148,251,314,239,158,47,14,1199,692,1473,1337,1240,1080,678,335,79,6914,121,81,32,36,18,9,3,0,294,40,49,64,53,56,46,21,3,320,856,1602,1430,1324,1156,733,355,85,7533,12,32,36,27,30,23,8,0,165,326,347,389,390,348,272,222,80,2362,1287,2533,2578,2418,2079,1328,678,188,13090,0,88,110,54,37,12,0,0,314,8,59,68,84,58,32,4,0,310,153,681,530,352,232,129,58,5,2137,84,310,328,375,313,143,51,13,1617,534,840,642,581,361,123,29,0,3101,160,139,70,69,35,14,0,0,491,39,61,86,90,78,54,17,0,425,725,1040,801,739,476,188,46,0,4021,11,19,16,20,25,21,15,4,133,311,324,301,299,331,341,271,126,2310,1291,2525,2154,1921,1473,861,453,162,10847,5,151
SOSR313,6,132,202,200,195,134,49,13,928,8,84,108,125,142,68,24,5,554,178,894,848,691,598,449,158,39,3850,127,425,669,781,690,533,228,56,3506,1611,3656,3307,3164,2866,2152,1003,235,17993,325,167,99,68,49,32,8,0,757,77,149,142,144,142,151,85,24,906,2023,3971,3545,3376,3059,2334,1094,255,19662,28,43,64,57,42,51,51,18,352,1013,1019,997,1041,984,989,747,375,7164,3376,6570,6432,6271,5703,4559,2355,755,36023,16,235,267,242,210,90,24,0,1093,39,217,288,275,222,100,32,3,1178,489,1893,1647,1269,942,586,240,67,7118,295,919,1177,1242,1038,672,272,74,5685,1322,2117,1748,1641,1210,487,113,24,8663,370,286,194,151,153,79,24,7,1264,129,220,256,287,263,186,83,24,1461,1821,2622,2202,2083,1621,749,217,58,11388,21,40,50,60,66,86,51,12,398,895,868,805,945,986,1061,992,797,7357,3579,6804,6440,6108,5091,3348,1835,1007,34209,27,369
SOSR314,3,134,225,219,184,136,46,4,966,15,76,105,127,109,59,23,3,524,171,989,901,718,592,382,127,37,3916,152,584,787,878,669,428,163,45,3702,1541,3599,3446,3237,2703,1805,808,152,17292,257,120,104,80,49,29,9,4,651,87,132,156,156,169,122,55,15,893,1884,3857,3702,3478,2916,1961,873,170,18832,37,65,66,54,47,64,44,15,386,1143,1265,1094,1113,1044,1011,673,246,7593,3406,6964,6875,6593,5568,4042,1953,517,35911,31,248,252,216,157,79,15,6,1004,33,214,265,216,183,82,26,0,1028,487,2092,1861,1148,850,507,180,52,7181,330,1053,1231,1245,906,514,203,68,5548,1178,2032,1762,1552,1022,385,94,29,8045,348,224,206,158,118,55,9,7,1128,143,237,292,297,238,164,51,17,1437,1663,2501,2264,2000,1387,600,157,48,10615,33,69,48,63,53,67,38,11,396,1033,1129,998,1008,1090,1043,832,429,7562,3613,7308,6926,5901,4624,2888,1452,608,33319,33,381
SOSR315,3,137,233,242,252,216,69,11,1169,6,92,121,150,173,120,28,0,698,220,1021,1189,875,814,587,201,36,4945,197,664,1076,1246,1122,830,272,55,5467,2259,5305,5237,5127,4852,3434,1409,263,27889,387,237,174,132,93,66,22,0,1103,153,207,295,290,291,225,115,20,1603,2798,5752,5708,5550,5241,3720,1537,291,30592,34,68,69,78,104,104,48,7,519,2021,2340,2123,2017,2017,1791,1186,460,13950,5280,10077,10523,10157,9718,7370,3353,863,57339,9,255,384,357,282,182,30,9,1501,41,287,366,330,297,167,39,3,1523,624,2462,2201,1573,1346,861,270,65,9400,496,1620,1801,1967,1659,958,325,76,8900,1794,3008,2676,2538,1882,709,118,43,12771,514,408,320,285,194,112,20,3,1862,239,335,484,441,432,293,89,22,2330,2549,3746,3477,3265,2506,1120,228,72,16964,39,76,72,89,111,143,54,18,595,1691,1598,1389,1608,1761,1863,1333,781,12021,5450,10045,9677,9187,7959,5294,2274,1019,50902,13,393
SOSR321,0,35,81,109,115,105,26,4,484,6,17,63,82,85,55,16,0,334,79,284,437,380,389,290,97,18,1969,69,216,356,561,549,365,102,16,2240,776,1763,1985,2226,2274,1662,554,93,11339,139,64,70,60,46,33,3,0,421,44,71,88,127,152,111,50,6,649,962,1899,2144,2413,2472,1809,610,96,12409,17,19,39,40,51,44,32,5,243,791,722,830,875,858,862,414,140,5504,1926,3192,3958,4459,4518,3529,1307,287,23175,4,76,135,170,145,70,14,0,624,17,85,125,152,163,67,24,0,633,201,801,936,762,680,404,119,17,3924,164,441,714,847,819,412,132,22,3555,637,1051,1011,1079,821,297,59,6,4954,183,159,125,124,89,41,7,0,727,86,108,184,204,191,117,29,7,936,903,1325,1319,1407,1100,453,97,13,6612,16,16,41,50,56,54,22,6,261,676,468,552,706,753,818,467,178,4618,1985,3218,3827,4102,3723,2276,871,245,20236,10,114
SOSR322,0,15,32,25,42,45,12,0,171,0,7,13,26,21,19,7,0,100,25,112,160,140,173,118,44,3,772,14,60,156,192,211,143,43,9,824,335,727,818,928,1084,880,306,45,5122,67,67,41,41,25,22,4,0,262,23,27,42,53,49,47,11,10,265,427,826,898,1022,1159,946,319,54,5649,4,4,17,16,18,21,10,0,95,383,314,306,432,447,517,272,62,2732,850,1344,1586,1855,2069,1802,696,130,10346,3,21,65,50,71,27,4,0,234,5,33,43,62,59,37,7,0,253,74,291,316,255,291,187,48,7,1469,54,195,259,379,345,182,44,4,1458,266,433,416,476,396,143,15,4,2150,97,94,71,60,49,28,3,0,408,27,47,67,76,92,62,17,10,395,389,580,559,607,536,236,33,18,2959,9,13,12,16,22,27,13,0,102,361,251,254,360,398,402,251,66,2341,885,1371,1502,1726,1723,1094,400,95,8812,3,37
SOSR331,9,202,444,691,686,601,143,27,2797,11,88,211,353,426,205,41,0,1336,413,1412,2221,2300,2226,1439,415,67,10491,280,913,1958,2649,2491,1547,421,68,10328,3835,7602,9304,10927,10416,6526,1989,305,50902,589,295,240,270,187,104,15,4,1698,187,293,429,674,658,531,167,21,2956,4609,8189,9972,11870,11255,7161,2179,331,55566,63,102,135,186,214,191,94,13,995,3394,3334,3611,4418,4360,3718,1747,413,25000,8780,14236,18556,22469,21657,14854,5036,922,106510,16,343,758,915,754,327,51,12,3181,52,335,635,886,800,312,49,11,3089,897,3649,4953,4185,3459,1794,473,71,19472,755,2053,3219,4355,3569,1838,517,92,16387,2718,3868,4325,4580,3317,1184,160,46,20190,738,528,480,523,440,192,38,10,2954,332,437,758,970,887,525,118,26,4061,3795,4839,5565,6069,4644,1901,315,75,27200,56,91,106,225,232,230,83,18,1043,2536,1972,2698,3595,3656,3050,1446,430,19380,8110,13280,17924,20231,17111,9453,2932,708,89753,23,544
SOSR379,0,0,0,0,0,0,0,0,0,0,0,0,0,0,0,0,0,0,0,0,0,0,0,0,0,0,0,0,0,0,0,0,4,0,0,3,0,0,3,6,0,0,4,0,11,0,0,0,0,0,0,0,0,0,0,0,0,0,0,0,0,0,0,3,0,3,6,0,0,4,0,13,0,0,0,0,0,0,0,0,0,3,0,0,0,0,4,0,0,9,3,3,8,3,3,10,5,0,33,0,0,0,0,0,0,0,0,0,0,0,0,0,0,0,0,0,0,0,3,0,0,3,0,0,0,3,0,3,0,0,3,0,0,0,7,0,0,0,0,0,0,0,0,6,0,0,0,0,0,0,0,0,3,0,0,0,0,0,0,0,0,0,3,0,0,0,0,0,0,0,12,0,0,0,0,0,0,0,0,0,0,0,0,0,4,3,0,3,16,5,6,3,8,9,3,4,3,41,0,0
SOSR399,5,54,23,20,23,17,4,0,143,3,12,4,4,14,6,0,0,48,66,172,46,49,47,56,8,0,448,30,48,49,45,80,61,8,0,327,91,244,189,212,292,299,53,3,1395,11,11,12,4,5,3,0,0,48,14,16,11,5,27,21,3,0,95,114,271,207,226,324,320,58,3,1534,8,7,11,8,9,8,3,0,55,165,357,337,292,269,194,52,9,1669,391,925,669,647,771,673,135,14,4223,7,54,18,23,18,10,0,0,123,3,10,9,10,21,12,0,0,71,126,283,80,55,79,58,9,3,701,64,72,48,64,133,64,7,0,452,62,94,71,100,120,58,3,0,508,13,8,10,8,19,11,0,0,67,9,24,14,14,30,19,3,0,112,82,127,86,124,175,84,7,0,683,12,14,4,6,9,13,3,0,58,164,230,136,153,214,145,46,9,1099,452,785,391,435,655,377,77,11,3183,10,106
SOSR401,243,5401,5906,4182,3287,2142,843,223,22223,101,1125,1542,1619,1554,877,222,46,7082,4635,17310,14528,9950,8231,5513,1844,705,62722,1805,6607,7245,7623,6519,4689,1689,564,36738,8522,19432,16816,18569,16069,11729,6626,2180,99939,1539,1300,869,611,431,254,86,27,5120,585,997,1181,1321,1372,1189,571,199,7414,10639,21734,18868,20502,17879,13172,7281,2403,112467,291,674,654,600,583,539,344,147,3838,4799,5548,4933,5085,4681,4205,3404,2028,34693,22509,58398,53671,49561,42737,31141,15624,6118,279761,386,7127,5948,3784,2709,1409,318,60,21741,278,2266,2886,2634,2534,1293,292,61,12249,6906,24980,19560,12611,9700,5329,1935,744,81776,2521,8401,9343,10204,8776,4928,1817,778,46773,7381,12695,10105,10069,7031,3056,993,423,51758,1785,1808,1438,1176,893,413,117,31,7659,792,1419,2031,2171,2026,1454,595,310,10796,9950,15919,13569,13416,9951,4932,1702,770,70215,282,616,575,683,677,723,421,231,4205,4466,4862,4166,4637,4916,5637,5283,4177,38134,24793,64173,56054,47967,39266,24246,11778,6823,275092,630,12527
SOSR412,6,68,95,101,79,27,18,0,393,0,22,41,43,59,35,7,3,220,71,345,412,319,243,152,37,14,1589,46,157,286,404,358,207,62,21,1555,750,1612,1403,1605,1356,935,526,151,8337,149,124,56,54,28,19,7,0,427,32,66,77,79,72,75,29,6,449,938,1798,1531,1736,1456,1027,562,156,9211,14,26,35,32,25,25,15,3,177,374,310,324,409,415,351,310,156,2652,1454,2724,2722,3041,2633,1831,1019,361,15789,14,116,124,90,59,18,6,0,424,12,75,85,111,88,40,15,0,422,210,815,661,466,357,195,71,23,2797,119,406,557,669,484,242,87,33,2603,657,1076,846,902,535,215,66,14,4321,159,227,140,110,71,35,8,3,741,71,112,122,163,135,77,34,11,730,883,1419,1107,1177,741,325,106,35,5787,15,28,22,35,40,33,19,7,201,313,310,269,408,400,490,481,255,2922,1571,3152,2822,2950,2165,1353,778,354,15150,16,182
SOSR413,10,99,200,260,189,205,61,14,1032,0,39,96,118,142,113,26,3,525,138,599,720,651,597,481,152,45,3388,53,287,437,549,594,504,217,49,2688,819,1765,1631,1799,1688,1375,707,218,10001,166,145,114,56,36,47,10,4,571,51,116,99,117,122,143,81,19,755,1034,2028,1839,1979,1842,1569,791,240,11323,27,51,44,49,59,63,33,14,333,662,814,724,664,621,618,470,213,4794,1921,3914,4058,4265,4050,3541,1754,583,24084,11,182,276,237,214,122,16,9,1058,18,119,200,204,257,136,24,4,967,284,1124,1236,928,811,570,183,64,5204,151,467,655,846,854,590,184,63,3812,715,1191,1043,1013,770,375,107,32,5248,198,213,172,106,107,58,11,7,879,78,120,180,199,219,180,70,21,1061,999,1522,1400,1322,1098,615,186,54,7187,13,43,47,46,47,59,47,18,329,518,422,437,513,608,760,665,414,4334,1993,3880,4242,4100,3888,2850,1307,632,22902,16,282
SOSR414,0,11,12,20,21,38,11,3,113,0,5,7,18,25,22,3,0,88,11,98,93,92,116,108,37,13,575,12,69,87,108,118,179,63,12,650,171,469,378,362,419,413,240,64,2515,21,29,19,12,18,6,6,0,113,13,23,33,43,36,52,20,6,225,209,515,430,422,475,468,257,71,2851,0,4,11,12,23,14,16,6,87,102,101,104,108,121,184,158,82,965,338,811,749,768,907,1011,551,197,5327,3,30,30,21,35,17,7,0,145,0,21,25,36,45,30,11,0,158,38,217,208,138,164,171,71,13,1022,25,117,155,190,222,196,68,16,985,173,296,257,258,212,132,31,11,1375,41,42,45,35,21,23,3,0,211,19,31,54,55,59,48,17,9,296,231,381,357,348,296,205,53,18,1881,0,11,5,6,10,22,9,7,79,97,84,61,103,139,205,181,154,1032,394,858,839,849,909,837,392,217,5293,0,42
SOSR415,6,87,130,128,114,72,30,11,566,3,40,55,67,101,51,20,0,336,108,526,619,463,435,351,106,23,2630,54,285,432,547,539,401,142,49,2444,937,2068,1913,2103,1955,1492,732,204,11400,135,123,91,69,57,34,11,0,515,58,107,123,125,162,178,62,16,834,1131,2292,2127,2297,2176,1697,803,219,12745,21,25,46,43,73,55,35,21,314,549,466,498,666,739,781,607,359,4672,1861,3725,3911,4207,4176,3412,1738,678,23704,14,152,162,127,115,69,8,0,656,15,119,167,172,199,84,17,3,783,268,1165,1046,739,692,416,151,51,4526,143,602,765,949,887,533,189,60,4126,744,1257,1168,1139,828,403,85,31,5662,171,209,166,148,110,62,21,10,890,105,144,222,227,200,148,55,24,1131,1022,1607,1562,1519,1137,618,156,67,7689,12,28,41,34,43,58,42,25,278,539,418,450,572,703,854,824,673,5023,2019,4093,4190,4107,3773,2630,1389,880,23085,19,233
SOSR421,0,15,23,36,42,32,13,3,157,3,9,15,34,41,24,5,0,137,34,135,152,121,127,107,27,12,712,17,91,106,160,201,139,41,15,771,259,641,620,707,708,474,189,44,3651,44,36,18,17,18,10,0,0,146,12,29,37,36,59,42,20,7,240,314,708,681,759,786,530,213,53,4035,0,7,3,9,11,13,4,8,54,168,149,146,195,236,252,174,86,1413,535,1107,1133,1322,1444,1094,471,173,7288,4,31,42,35,48,12,3,0,182,6,24,44,52,68,33,10,0,236,65,326,327,223,228,147,61,11,1386,57,157,229,299,299,185,58,24,1308,171,362,363,391,278,136,19,7,1727,56,59,56,39,24,20,9,3,260,23,43,64,72,70,44,15,3,328,251,463,484,497,371,201,36,15,2311,3,9,7,12,15,12,8,6,77,153,134,133,169,225,249,197,201,1454,534,1154,1255,1296,1264,825,372,258,6957,8,44
SOSR422,0,12,16,13,27,13,5,0,80,0,3,7,15,28,6,0,0,57,10,69,51,46,74,57,14,0,315,5,31,62,69,92,81,22,6,364,155,354,355,432,469,393,145,27,2325,24,21,17,13,13,4,0,0,97,10,16,18,28,48,41,7,5,171,189,387,392,477,527,434,153,33,2589,0,3,11,6,9,20,3,0,59,126,111,124,160,168,204,106,35,1031,328,618,660,787,919,812,296,74,4492,3,19,14,17,25,6,0,0,90,0,21,17,28,33,20,7,0,120,48,150,134,122,147,78,23,3,706,19,99,100,180,178,84,27,7,690,84,225,199,210,191,67,19,9,1008,33,31,40,27,14,15,4,0,163,12,19,32,42,47,27,6,3,190,128,280,270,281,252,106,34,10,1359,3,0,12,12,13,15,9,5,66,120,100,107,155,165,180,106,64,985,321,666,653,785,808,491,197,90,4017,3,29
SOSR431,5,62,142,198,286,217,59,11,977,0,31,68,124,190,91,13,6,530,173,572,765,798,857,616,144,28,3954,101,301,631,892,944,630,132,27,3659,1191,2252,2682,3364,3223,1962,636,108,15412,158,156,109,104,94,55,10,4,686,76,107,187,281,262,178,51,10,1145,1427,2516,2975,3747,3582,2191,695,123,17247,10,36,62,78,90,80,20,9,387,979,858,1037,1335,1383,1084,434,111,7230,2694,4374,5681,7173,7319,4924,1499,310,33980,11,150,253,277,273,121,25,3,1103,15,115,205,345,355,148,23,4,1206,339,1285,1710,1336,1324,683,162,25,6861,189,620,1006,1534,1500,764,144,23,5777,763,1180,1342,1648,1162,388,76,19,6575,203,220,228,204,169,77,13,3,1120,101,132,312,333,299,190,41,8,1425,1071,1525,1879,2192,1623,653,133,33,9119,10,29,38,70,75,82,26,11,332,756,470,656,981,1163,916,412,144,5499,2391,4193,5744,6732,6310,3375,925,236,29900,17,209
SOSR479,0,0,0,0,0,0,0,0,0,0,0,0,0,0,0,0,0,0,0,0,0,0,0,0,0,0,0,0,0,0,0,0,0,0,0,0,0,0,0,0,0,0,0,0,0,0,0,0,0,0,0,0,0,0,0,0,0,0,0,0,0,0,0,0,0,0,0,0,0,0,0,0,0,0,0,0,0,0,0,0,0,0,0,0,0,0,0,0,0,0,0,0,0,0,0,0,0,0,3,0,0,0,0,0,0,0,0,0,0,0,0,0,0,0,0,0,0,0,0,0,0,0,0,0,0,0,0,0,0,0,0,0,0,0,0,0,0,0,0,0,0,0,0,0,0,0,0,0,0,0,0,0,0,0,0,0,0,0,0,0,0,0,0,0,0,0,0,0,0,0,0,0,0,0,0,0,0,0,0,0,0,0,0,0,0,0,0,0,0,0,0,0,0,0,0,0,0,0,0,0
SOSR499,0,9,8,5,10,0,0,0,38,0,4,0,3,0,3,0,0,7,17,46,11,11,12,6,0,0,99,11,9,11,14,4,13,3,0,65,23,75,38,51,52,55,12,5,305,7,9,4,0,0,0,0,0,16,0,7,4,3,4,0,0,0,22,29,88,50,50,59,54,12,5,345,3,4,0,3,3,3,0,0,16,54,77,90,106,69,33,4,4,428,114,236,165,190,151,111,20,11,994,0,14,6,0,3,0,0,0,26,0,3,3,0,3,0,0,0,17,10,48,21,15,9,7,0,0,111,4,19,14,24,11,7,0,0,82,13,25,11,23,23,9,0,0,102,6,0,0,4,0,0,0,0,11,3,3,0,13,9,3,0,0,28,23,28,14,34,33,9,0,0,137,0,5,0,0,4,0,0,0,14,36,44,41,48,28,19,6,0,219,72,153,92,129,92,47,10,4,604,0,23
SOSR501,372,8343,10239,7732,5359,3169,1061,239,36523,212,2220,2764,2849,2195,1067,251,55,11610,8279,32021,26589,19274,13545,7842,2702,790,111043,4110,13184,13060,12271,9986,6914,2800,730,63043,15647,36816,30887,31722,25931,17158,8743,2182,169100,2591,1500,943,685,446,250,64,27,6499,881,1729,1897,1999,1749,1409,750,199,10609,19120,40044,33731,34407,28128,18821,9550,2410,186211,463,1217,1220,1055,853,786,394,139,6131,9217,13783,10983,9942,8230,6903,5265,2813,67131,41773,110807,98589,87531,68287,45496,22027,7179,481685,577,10559,9728,6281,3780,1645,384,79,33037,573,4714,5293,4767,3514,1303,363,84,20608,12181,45487,35126,22894,14479,7597,2991,801,141561,5790,16298,16867,16563,12824,6997,2889,912,79135,11769,19627,15345,14126,9174,3871,1220,468,75605,2919,2277,1892,1636,1277,720,232,80,11039,1317,2615,3745,4067,3590,2529,1021,406,19288,16000,24522,20981,19836,14047,7122,2477,951,105935,492,1279,1124,1239,1268,1164,623,266,7456,8495,11594,9115,8941,9018,8933,8467,6478,71044,44109,114457,98232,80524,58930,34761,18196,9571,458776,952,18901
SOSR511,3,60,133,110,91,59,12,3,469,0,39,70,79,76,27,8,0,297,60,432,504,394,390,175,71,11,2034,74,264,370,435,346,234,61,17,1802,799,1737,1625,1559,1251,788,294,73,8119,167,65,35,41,16,14,0,0,329,44,69,82,79,68,76,22,6,448,1001,1871,1738,1670,1336,873,321,76,8892,6,41,49,26,23,31,14,9,203,389,500,500,499,403,356,252,108,3013,1533,3203,3357,3206,2662,1757,750,235,16708,3,104,126,108,82,35,10,0,467,20,110,152,138,92,34,4,0,556,143,814,922,662,473,221,108,22,3365,129,527,524,578,510,239,93,30,2625,647,1052,903,755,527,200,48,28,4151,231,154,111,83,57,25,3,0,671,76,105,158,196,186,89,32,7,845,955,1312,1173,1033,776,313,78,38,5669,12,39,27,30,37,31,24,3,209,328,372,375,412,407,439,356,223,2907,1589,3273,3299,2955,2374,1319,675,315,15793,9,170
SOSR512,0,143,201,151,135,87,26,3,752,7,61,92,94,90,55,10,0,412,112,659,687,598,444,263,73,29,2880,91,412,540,626,568,340,143,35,2746,1343,2739,2523,2458,2091,1273,553,137,13113,252,111,74,78,52,23,9,0,603,51,93,138,128,109,103,57,10,689,1647,2945,2736,2658,2259,1396,618,154,14408,19,36,52,44,43,43,27,15,283,776,969,888,912,822,642,481,262,5742,2655,5227,5194,5087,4352,2824,1384,502,27224,9,177,198,161,127,52,4,0,731,22,185,233,215,179,72,12,3,921,244,1325,1320,937,666,387,173,42,5101,250,750,920,914,796,430,178,48,4286,875,1459,1269,1245,734,288,79,26,5966,334,210,166,133,96,63,24,0,1031,121,166,230,234,234,152,56,16,1209,1329,1836,1670,1607,1063,499,164,41,8208,21,36,51,59,59,70,56,17,370,704,692,655,730,781,734,683,426,5408,2572,5005,5056,4625,3667,2248,1272,574,25020,12,324
SOSR513,0,97,126,76,43,17,7,0,366,6,50,65,49,27,4,4,0,199,69,520,451,301,181,68,15,9,1598,39,312,397,293,210,68,19,4,1340,514,1908,1616,1291,856,278,79,13,6550,80,76,41,37,16,11,0,0,263,28,82,91,70,52,21,9,0,352,628,2063,1745,1392,921,306,89,17,7168,10,22,22,25,19,9,0,3,112,506,833,740,659,460,250,99,42,3589,1254,3908,3543,2783,1864,724,229,69,14374,3,148,141,78,62,17,5,0,442,14,144,141,87,59,14,0,0,461,167,1062,780,411,237,93,26,3,2778,91,570,509,400,274,90,26,4,1964,366,764,557,390,212,40,11,3,2349,144,140,116,59,32,12,0,0,505,40,111,130,114,71,23,13,3,502,548,1013,803,568,316,68,20,7,3359,7,36,26,21,20,15,7,0,127,470,747,569,544,399,226,134,69,3161,1305,3714,2967,2107,1365,528,215,92,12293,3,246
SOSR514,0,27,41,40,38,37,11,0,188,3,8,35,23,19,9,3,0,103,28,225,262,165,155,101,39,10,991,24,150,190,179,141,111,48,3,850,306,818,919,749,554,388,174,26,3940,59,38,27,15,10,3,3,0,150,15,34,41,47,40,29,11,4,231,377,885,990,811,606,421,190,39,4324,7,12,16,19,11,13,4,5,86,208,256,262,249,241,212,159,81,1670,650,1567,1792,1486,1205,908,466,138,8199,5,54,61,28,31,20,0,0,201,3,52,69,42,46,20,0,0,239,61,459,495,264,200,134,51,8,1668,73,276,321,255,222,138,48,11,1345,241,508,426,329,185,86,20,6,1799,74,82,62,34,38,19,3,0,312,41,73,82,87,69,51,8,7,409,351,661,569,452,290,155,30,15,2520,6,25,11,6,33,11,11,3,104,230,243,241,236,243,254,210,152,1813,740,1764,1774,1283,1063,729,354,194,7892,5,82
SOSR515,4,54,94,84,79,47,16,4,378,4,36,60,59,45,27,7,0,230,82,439,477,337,297,184,56,16,1891,75,244,349,381,321,205,98,23,1697,802,2012,1898,1866,1571,930,420,92,9589,163,91,67,58,48,15,0,0,445,52,89,103,96,109,90,35,12,584,1016,2197,2064,2015,1732,1033,455,106,10626,17,20,27,28,30,31,12,3,170,704,868,797,826,778,609,390,144,5124,1908,3865,3871,3733,3273,2141,1032,292,20120,5,115,114,72,71,33,4,0,403,25,134,180,111,116,46,7,0,617,169,993,878,580,439,243,99,28,3433,141,501,581,561,514,302,130,42,2781,573,1022,893,742,513,213,48,11,4019,232,199,144,109,86,34,7,4,817,69,130,195,153,153,99,33,15,846,875,1349,1228,1008,750,348,83,31,5673,13,48,28,40,38,32,20,3,227,635,741,680,768,745,711,535,268,5079,1865,3883,3691,3130,2672,1720,883,375,18211,8,172
SOSR521,0,12,33,29,35,18,6,0,136,3,21,22,31,41,9,8,0,135,31,183,168,151,143,71,28,9,777,32,112,159,169,189,131,44,5,833,327,818,842,958,895,556,196,51,4649,48,27,21,16,24,12,8,0,162,16,38,39,57,50,57,18,4,279,397,881,908,1031,976,622,215,58,5085,3,10,18,16,17,19,9,0,95,384,365,364,442,443,345,216,87,2646,842,1585,1663,1868,1840,1219,534,157,9705,0,44,40,57,38,24,0,0,198,6,37,65,48,49,13,4,0,234,76,404,332,284,191,151,52,18,1509,57,210,251,287,288,158,71,22,1349,237,470,374,408,301,121,30,3,1947,101,83,63,58,40,11,0,3,352,37,62,97,98,91,47,15,0,435,371,617,533,556,430,180,38,9,2737,3,31,23,11,28,25,18,3,144,328,318,335,388,397,359,250,133,2511,847,1661,1592,1632,1423,906,435,180,8680,0,58
SOSR522,0,10,11,19,12,14,6,0,68,0,11,8,4,8,4,3,0,49,13,98,82,67,46,40,8,3,357,9,48,60,80,89,65,11,4,362,135,385,297,385,363,236,103,11,1924,27,28,19,19,14,7,6,0,114,12,20,23,27,33,19,10,3,151,179,436,338,422,415,266,113,16,2189,5,5,6,6,8,14,3,0,38,225,260,238,237,248,208,113,28,1549,426,862,740,834,833,602,260,53,4611,0,21,22,19,15,3,0,0,81,4,26,26,28,19,9,4,0,116,50,198,147,108,114,71,25,3,708,30,76,83,123,121,71,34,3,546,101,203,149,169,124,43,18,3,806,73,46,27,19,18,14,3,0,199,13,16,30,37,49,23,10,3,189,182,270,204,218,201,80,25,7,1187,0,7,8,4,13,8,7,0,41,188,260,200,175,211,176,112,34,1364,458,853,680,677,688,415,208,51,4036,0,28
SOSR531,3,153,183,217,216,210,65,13,1067,3,52,94,114,130,79,11,0,482,192,1008,1102,1099,971,636,172,23,5204,134,512,823,1112,1054,709,177,33,4557,1656,3957,4028,4712,3834,2021,554,92,20856,243,168,114,91,68,29,8,0,723,69,125,232,244,259,207,62,10,1207,1963,4256,4367,5048,4155,2260,626,104,22790,32,49,64,92,89,68,33,4,429,1828,3311,2918,2624,1901,1258,577,114,14529,4152,9348,9548,10303,8519,5226,1658,289,49052,14,173,238,251,227,108,17,0,1031,7,182,272,356,330,112,24,0,1282,329,1475,1936,1658,1300,670,182,25,7581,230,695,1048,1543,1487,772,184,35,5987,707,1393,1425,1554,1083,372,67,16,6622,268,187,212,231,162,68,12,0,1145,105,204,316,391,375,216,44,9,1660,1083,1788,1955,2172,1622,665,123,29,9420,16,31,49,89,94,88,29,13,407,1012,992,1106,1395,1401,1090,467,128,7596,2699,5337,6605,7465,6459,3494,1016,228,33301,17,327
SOSR579,0,6,4,0,0,0,0,0,9,0,0,0,0,0,0,0,0,0,3,6,8,6,0,0,3,0,31,0,13,20,16,9,0,0,0,52,0,41,40,32,10,0,0,0,130,0,3,3,0,0,0,0,0,3,0,4,3,3,0,0,0,0,13,0,49,47,34,10,0,0,0,139,0,0,0,0,0,0,0,0,0,3,28,20,21,9,0,0,0,78,7,100,95,77,33,4,3,0,318,0,0,0,0,0,0,0,0,0,0,0,0,0,0,0,0,0,0,0,0,0,0,0,0,0,0,3,0,0,0,4,0,0,0,0,4,0,0,0,0,0,0,0,0,4,0,0,0,0,0,0,0,0,0,0,0,0,0,0,0,0,0,0,3,0,0,0,0,0,0,0,4,0,0,0,0,0,0,0,0,0,0,3,0,3,0,0,0,0,8,3,5,0,3,0,0,0,0,22,0,4
SOSR599,0,27,13,11,3,8,0,0,62,0,8,3,0,3,3,0,0,16,22,91,39,12,32,15,3,0,225,8,27,23,28,29,24,0,0,151,49,179,137,137,146,89,15,3,748,10,10,5,3,3,0,0,0,28,3,15,4,13,6,9,0,0,51,63,196,147,151,158,96,17,3,829,6,4,5,0,3,5,0,0,26,89,230,214,251,137,79,15,3,1021,188,588,450,459,369,233,35,4,2331,3,26,11,9,4,0,0,0,54,0,6,5,4,17,0,0,0,32,35,136,50,30,25,18,3,0,302,7,46,13,24,45,22,3,0,155,30,52,25,32,54,17,0,0,217,5,4,4,3,7,4,0,0,37,9,14,5,3,17,9,0,0,63,42,76,40,44,78,31,3,0,317,0,3,0,3,4,0,3,0,16,89,157,107,110,82,56,13,3,613,184,440,223,218,263,136,25,7,1493,8,53
SOSR603,24,765,781,736,629,439,167,64,3607,29,205,257,343,278,162,49,6,1337,553,2348,2007,1560,1471,977,349,159,9426,182,699,871,1009,947,785,360,118,4964,1296,2926,2489,2609,2466,1625,960,300,14669,236,195,114,60,79,46,17,9,744,74,131,145,170,198,151,86,33,990,1611,3257,2747,2839,2743,1821,1067,335,16413,42,72,55,74,71,77,63,20,479,902,1013,869,914,932,852,658,292,6417,3329,8357,7583,7470,7074,5119,2710,997,42641,70,1115,957,775,600,323,73,22,3933,54,449,523,571,472,251,55,17,2392,899,3098,2788,2078,1966,1088,407,160,12478,271,899,1192,1358,1223,885,447,174,6455,1106,1959,1541,1428,1080,370,157,63,7707,347,319,200,166,124,83,25,15,1276,131,222,289,316,364,238,132,78,1767,1584,2496,2028,1915,1573,698,308,151,10753,30,67,61,89,116,132,107,33,633,805,775,730,848,989,1144,978,637,6916,3710,8913,8279,7637,6932,4525,2376,1198,43561,98,1881
SOSR611,8,159,189,211,146,120,35,9,870,5,66,56,91,94,45,10,3,374,201,697,650,541,452,272,81,39,2936,111,272,338,401,385,227,110,43,1883,650,1336,1077,1186,1116,824,460,145,6796,132,90,54,31,21,14,3,3,345,40,57,74,63,66,58,33,18,413,824,1476,1208,1283,1194,902,499,164,7551,16,26,27,26,23,26,22,9,173,481,396,341,417,383,414,270,127,2835,1651,3095,2803,2972,2676,2000,1024,398,16615,9,202,221,190,162,102,12,0,900,14,113,145,136,129,57,21,6,624,309,1079,1030,838,686,343,120,53,4461,116,368,481,576,491,340,179,46,2603,552,858,741,696,494,204,42,16,3602,201,160,112,92,53,37,12,8,676,84,113,139,157,167,101,55,23,840,837,1133,987,946,721,341,108,43,5121,18,28,35,25,43,42,26,19,232,453,362,337,403,442,591,463,282,3329,1756,3284,3243,3115,2668,1821,925,448,17271,22,361
SOSR612,0,21,18,23,31,11,6,0,107,0,14,12,14,22,19,0,0,83,19,89,98,65,94,65,19,11,453,11,57,74,107,111,81,35,11,485,198,450,383,418,404,308,158,52,2379,53,37,23,20,4,3,3,0,140,13,17,26,16,25,16,9,3,132,270,494,435,463,432,326,171,55,2651,0,13,4,6,3,5,16,0,54,115,101,85,99,152,165,136,63,921,411,787,728,776,852,671,384,139,4746,0,23,22,20,25,12,0,3,113,4,16,17,33,31,27,6,0,126,41,195,159,139,155,101,30,8,825,38,113,171,180,153,102,49,20,832,182,345,274,244,177,80,15,4,1315,79,59,43,33,20,11,0,0,249,23,33,43,69,50,36,11,8,273,287,437,356,343,247,127,27,11,1833,7,16,7,8,12,10,10,3,81,89,72,79,103,159,227,217,126,1076,465,863,814,833,781,606,344,176,4876,0,46
SOSR613,0,34,28,27,51,37,5,0,186,0,10,15,27,24,15,0,0,103,27,150,137,128,129,75,37,7,683,13,63,114,153,147,100,43,6,640,330,608,532,618,588,378,227,52,3354,70,49,30,20,17,9,3,0,198,14,26,30,36,26,32,25,5,190,420,682,593,676,636,420,257,63,3742,3,4,9,7,10,18,13,0,65,142,120,125,175,163,207,169,56,1156,603,1068,1025,1193,1159,875,523,144,6575,8,33,43,44,45,10,3,3,182,11,34,39,47,36,15,4,0,189,61,274,238,230,215,115,39,18,1186,41,144,201,256,197,149,89,25,1093,272,409,344,358,258,73,17,8,1737,105,78,54,50,35,18,3,4,340,23,55,46,74,73,40,19,3,340,400,539,446,481,367,124,44,14,2418,3,5,12,12,21,20,16,9,95,139,113,104,153,208,276,254,114,1364,660,1145,1073,1220,1084,718,449,176,6523,10,68
SOSR614,0,4,3,10,8,11,3,0,36,0,0,3,9,12,4,0,0,32,0,24,27,33,28,19,19,4,147,6,14,23,34,46,33,11,4,171,97,231,164,188,198,146,83,18,1129,20,19,3,7,5,3,0,0,53,7,5,10,8,11,9,8,3,60,120,256,181,202,212,156,90,15,1237,0,0,4,3,3,3,0,0,22,64,43,43,55,64,86,72,21,451,187,342,281,341,375,316,201,50,2095,0,6,11,17,5,11,0,0,45,0,10,6,17,13,8,0,0,60,13,49,44,37,46,41,18,7,254,12,48,41,79,72,43,23,6,320,76,157,113,124,102,24,13,0,600,34,36,17,22,6,7,4,0,126,14,22,24,25,25,10,7,3,126,117,213,148,165,134,46,25,8,850,3,0,0,4,0,9,9,0,27,55,57,54,54,79,101,112,38,551,197,385,297,376,359,256,178,66,2108,0,13
SOSR615,0,39,62,65,71,72,25,5,354,3,18,30,39,30,30,4,4,162,46,210,260,211,245,205,69,21,1269,25,140,213,276,278,236,89,12,1259,549,1202,1067,1188,1186,901,436,82,6613,79,65,49,31,26,6,7,0,269,26,41,45,62,71,75,40,3,364,654,1312,1168,1278,1289,986,483,87,7245,6,16,15,19,21,32,19,13,137,305,237,239,349,401,484,325,132,2474,1042,1966,1992,2246,2334,2039,1009,274,12900,6,71,80,94,75,50,13,0,396,5,61,78,73,88,61,20,0,377,86,510,477,391,410,277,99,31,2284,53,290,359,433,417,293,142,41,2036,398,788,643,601,486,219,50,19,3196,153,126,114,101,68,37,7,0,611,59,90,112,138,139,110,31,12,689,609,1003,864,845,690,359,85,35,4494,8,23,20,24,31,42,28,8,194,296,236,239,348,472,556,478,265,2890,1064,2194,2111,2209,2190,1650,868,384,12671,6,115
SOSR621,0,16,36,46,52,37,19,0,215,0,14,20,13,20,10,7,0,76,16,94,115,108,132,89,31,5,589,11,46,65,98,108,100,36,11,480,131,342,327,393,412,323,128,30,2082,18,12,8,6,9,8,0,0,69,9,12,24,24,32,23,12,0,129,154,368,350,426,458,354,139,37,2287,0,3,6,13,14,4,13,4,57,107,72,92,133,155,161,99,42,860,292,616,686,831,940,764,340,95,4561,3,24,49,42,60,25,8,0,214,4,25,28,36,46,10,8,0,162,42,175,212,159,171,114,35,8,917,19,92,128,128,183,121,50,7,725,85,186,158,160,167,57,16,3,828,30,35,26,26,19,17,0,0,158,22,29,36,37,47,34,15,0,225,137,252,221,225,237,104,33,6,1212,0,5,3,12,6,17,9,0,51,99,71,100,110,153,187,143,67,925,304,651,736,717,846,575,284,93,4208,4,42
SOSR622,0,8,14,16,17,25,14,0,93,0,3,8,12,16,8,6,0,45,12,26,47,55,70,70,18,4,298,3,16,38,57,90,77,22,6,316,85,178,192,249,287,195,79,13,1287,17,8,5,15,11,3,3,0,67,3,6,18,5,20,23,9,3,91,113,191,217,268,322,225,94,15,1444,0,0,4,4,7,14,7,3,42,65,41,63,86,109,129,89,29,612,193,291,389,500,632,544,245,59,2850,4,15,15,20,40,7,3,0,111,3,9,10,18,21,12,0,0,75,22,72,101,73,110,73,30,9,480,10,49,65,97,110,95,31,3,451,56,106,137,143,91,52,12,3,596,20,19,16,20,16,11,0,0,102,17,17,24,31,34,26,5,0,148,88,143,178,189,146,84,22,6,848,0,4,6,4,4,8,4,4,38,65,41,46,88,97,124,91,43,599,188,324,419,497,527,410,174,58,2592,4,25
SOSR631,4,39,143,173,263,248,52,12,946,3,26,71,106,127,89,15,4,436,61,353,573,624,784,526,133,16,3072,48,210,499,665,754,513,125,15,2842,805,1587,1996,2626,2596,1395,439,70,11518,118,91,66,52,40,27,4,0,397,43,61,96,140,139,123,47,6,661,975,1734,2152,2819,2780,1542,496,79,12574,3,23,29,34,58,62,29,3,240,612,388,500,772,923,781,397,83,4453,1710,2785,3971,5197,5685,3760,1242,218,24557,4,138,240,277,260,142,17,5,1082,6,84,169,229,258,120,12,3,874,141,828,1106,1138,1121,583,135,23,5081,95,375,671,975,989,586,171,24,3885,487,937,1028,1087,817,279,56,12,4713,166,181,139,161,144,40,11,5,837,91,123,196,256,308,157,37,13,1176,746,1239,1360,1504,1266,479,104,26,6728,4,23,27,53,54,60,27,8,249,538,362,494,682,862,756,385,80,4149,1539,3053,4069,4854,4804,2726,839,159,22049,11,176
SOSR679,0,0,0,0,0,0,0,0,0,0,0,0,0,0,0,0,0,0,0,0,0,0,0,0,0,0,3,0,3,0,0,0,0,0,0,4,3,4,3,3,7,0,0,0,17,0,0,0,0,0,0,0,0,0,0,0,0,0,0,0,0,0,0,3,5,3,0,7,0,0,0,19,0,0,0,0,0,0,0,0,0,0,4,0,0,0,0,0,0,3,0,17,6,5,3,4,0,0,39,0,0,0,0,0,0,0,0,0,0,0,0,0,0,0,0,0,0,3,0,0,0,0,0,0,0,4,0,0,0,0,0,3,0,0,3,0,3,0,0,0,0,0,0,3,0,0,0,0,0,0,0,0,0,0,0,0,0,0,0,0,0,0,0,3,0,0,0,0,0,0,3,0,0,0,0,0,0,0,0,0,0,0,0,0,0,0,0,0,0,0,3,0,0,0,3,0,0,12,0,0
SOSR699,3,6,0,0,0,3,0,0,12,0,3,0,0,0,0,0,0,3,0,17,5,4,7,6,0,0,36,0,3,4,3,3,4,0,0,18,18,14,15,13,15,10,3,0,91,3,4,3,0,0,0,0,0,10,0,3,0,0,0,3,0,0,7,16,19,21,17,14,14,3,0,103,0,0,0,0,0,0,0,0,0,21,35,31,25,10,8,3,0,128,48,80,59,47,35,30,8,0,308,0,7,5,7,7,0,0,0,17,0,3,3,0,0,0,0,0,5,3,15,10,0,7,3,0,0,38,0,5,11,7,9,5,0,0,38,4,12,6,4,5,0,0,0,31,0,0,0,0,0,0,0,0,8,0,0,0,3,3,0,0,0,11,11,11,4,6,9,0,0,0,40,0,0,0,0,3,0,0,0,3,9,9,7,17,11,8,4,0,61,20,47,35,38,46,18,7,0,208,3,11
SOSR703,17,569,601,407,335,161,23,4,2124,5,137,187,184,143,57,16,0,727,340,2054,1454,935,644,315,79,20,5854,152,861,949,907,582,248,69,11,3785,1139,3705,2542,2218,1500,714,230,46,12096,182,134,103,55,26,10,5,0,523,76,151,162,126,105,69,18,8,708,1396,3988,2810,2395,1629,795,253,51,13320,32,80,82,58,63,24,14,3,351,1250,2279,1675,1356,962,521,194,60,8296,3202,9976,7762,6246,4354,2120,647,150,34449,33,709,647,442,330,110,25,3,2306,32,405,405,305,241,70,13,0,1478,506,3166,2115,1220,792,332,81,21,8232,268,1080,1015,913,616,242,73,8,4209,819,1668,1139,813,478,142,28,3,5087,200,191,112,100,62,20,0,0,688,89,204,187,190,131,68,22,5,905,1106,2060,1446,1103,671,232,52,11,6681,28,76,63,51,44,30,20,7,317,929,1500,999,857,751,453,215,88,5793,2904,8994,6693,4904,3442,1464,476,135,29021,50,1282
SOSR712,5,75,85,88,69,36,8,0,377,3,26,38,39,29,9,4,0,151,23,293,254,191,169,56,17,0,996,16,178,165,159,148,45,14,0,732,181,481,411,434,323,140,42,15,2024,30,23,15,7,5,0,0,0,86,12,24,30,18,24,13,4,0,134,224,526,457,466,354,159,45,14,2243,3,17,8,15,15,3,3,0,72,208,320,228,256,200,124,50,10,1391,480,1439,1242,1221,988,430,132,30,5955,4,134,144,119,88,26,8,0,526,3,84,96,111,56,18,3,0,372,67,553,420,311,227,67,28,7,1679,23,169,186,217,170,55,20,4,843,136,272,212,200,130,35,8,4,1002,42,35,21,27,11,7,0,0,143,19,39,47,36,38,15,0,3,199,204,346,270,272,177,51,13,4,1336,11,11,15,11,14,9,7,0,72,185,351,256,261,234,128,42,30,1492,498,1663,1386,1303,963,356,112,51,6327,8,217
SOSR714,0,12,11,12,7,0,0,0,43,0,9,3,4,4,0,0,0,27,6,62,39,30,14,11,0,0,169,11,39,38,44,37,12,0,0,185,49,146,93,96,74,41,10,3,513,8,3,10,7,3,0,0,0,35,3,5,3,3,3,5,3,0,27,69,162,98,106,83,44,11,3,577,0,3,5,3,3,0,0,0,14,117,145,85,104,97,65,34,6,655,199,434,288,304,240,141,46,13,1661,4,26,11,7,14,0,0,0,62,0,31,18,9,6,4,0,0,69,24,119,75,54,34,21,3,0,327,8,60,38,61,30,8,5,0,199,44,62,45,36,28,6,0,0,231,16,16,9,9,7,0,0,0,54,0,16,7,9,6,0,0,0,45,60,93,69,52,45,10,0,0,332,0,0,3,3,0,0,0,0,7,95,147,103,118,78,35,25,12,601,185,481,315,296,204,72,34,7,1593,3,33
SOSR715,0,21,18,18,8,5,0,0,68,3,11,23,9,16,0,0,0,57,10,84,75,48,46,9,3,0,282,5,35,44,54,34,12,0,0,187,46,192,184,199,136,46,12,0,823,20,27,26,28,13,0,0,0,115,13,29,19,21,9,0,0,0,91,82,243,234,243,160,51,13,0,1034,5,9,8,8,3,0,3,0,31,323,320,309,198,130,51,10,0,1350,430,722,710,579,406,135,27,0,3012,0,39,35,22,23,4,0,0,133,0,24,31,24,21,4,0,0,105,21,131,100,92,71,16,0,0,428,13,44,67,67,59,13,3,0,264,38,96,79,81,67,8,4,0,369,27,32,38,27,17,8,0,0,154,12,31,35,20,6,0,0,0,111,75,164,145,129,99,22,3,0,631,4,8,5,8,5,0,0,0,27,281,319,264,207,118,39,14,4,1237,389,726,643,558,392,90,24,4,2828,0,55
SOSR721,0,25,22,16,11,3,0,0,85,0,10,14,5,3,0,0,0,30,12,84,63,33,31,9,0,0,243,18,43,50,41,31,11,0,0,188,69,179,182,167,135,37,4,0,784,19,35,24,19,9,5,0,0,108,17,30,30,21,6,7,0,0,113,107,246,237,215,152,50,4,0,1005,0,8,3,3,0,0,0,3,18,322,261,179,187,113,51,17,3,1139,460,678,564,498,344,122,23,7,2704,0,29,27,17,22,8,0,0,102,3,13,21,13,20,0,0,0,74,22,164,88,69,63,13,0,0,429,17,67,51,64,39,6,3,0,252,43,107,92,83,39,12,0,0,375,32,38,22,18,13,0,0,0,123,20,28,21,27,16,3,0,0,115,95,176,130,125,68,18,0,0,609,0,4,0,3,4,0,0,0,14,278,267,214,214,94,46,13,5,1135,417,725,533,499,310,102,22,4,2610,0,58
SOSR722,0,7,6,9,10,3,0,0,39,0,7,0,11,3,0,0,0,27,7,27,32,29,33,18,0,0,148,0,6,20,29,31,12,8,0,104,55,96,83,114,100,49,9,4,507,15,42,18,25,6,0,0,0,116,8,14,18,25,0,3,3,0,73,78,161,128,162,111,47,11,4,696,3,7,0,3,3,3,0,0,17,188,172,149,152,100,53,22,3,843,272,382,338,400,294,145,36,8,1869,0,10,11,17,19,3,0,0,52,0,9,5,10,15,3,0,0,48,7,51,51,54,61,13,0,0,237,0,18,28,44,42,15,8,0,156,31,61,50,64,43,12,0,0,258,23,50,29,25,11,0,0,0,145,4,22,20,13,9,3,0,0,72,65,127,98,104,67,13,0,0,474,4,5,0,5,0,3,0,0,15,211,173,146,134,96,63,19,3,846,290,396,339,364,303,120,25,6,1840,0,13
SOSR731,0,17,17,32,25,23,4,0,113,0,7,11,22,23,15,0,0,77,35,116,97,114,111,47,15,0,535,20,96,155,204,122,56,12,0,678,354,785,817,884,622,289,69,3,3831,53,37,40,25,19,9,0,0,179,22,37,41,46,39,23,4,0,222,429,870,899,955,685,324,77,6,4236,0,12,9,15,3,5,3,0,57,798,732,589,568,451,270,60,8,3478,1286,1844,1782,1919,1418,734,171,20,9176,0,29,54,65,59,20,0,0,231,3,51,62,57,52,14,0,0,237,47,287,326,233,165,77,18,3,1149,32,161,228,256,174,62,18,0,935,190,336,311,330,146,46,5,0,1355,70,64,49,39,28,11,0,0,270,20,38,54,72,56,25,3,0,276,281,433,414,440,228,83,10,4,1896,3,12,7,9,7,6,0,0,49,548,428,382,387,329,167,45,9,2301,915,1402,1472,1446,1014,440,88,17,6801,3,46
SOSR779,0,0,0,0,0,0,0,0,0,0,0,0,0,0,0,0,0,0,0,8,8,4,0,0,0,0,19,3,6,0,0,0,0,0,0,8,0,6,4,3,0,0,0,0,19,0,0,0,0,0,0,0,0,0,0,0,3,0,0,0,0,0,4,0,6,8,3,0,0,0,0,19,0,0,0,0,0,0,0,0,3,0,0,0,0,3,0,0,0,6,4,18,18,10,3,0,0,0,51,0,0,0,0,0,0,0,0,0,0,0,0,0,0,0,0,0,0,0,0,0,0,0,0,0,0,3,0,0,0,0,0,0,0,0,0,0,0,0,0,0,0,0,0,0,0,0,0,0,0,0,0,0,0,0,0,0,0,0,0,0,0,0,0,0,0,0,0,0,0,0,0,0,0,0,0,0,0,0,0,0,0,0,0,0,0,0,0,0,4,0,3,0,0,0,0,3,0,10,0,0
SOSR799,0,8,0,6,3,0,0,0,19,0,3,0,5,3,0,0,0,9,8,20,13,8,14,6,0,0,65,5,7,7,10,10,7,0,0,51,12,39,38,40,58,51,9,0,251,8,3,0,3,0,3,0,0,14,10,0,3,0,3,3,0,0,19,27,43,41,46,65,53,8,0,279,3,0,0,3,3,0,0,0,9,41,100,87,112,71,40,9,0,457,83,180,154,188,159,112,19,0,890,0,12,9,3,4,3,0,0,32,0,8,3,3,7,0,0,0,21,11,37,24,14,18,6,0,0,122,5,5,15,14,18,13,0,0,68,12,17,11,12,16,0,0,0,67,3,0,3,0,5,0,0,0,11,3,9,3,6,3,4,0,0,32,19,26,17,18,33,4,0,0,112,0,3,0,4,3,3,0,0,13,41,97,73,88,44,32,6,0,373,80,192,144,141,123,62,8,0,740,0,17
SOSR802,140,3839,5095,3930,3032,1851,666,190,18727,84,996,1100,1210,1167,594,105,19,5270,2631,9130,7018,5079,4085,2840,1101,373,32254,719,2830,3074,2775,2003,1225,442,163,13234,2247,5450,4401,3916,2977,2071,1129,342,22541,411,313,181,125,72,45,21,13,1183,145,258,339,303,309,258,100,39,1751,2809,6017,4922,4344,3359,2382,1259,392,25472,111,223,200,196,176,160,110,52,1231,1791,2482,1948,1657,1273,1134,831,447,11576,8280,25513,23357,19190,15098,10178,4520,1629,107768,255,4624,4639,3176,2018,985,244,44,15993,158,1812,1897,1745,1446,844,173,26,8107,3573,12034,9009,6124,4559,2641,1023,279,39237,1027,3217,3470,3363,2615,1721,753,230,16398,1948,3170,2674,2249,1524,618,195,86,12468,458,331,311,258,221,140,51,27,1803,227,293,509,733,790,695,281,115,3636,2636,3793,3496,3240,2539,1450,531,223,17903,74,184,176,208,224,257,116,58,1304,1654,2081,1609,1483,1536,1391,1203,1060,12020,9375,27748,24303,19342,14940,9299,4038,1924,110965,393,8460
SOSR822,0,0,0,3,0,3,0,0,10,0,0,0,0,0,0,0,0,3,0,0,3,3,0,4,0,0,16,3,0,0,0,3,0,0,0,10,0,0,7,11,6,4,9,0,34,0,0,0,0,0,0,0,0,0,0,0,0,0,0,0,0,0,0,0,0,3,11,6,4,9,0,35,0,0,0,0,0,3,0,0,4,4,0,0,0,0,0,0,0,4,3,0,15,18,9,14,13,0,72,0,0,0,8,0,0,0,0,5,0,0,3,0,7,4,0,0,10,0,6,0,3,4,0,0,0,19,0,0,0,3,3,3,0,0,16,0,0,3,3,0,0,0,0,10,0,0,0,0,0,0,0,0,0,0,0,0,0,0,0,0,0,0,0,0,6,3,4,0,0,0,11,0,0,0,0,0,0,0,0,0,0,0,0,3,0,0,3,0,7,6,4,11,21,14,14,3,0,69,0,0
SOSR831,0,0,5,7,5,3,0,0,27,0,0,7,0,0,0,0,0,7,0,7,8,3,4,3,0,0,36,0,4,12,12,3,0,0,0,26,16,27,19,18,15,7,3,0,96,0,0,0,0,0,0,0,0,0,0,0,0,0,0,0,0,0,0,16,29,15,18,17,7,3,0,94,0,0,0,0,0,0,0,0,0,8,10,5,7,9,0,0,0,45,21,51,60,51,40,14,5,0,234,0,3,5,3,0,3,0,0,19,0,0,0,0,4,3,0,0,7,3,12,14,7,3,4,0,0,49,0,9,11,11,5,0,0,0,48,7,13,8,5,5,0,0,0,34,0,0,0,0,0,0,0,0,0,0,0,0,0,0,0,0,0,3,7,13,7,5,7,0,0,0,39,0,0,0,0,0,0,0,0,0,14,5,5,8,3,3,3,0,41,16,50,53,41,23,7,5,3,204,0,6
SOSR879,0,0,0,0,0,0,0,0,0,0,0,0,0,0,0,0,0,0,0,0,0,0,0,0,0,0,0,0,0,0,0,0,0,0,0,0,0,0,0,0,0,0,0,0,0,0,0,0,0,0,0,0,0,0,0,0,0,0,0,0,0,0,0,0,0,0,0,0,0,0,0,0,0,0,0,0,0,0,0,0,0,0,0,0,0,0,0,0,0,0,0,0,0,0,0,0,0,0,0,0,0,0,0,0,0,0,0,0,0,0,0,0,0,0,0,0,0,0,0,0,0,0,0,0,0,0,0,0,0,0,0,0,0,0,0,0,0,0,0,0,0,0,0,0,0,0,0,0,0,0,0,0,0,0,0,0,0,0,0,0,0,0,0,0,0,0,0,0,0,0,0,0,0,0,0,0,0,0,0,0,0,0,0,0,0,0,0,0,0,0,0,0,0,0,0,0,0,0,0,0
SOSR899,0,4,3,3,5,4,0,0,14,0,0,0,0,0,0,0,0,4,3,15,5,3,0,0,0,0,29,3,0,12,3,0,0,0,0,15,3,8,10,5,8,3,0,0,36,3,0,0,0,0,0,0,0,3,0,0,0,0,0,0,0,0,7,9,10,11,5,7,3,0,0,41,0,0,0,0,0,0,0,0,5,8,8,21,16,18,7,0,0,79,25,35,48,29,36,15,0,0,186,0,5,5,4,8,3,0,0,20,0,0,0,0,3,0,0,0,9,7,23,7,6,8,3,0,0,55,0,3,0,3,3,0,0,0,18,8,3,3,3,0,0,0,0,17,0,0,0,0,0,0,0,0,3,0,0,0,0,0,0,0,0,0,6,3,7,3,0,0,0,0,22,0,0,0,0,0,0,0,0,0,10,3,7,5,3,0,0,0,32,34,36,30,18,25,8,0,0,151,0,11
SOSR915,0,4,3,0,3,3,0,0,13,0,0,6,5,0,0,0,0,13,0,6,14,8,7,3,0,0,41,0,5,13,14,3,3,0,0,43,4,37,38,38,35,12,0,0,168,3,6,0,0,0,4,0,0,17,0,4,0,3,0,0,0,0,9,14,41,42,46,35,18,0,0,194,0,0,0,0,0,0,0,0,5,23,24,20,26,31,24,9,0,156,32,90,95,106,84,52,6,0,465,0,3,7,0,0,0,0,0,15,3,3,0,9,0,0,0,0,14,0,16,16,9,9,0,0,0,53,0,15,15,12,9,0,0,0,44,8,12,13,13,5,0,0,0,51,3,0,3,4,0,0,0,0,14,0,5,3,0,4,0,0,0,10,8,19,19,17,6,0,0,0,76,0,0,0,4,0,0,0,0,3,15,16,10,30,28,6,0,0,107,25,73,68,82,51,14,0,0,317,0,11
SOSR921,0,0,0,0,3,0,0,0,3,0,0,0,0,0,0,0,0,0,0,8,3,5,3,7,0,0,24,0,0,3,3,0,0,3,0,9,0,6,17,18,27,18,6,0,86,0,0,4,0,0,0,0,0,7,0,0,3,0,3,8,0,0,10,0,6,21,18,30,25,6,0,101,0,0,0,0,0,0,0,0,4,3,0,9,6,6,3,5,0,35,8,16,33,37,42,39,13,0,186,0,0,0,0,0,0,0,0,3,0,0,0,0,0,3,0,0,8,4,7,12,3,9,3,4,4,36,0,7,10,6,13,7,4,0,45,3,3,5,11,3,0,0,0,20,0,0,0,0,3,0,0,0,7,0,0,7,4,3,5,0,0,21,4,4,9,10,10,5,0,0,53,0,0,0,0,0,0,0,0,0,8,0,4,7,5,9,3,0,45,11,19,37,35,45,21,11,8,186,0,0
SOSR922,0,3,3,0,0,0,0,0,6,0,0,0,0,0,0,0,0,4,5,9,4,4,3,0,0,0,29,0,0,4,11,4,0,0,0,15,5,9,9,12,15,3,3,0,59,0,3,0,0,0,0,0,0,8,0,4,4,0,0,0,0,0,10,8,17,17,16,19,3,3,0,77,0,0,0,0,0,0,0,0,4,8,16,3,13,6,4,0,0,48,23,43,35,37,29,12,3,0,181,0,0,6,3,0,0,0,0,10,0,4,0,0,0,0,0,0,4,6,13,7,0,4,4,0,0,36,0,8,4,8,0,0,0,0,23,9,14,4,5,4,0,0,0,28,3,0,0,0,0,0,0,0,4,0,0,0,0,0,0,0,0,4,9,13,6,10,3,0,0,0,44,0,0,0,0,0,0,0,0,0,6,3,4,8,4,3,8,0,36,17,42,34,24,19,9,8,0,147,0,3
SOSR931,0,0,3,0,3,5,3,0,10,0,0,0,0,0,0,0,0,0,0,3,11,4,13,3,0,3,41,0,3,10,7,10,9,0,0,34,4,10,15,39,37,15,11,0,132,0,0,0,0,0,0,0,0,4,0,0,0,0,0,0,4,0,10,9,11,19,40,39,16,14,3,146,0,0,0,0,0,0,0,0,3,43,104,67,38,20,13,12,3,308,51,127,109,89,82,43,28,10,546,0,0,3,5,0,0,0,0,10,0,0,4,0,3,0,0,0,7,0,7,17,5,21,6,3,0,60,3,7,12,15,14,9,8,3,59,3,5,14,13,3,6,0,0,42,0,0,0,0,0,0,0,0,4,0,0,3,4,11,3,0,0,21,4,10,15,14,14,9,0,0,73,0,0,0,3,0,0,0,0,4,15,3,14,9,17,22,11,4,94,18,30,62,57,67,46,25,4,315,0,0
SOSR979,0,0,0,0,0,0,0,0,0,0,0,0,0,0,0,0,0,0,0,0,0,0,0,0,0,0,0,0,0,0,0,0,0,0,0,0,0,3,0,0,0,0,0,0,5,0,0,0,0,0,0,0,0,0,0,0,0,0,0,0,0,0,0,0,3,0,0,0,0,0,0,5,0,0,0,0,0,0,0,0,0,0,0,0,0,0,0,0,0,0,0,3,0,0,0,0,0,0,3,0,0,0,0,0,0,0,0,0,0,0,0,0,0,0,0,0,0,0,0,0,0,0,0,0,0,0,0,0,0,0,0,0,0,0,0,0,0,0,0,0,0,0,0,0,0,0,0,0,0,0,0,0,0,0,0,0,0,0,0,0,0,0,0,0,0,0,0,0,0,0,0,0,0,0,0,0,0,0,0,0,0,0,0,0,0,0,0,0,0,0,0,0,0,0,0,0,0,0,0,0
SOSR999,0,0,0,0,0,0,0,0,0,0,0,0,0,0,0,0,0,0,0,0,0,0,0,0,0,0,4,0,0,0,0,0,0,0,0,0,0,0,0,0,0,0,0,0,3,0,0,0,0,0,0,0,0,0,0,0,0,0,0,0,0,0,0,0,0,0,0,0,0,0,0,3,0,0,0,0,0,0,0,0,0,0,0,0,0,0,0,0,0,0,0,0,0,0,0,5,0,0,13,0,0,0,0,0,0,0,0,0,0,0,0,0,0,0,0,0,0,3,0,3,0,0,3,0,0,6,0,0,3,0,0,0,0,0,6,0,0,0,0,0,0,0,0,3,0,0,0,0,0,0,0,0,0,0,0,0,0,0,0,0,0,0,0,0,0,0,0,0,0,0,3,0,0,0,0,0,0,0,0,0,3,0,0,0,0,0,0,0,3,4,0,5,3,3,3,0,0,18,0,0