UCL_CODE_2016,P_85y_ov_DNUDW,P_85y_ov_UDW_NS,P_85y_ov_Total,P_Tot_DUDW_LT_5_h,P_Tot_DUDW_5_14_h,P_Tot_DUDW_15_29_h,P_Tot_DUDW_30_h_mo,P_Tot_DNUDW,P_Tot_UDW_NS,P_Tot_Total
UCL101001,40486,13320,82975,847977,857836,356062,275686,907165,271027,3515745
UCL102001,257,70,523,7303,8752,3271,2093,5773,2165,29355
UCL102002,4256,2396,9964,53079,65940,31551,25160,54088,21037,250854
UCL102003,1344,613,2769,9847,12624,6292,4555,11969,5180,50478
UCL102004,3265,2404,8800,60238,73699,33865,24489,54054,19021,265368
UCL102005,3049,1167,6480,46859,55643,26283,20280,48948,15875,213890
UCL111001,630,275,1294,8420,10430,4723,3324,8361,3803,39049
UCL111002,587,280,1326,12857,16449,8033,6637,12736,4349,61062
UCL112001,213,89,494,3814,4533,1843,1259,3715,1662,16835
UCL112002,329,194,795,5691,7209,3177,2523,5165,3061,26826
UCL112003,301,85,632,5089,7418,3361,2486,4210,1792,24358
UCL112004,374,112,827,3689,4976,2623,1941,3192,1510,17929
UCL112005,318,95,553,2931,3946,2004,1903,4299,2322,17401
UCL112006,580,549,1627,7867,10607,5074,3766,8167,4042,39520
UCL112007,376,138,793,5605,7320,3168,2454,5946,2595,27090
UCL112008,202,238,667,3530,4590,2137,1679,3954,2470,18355
UCL112009,471,175,946,4747,6154,2789,2130,4507,2309,22629
UCL112010,4,3,20,361,465,203,166,313,148,1659
UCL112011,339,236,851,4499,6112,3029,2610,5397,3200,24849
UCL112012,468,146,892,6084,7843,3450,2715,6481,2683,29257
UCL112013,982,328,1965,7251,10257,4975,3653,7955,3283,37370
UCL112014,454,202,984,5301,6883,3284,2558,5969,3049,27033
UCL112015,574,187,1170,8439,10692,4674,3545,8042,3029,38413
UCL113001,398,298,1036,2707,3736,1794,1271,3155,1632,14303
UCL113002,222,176,546,1478,2297,1339,1058,2165,1251,9590
UCL113003,288,123,593,2309,3568,1704,1556,3884,1651,14672
UCL113004,79,38,160,905,1151,586,430,1086,481,4636
UCL113005,538,304,1224,2806,4189,2343,1826,4189,2010,17363
UCL113006,364,102,662,2363,3258,1666,1544,3179,1623,13634
UCL113007,166,231,588,2935,3408,1640,1302,3727,1979,14988
UCL113008,124,152,358,1157,1633,988,890,2047,1845,8556
UCL113009,135,111,435,2427,3290,1707,1154,1847,797,11229
UCL113010,131,84,323,2408,3222,1597,1524,3323,1260,13331
UCL113011,155,76,366,1632,2335,1159,1013,2313,1108,9566
UCL113012,412,110,792,3100,4082,2160,1621,3533,1126,15621
UCL113013,167,34,285,1649,2222,1089,878,1701,1002,8533
UCL113014,58,30,139,1569,2023,991,971,1741,759,8057
UCL113015,289,91,530,2155,3179,1614,1244,2584,1019,11800
UCL113016,132,41,268,1964,2566,1269,1100,2566,1046,10513
UCL113017,154,40,276,2152,2899,1289,1175,2116,762,10395
UCL113018,96,86,258,1392,2109,1111,1018,1933,876,8434
UCL113019,354,229,816,2427,3471,1902,1681,3737,1598,14819
UCL113020,167,108,446,1906,2879,1598,1323,2292,1058,11059
UCL114001,176,48,354,751,1143,638,509,840,321,4197
UCL114002,32,34,88,780,1052,592,448,867,476,4204
UCL114003,105,57,223,1923,1969,846,484,1283,1416,7928
UCL114004,169,154,479,1008,1593,1012,784,1548,808,6747
UCL114005,170,78,380,1262,1831,922,867,2112,983,7980
UCL114006,77,75,235,1024,1400,631,506,985,849,5390
UCL114007,126,45,267,803,1125,606,542,1154,509,4744
UCL114008,74,73,217,802,1116,569,470,977,534,4473
UCL114009,192,65,372,1143,1512,867,774,1652,823,6769
UCL114010,147,57,271,1042,1426,664,510,1287,747,5682
UCL114011,83,33,175,1000,1353,683,585,1286,701,5602
UCL114012,95,70,223,667,943,532,510,947,599,4189
UCL114013,144,49,283,1232,1559,776,713,1369,727,6372
UCL114014,24,6,60,1152,1382,657,437,778,252,4653
UCL114015,152,54,307,1296,1811,931,806,1878,850,7580
UCL114016,117,32,204,1074,1413,664,557,1148,702,5555
UCL114017,33,13,89,1124,1579,702,432,696,336,4870
UCL114018,8,8,40,1412,1963,1032,774,1087,590,6852
UCL114019,117,87,327,1146,1806,1017,690,1241,693,6592
UCL114020,70,25,131,946,1345,605,454,1481,1003,5826
UCL114021,49,16,135,1325,1752,832,644,1258,567,6380
UCL114022,154,157,422,1494,1840,977,779,1499,913,7501
UCL114023,136,125,376,844,1216,738,632,1306,737,5469
UCL114024,47,47,142,849,1149,545,459,1015,666,4671
UCL114025,137,106,337,1387,1902,983,861,1751,1012,7900
UCL114026,31,92,161,920,1413,704,626,888,419,4972
UCL114027,109,51,249,835,1166,648,482,891,460,4486
UCL114028,113,30,205,711,1077,622,513,991,423,4344
UCL114029,48,12,94,893,1318,613,548,1064,298,4728
UCL114030,80,97,225,804,1150,644,577,1041,762,4976
UCL114031,152,34,268,953,1325,721,652,1219,574,5446
UCL114032,136,53,305,875,1363,735,596,1106,592,5268
UCL114033,13,17,62,271,410,229,166,378,221,1672
UCL114034,49,102,214,859,1245,554,422,723,552,4354
UCL114035,146,49,288,980,1308,667,669,1356,658,5635
UCL115001,11,10,28,294,368,184,186,285,164,1478
UCL115002,5,0,14,229,311,159,109,228,62,1094
UCL115003,14,6,51,256,335,225,162,253,174,1401
UCL115004,16,7,29,157,230,98,106,239,126,957
UCL115005,22,23,57,310,365,185,120,184,139,1301
UCL115006,20,9,58,518,702,326,304,526,191,2568
UCL115007,37,23,90,160,232,124,120,233,134,998
UCL115008,13,17,37,244,326,168,148,292,180,1361
UCL115009,28,13,61,117,201,113,130,264,152,977
UCL115010,32,24,63,225,329,152,145,295,123,1263
UCL115011,17,14,41,138,207,112,76,216,120,873
UCL115012,88,34,164,617,832,415,381,727,364,3329
UCL115013,49,14,89,465,717,382,285,320,214,2382
UCL115014,15,8,55,199,334,211,162,218,139,1268
UCL115015,99,21,177,311,480,286,191,377,122,1765
UCL115016,34,23,76,101,204,109,115,260,169,958
UCL115017,33,9,81,755,1134,523,375,537,278,3605
UCL115018,46,15,93,447,552,303,249,541,264,2354
UCL115019,31,10,56,158,242,126,120,224,109,978
UCL115020,12,8,49,463,664,339,250,388,160,2259
UCL115021,21,17,46,177,235,127,114,254,115,1022
UCL115022,12,10,32,196,283,126,99,374,306,1387
UCL115023,3,0,9,236,361,157,105,180,77,1119
UCL115024,22,12,43,184,272,137,101,196,124,1022
UCL115025,11,9,39,432,597,258,267,344,196,2094
UCL115026,71,16,131,348,536,280,186,365,167,1886
UCL115027,14,12,52,281,374,180,109,226,179,1352
UCL115028,29,8,62,143,208,136,118,248,113,961
UCL115029,31,53,112,358,594,390,280,336,229,2183
UCL115030,11,3,41,359,445,255,203,236,75,1574
UCL115031,9,3,21,616,862,329,220,273,195,2504
UCL115032,6,3,11,298,364,148,131,234,99,1270
UCL115033,15,0,29,455,653,338,250,420,148,2270
UCL115034,24,14,69,459,684,376,322,520,241,2595
UCL115035,3,0,11,223,276,141,112,111,46,918
UCL115036,23,3,48,195,263,170,134,275,99,1130
UCL115037,37,17,72,508,709,345,302,599,456,2924
UCL115038,5,3,12,251,285,146,155,202,81,1115
UCL115039,48,24,93,377,472,211,236,612,319,2224
UCL115040,13,31,62,218,321,168,154,266,206,1334
UCL115041,73,28,133,315,466,285,225,499,295,2087
UCL115042,49,16,75,271,392,185,156,486,418,1907
UCL115043,4,0,6,256,315,154,146,230,88,1189
UCL115044,46,15,96,299,455,248,213,385,168,1770
UCL115045,86,25,161,509,711,400,335,701,358,3015
UCL115046,21,6,41,160,184,136,128,192,94,891
UCL115047,106,46,180,205,412,274,218,365,181,1651
UCL115048,20,16,52,199,286,119,113,208,105,1034
UCL115049,28,11,57,139,246,146,122,158,85,886
UCL115050,3,0,9,188,233,109,99,144,69,845
UCL115051,37,32,99,289,463,227,234,352,225,1787
UCL115052,71,33,126,419,619,321,287,608,306,2554
UCL115053,61,13,98,848,779,298,186,554,141,2818
UCL115054,43,20,109,454,638,317,241,491,268,2408
UCL115055,37,51,123,213,328,202,163,279,266,1439
UCL115056,60,20,101,255,358,211,155,385,207,1575
UCL115057,7,0,11,375,458,164,181,421,117,1715
UCL115058,76,7,89,133,199,92,92,319,87,918
UCL115059,3,0,13,246,293,123,123,195,80,1054
UCL115060,3,0,15,196,274,128,103,149,25,871
UCL115061,108,44,195,775,1021,505,357,572,351,3587
UCL115062,62,22,116,328,435,231,230,602,273,2098
UCL115063,0,0,4,466,561,232,205,321,122,1906
UCL115064,68,22,124,299,466,282,251,489,190,1990
UCL115065,0,0,0,274,370,141,75,124,86,1065
UCL115066,17,9,46,173,268,149,123,254,117,1084
UCL115067,49,17,114,248,409,251,223,381,184,1690
UCL115068,9,3,20,396,523,261,256,469,141,2051
UCL115069,25,13,49,259,354,197,176,337,208,1534
UCL115070,6,0,11,201,333,220,233,207,91,1284
UCL115071,34,19,78,263,349,200,200,395,185,1587
UCL115072,36,6,72,282,364,173,173,395,182,1574
UCL115073,33,34,90,269,358,190,203,402,219,1636
UCL115074,42,18,97,361,644,424,360,582,237,2604
UCL115075,20,25,57,318,436,202,187,450,338,1930
UCL115076,7,7,12,362,430,204,193,333,121,1637
UCL115077,24,9,45,167,215,86,78,223,141,909
UCL115078,23,31,73,165,260,129,113,234,151,1056
UCL115079,40,20,84,315,473,283,219,444,247,1991
UCL115080,32,9,67,174,379,214,237,335,193,1524
UCL115081,6,4,16,517,399,113,72,244,193,1529
UCL115082,15,7,24,190,244,135,95,155,97,920
UCL115083,9,10,42,177,309,174,149,186,67,1065
UCL115084,49,21,99,550,698,383,353,709,1277,3977
UCL115085,10,8,31,120,228,125,144,254,198,1071
UCL115086,9,3,22,161,248,155,124,221,147,1055
UCL115087,46,28,83,248,353,164,137,263,158,1326
UCL115088,28,0,39,180,279,134,115,153,52,917
UCL115089,62,51,149,358,482,311,280,512,348,2290
UCL115090,17,6,38,165,187,122,106,230,171,985
UCL115091,27,13,65,447,684,357,298,463,174,2415
UCL115092,24,5,45,339,552,340,304,437,221,2185
UCL115093,11,3,18,187,252,118,109,308,223,1195
UCL115094,73,61,176,345,520,285,268,552,322,2285
UCL115095,135,18,189,339,508,323,267,567,291,2305
UCL115096,18,5,45,323,541,314,202,311,197,1894
UCL115097,47,21,83,235,348,206,204,465,290,1744
UCL115098,14,88,130,166,266,165,110,158,238,1107
UCL115099,39,10,66,235,317,154,167,300,129,1314
UCL115100,39,11,87,326,501,313,239,474,256,2114
UCL115101,73,19,133,516,682,383,276,434,340,2636
UCL115102,0,0,5,284,463,183,149,126,70,1273
UCL115103,41,37,132,465,739,459,346,573,371,2949
UCL115104,85,35,157,497,665,328,293,800,461,3052
UCL115105,54,20,109,458,634,320,311,658,376,2750
UCL115106,23,12,52,263,393,159,156,390,223,1578
UCL115107,44,15,80,337,475,238,190,458,314,2007
UCL115108,37,23,108,759,1077,467,324,541,415,3579
UCL115109,40,68,155,515,793,470,403,578,352,3122
UCL115110,69,25,124,181,316,180,156,338,141,1311
UCL115111,55,9,84,234,385,184,122,263,130,1317
UCL115112,23,10,47,655,758,367,281,482,208,2759
UCL115113,9,0,21,423,555,278,175,323,91,1849
UCL115114,27,12,44,241,311,214,211,374,275,1622
UCL115115,51,11,99,352,507,290,236,560,252,2198
UCL115116,20,12,60,722,882,374,341,595,188,3101
UCL115117,0,3,10,202,304,169,135,144,88,1041
UCL115118,15,6,44,594,866,401,299,481,190,2834
UCL115119,86,49,182,785,999,477,378,894,446,3983
UCL115120,50,26,128,463,729,355,287,517,299,2660
UCL115121,18,4,31,791,985,462,406,680,197,3522
UCL115122,8,4,17,198,264,139,88,162,61,916
UCL115123,10,3,19,147,275,159,137,186,75,973
UCL115124,12,3,18,359,486,223,168,208,147,1585
UCL115125,26,3,43,305,336,166,96,176,48,1125
UCL115126,113,33,202,463,667,429,374,761,307,3014
UCL115127,23,19,65,754,890,431,406,706,349,3535
UCL115128,45,26,111,552,821,461,422,730,313,3295
UCL115129,14,11,50,252,408,196,127,208,141,1334
UCL115130,66,10,127,322,564,367,272,456,184,2172
UCL115131,112,20,191,557,822,434,397,816,317,3342
UCL115132,30,62,122,379,539,318,341,444,434,2458
UCL115133,4,3,21,295,383,173,134,221,73,1273
UCL115134,31,34,88,490,622,312,274,430,248,2383
UCL115135,45,32,102,312,451,251,219,481,257,1982
UCL115136,12,11,29,134,246,106,100,153,135,877
UCL115137,30,16,65,214,299,147,130,255,155,1202
UCL115138,24,13,74,312,581,340,247,361,178,2024
UCL115139,32,13,70,361,548,260,213,390,192,1962
UCL115140,25,27,88,335,604,323,249,474,276,2268
UCL115141,3,8,19,200,281,204,136,170,105,1104
UCL115142,42,32,123,462,680,407,230,376,220,2365
UCL115143,25,38,82,190,291,142,132,265,218,1235
UCL115144,9,4,15,184,230,113,64,339,218,1147
UCL115145,9,0,14,190,205,99,84,232,78,891
UCL115146,16,7,30,285,363,204,178,350,227,1609
UCL115147,24,17,56,140,195,111,121,280,133,983
UCL115148,28,14,53,189,290,112,105,346,204,1238
UCL115149,6,19,29,202,288,146,118,309,190,1250
UCL115150,81,41,170,581,773,382,352,978,551,3630
UCL115151,51,4,79,144,237,138,101,305,139,1067
UCL115152,19,13,43,150,264,137,150,308,191,1197
UCL115153,39,62,149,418,503,272,228,419,379,2216
UCL115154,8,5,27,358,454,253,150,264,125,1603
UCL115155,0,0,3,245,286,146,114,140,39,975
UCL115156,81,55,192,610,878,482,444,903,406,3731
UCL115157,12,5,41,341,524,263,184,320,78,1708
UCL115158,92,31,192,675,995,497,405,1092,525,4189
UCL115159,16,7,25,238,309,176,138,274,110,1242
UCL115160,4,5,13,174,261,121,119,214,68,965
UCL115161,9,6,22,158,220,98,83,158,94,814
UCL121001,3,3,18,123,177,88,74,151,63,674
UCL121002,12,3,30,77,108,50,79,153,50,525
UCL121003,4,0,6,114,153,113,78,90,44,584
UCL121004,3,0,9,85,138,68,67,76,51,476
UCL121005,3,0,8,101,124,62,50,84,33,458
UCL121006,9,7,21,85,121,74,79,103,42,499
UCL121007,12,3,18,127,232,91,73,161,80,766
UCL121008,37,8,56,122,168,82,91,217,121,811
UCL121009,3,0,3,66,54,33,39,189,51,431
UCL121010,18,9,28,105,144,82,71,174,91,681
UCL121011,8,4,24,96,140,89,89,213,91,715
UCL121012,3,0,3,154,192,125,91,110,35,715
UCL121013,7,0,16,88,127,67,67,204,114,665
UCL121014,3,0,15,148,187,82,48,116,56,635
UCL121015,0,0,8,90,124,61,36,79,48,434
UCL121016,3,6,13,118,192,95,91,143,80,719
UCL121017,0,0,3,126,149,83,69,67,20,525
UCL121018,0,0,3,81,141,62,43,32,43,407
UCL121019,13,3,24,79,149,53,53,129,60,521
UCL121020,12,6,24,88,155,98,76,143,105,659
UCL121021,4,0,5,56,97,77,62,91,86,463
UCL121022,32,0,38,130,181,111,94,261,116,890
UCL121023,3,0,8,79,96,47,81,68,41,407
UCL121024,3,3,9,118,138,67,55,80,25,484
UCL121025,9,11,26,148,227,99,82,139,93,780
UCL121026,0,0,10,101,121,62,45,74,13,419
UCL121027,0,0,4,135,236,119,78,114,40,717
UCL121028,0,0,10,87,151,96,51,97,58,533
UCL121029,0,0,3,85,102,54,76,123,44,479
UCL121030,3,4,13,61,102,43,34,110,67,416
UCL121031,3,0,9,126,153,107,81,177,100,745
UCL121032,3,5,16,128,201,134,98,111,61,730
UCL121033,28,4,36,97,128,78,81,157,86,623
UCL121034,3,3,10,134,160,54,34,58,34,475
UCL121035,7,0,8,144,175,115,76,129,64,713
UCL121036,5,0,8,136,237,145,95,116,36,761
UCL121037,8,0,11,138,161,86,77,142,49,652
UCL121038,10,0,21,72,97,54,55,114,49,445
UCL121039,0,0,5,65,78,34,35,85,93,386
UCL121040,0,0,0,102,142,65,28,34,79,454
UCL121041,0,0,0,98,116,66,56,45,43,424
UCL121042,6,3,16,59,118,85,64,85,67,481
UCL121043,6,3,18,119,147,78,46,96,73,563
UCL121044,3,0,7,114,155,63,60,78,40,509
UCL121045,0,0,6,81,132,90,56,75,30,454
UCL121046,0,0,6,82,130,64,46,69,42,429
UCL121047,6,5,36,133,238,171,114,147,56,857
UCL121048,0,3,9,105,127,56,54,102,37,475
UCL121049,7,13,38,98,142,87,60,152,78,611
UCL121050,40,15,81,167,295,148,120,235,113,1081
UCL121051,32,10,55,106,145,108,114,204,63,743
UCL121052,10,6,32,111,219,91,55,157,83,720
UCL121053,6,3,20,191,236,110,80,122,76,810
UCL121054,8,0,27,98,128,80,92,167,103,668
UCL121055,3,0,4,142,153,96,70,99,41,604
UCL121056,3,0,10,97,167,76,57,74,64,536
UCL121057,4,0,8,117,149,87,104,129,80,681
UCL121058,0,0,3,104,151,86,65,125,16,541
UCL121059,0,0,11,263,334,231,157,157,111,1256
UCL121060,8,0,16,73,131,81,58,96,16,456
UCL121061,0,0,6,161,212,115,86,106,71,751
UCL121062,5,3,10,202,227,111,69,108,59,777
UCL121063,4,3,15,90,151,85,69,91,51,530
UCL121064,6,3,15,102,146,117,108,145,97,727
UCL121065,18,9,53,116,164,102,80,149,80,687
UCL121066,3,3,15,202,348,241,149,223,117,1285
UCL121067,0,4,3,86,114,58,48,67,12,383
UCL121068,0,0,0,85,135,81,34,67,15,419
UCL121069,7,5,9,90,139,73,52,123,43,518
UCL121070,7,0,17,71,129,93,70,143,61,555
UCL121071,4,0,6,112,167,69,51,87,35,525
UCL121072,66,3,75,109,106,53,60,204,40,566
UCL121073,26,8,45,124,193,107,91,173,98,790
UCL121074,4,0,5,103,121,60,68,141,81,579
UCL121075,3,0,3,110,167,79,49,76,72,550
UCL121076,5,0,9,129,144,60,66,144,8,559
UCL121077,0,0,11,89,104,76,49,53,54,431
UCL121078,9,0,10,151,198,106,70,91,40,652
UCL121079,0,0,6,90,108,71,58,42,34,400
UCL121080,5,0,9,162,236,140,88,127,69,826
UCL121081,10,4,16,168,228,115,78,124,99,811
UCL121082,0,0,6,117,178,83,68,90,22,556
UCL121083,0,0,9,165,245,123,69,76,27,708
UCL121084,17,16,39,112,177,108,70,156,117,743
UCL121085,9,6,12,104,122,70,61,103,40,494
UCL121086,3,0,7,118,111,58,39,69,54,454
UCL121087,5,3,15,144,213,107,73,131,45,712
UCL121088,0,0,0,98,120,58,60,75,32,439
UCL121089,3,0,12,149,209,102,85,125,46,718
UCL121090,8,0,11,100,154,100,68,81,38,545
UCL121091,4,0,10,145,215,115,95,178,63,809
UCL121092,9,3,16,114,169,95,82,153,71,688
UCL121093,8,5,21,108,116,72,61,171,75,599
UCL121094,3,0,15,98,121,75,56,62,42,454
UCL121095,0,0,8,78,108,76,54,67,35,425
UCL121096,4,0,6,97,154,88,74,58,46,522
UCL121097,5,0,13,115,225,126,68,100,53,689
UCL121098,10,0,19,80,142,75,61,107,60,524
UCL121099,4,0,21,152,241,129,102,112,34,769
UCL121100,6,8,18,175,241,117,128,179,96,926
UCL121101,3,4,13,144,201,145,84,126,51,748
UCL121102,11,7,28,127,185,93,92,167,96,757
UCL121103,27,7,32,89,153,78,74,129,41,570
UCL121104,15,9,24,100,125,75,87,145,66,595
UCL121105,5,0,8,126,194,96,74,87,36,609
UCL121106,20,4,36,119,189,106,74,155,89,726
UCL121107,4,0,4,121,185,89,65,91,65,612
UCL121108,3,0,8,85,109,65,54,59,44,401
UCL121109,6,7,22,118,159,82,108,154,78,708
UCL121110,16,16,42,119,152,72,62,163,98,658
UCL121111,0,8,5,90,162,85,69,119,58,587
UCL121112,7,3,16,81,108,60,63,91,43,445
UCL121113,0,0,4,120,173,76,61,67,18,515
UCL121114,3,0,11,87,154,93,66,81,59,547
UCL121115,0,0,7,184,196,115,73,110,47,730
UCL121116,4,0,7,96,135,56,67,82,91,529
UCL121117,9,0,15,115,200,103,106,129,42,702
UCL121118,3,0,8,67,61,35,26,178,66,433
UCL121119,0,0,0,76,137,60,70,56,34,437
UCL121120,6,9,18,79,124,61,54,106,72,490
UCL121121,9,4,22,116,164,105,112,123,104,731
UCL121122,0,3,3,96,130,82,47,67,32,464
UCL121123,7,6,14,68,108,58,47,86,51,421
UCL121124,6,4,16,56,94,58,58,98,55,414
UCL121125,3,0,3,115,131,58,58,102,53,513
UCL121126,4,0,7,174,267,110,104,159,52,867
UCL122001,0,0,0,40,45,14,25,36,52,220
UCL122002,0,0,4,34,47,25,29,43,10,184
UCL122003,0,0,0,70,76,26,36,48,14,267
UCL122004,3,0,5,50,49,37,18,23,16,194
UCL122005,4,4,15,52,65,35,28,97,71,345
UCL122006,5,4,12,29,52,27,29,42,21,208
UCL122007,12,0,17,46,91,39,47,120,42,378
UCL122008,0,0,0,38,42,24,34,56,23,213
UCL122009,0,0,3,52,61,26,32,61,31,260
UCL122010,4,0,5,57,62,35,41,64,9,260
UCL122011,0,0,0,57,75,44,32,40,18,267
UCL122012,7,3,15,36,51,36,39,58,37,263
UCL122013,0,0,0,23,53,21,26,40,22,181
UCL122014,0,0,0,53,72,39,18,48,35,264
UCL122015,0,0,3,46,59,37,34,51,29,257
UCL122016,0,3,3,35,67,19,20,22,17,179
UCL122017,3,0,4,48,42,22,20,57,10,198
UCL122018,0,3,5,45,70,38,42,52,22,264
UCL122019,5,3,17,52,71,48,53,101,55,373
UCL122020,0,0,3,39,62,30,30,56,24,235
UCL122021,5,6,13,29,52,30,42,75,51,270
UCL122022,0,0,0,24,48,21,31,23,18,165
UCL122023,5,0,10,70,97,51,43,68,24,363
UCL122024,7,0,5,59,105,47,53,47,10,322
UCL122025,3,0,4,65,112,52,46,75,43,396
UCL122026,0,0,3,46,71,25,18,44,31,237
UCL122027,0,0,0,56,94,46,50,105,43,394
UCL122028,0,0,3,35,48,20,26,43,14,176
UCL122029,0,0,11,23,45,39,36,36,20,194
UCL122030,10,0,15,53,72,36,48,83,41,332
UCL122031,0,0,4,28,57,33,17,19,17,164
UCL122032,0,0,0,49,75,45,54,32,36,283
UCL122033,0,0,0,49,74,30,28,25,4,215
UCL122034,0,4,5,68,103,35,33,65,39,345
UCL122035,9,3,12,21,36,28,14,52,18,177
UCL122036,0,0,4,41,48,31,25,38,20,201
UCL122037,3,0,3,30,52,13,23,34,10,166
UCL122038,4,3,7,55,71,44,47,61,44,321
UCL122039,4,0,9,70,78,24,30,105,30,332
UCL122040,0,0,11,32,83,43,40,54,31,281
UCL122041,4,0,3,48,76,45,36,68,32,299
UCL122042,0,0,4,62,87,47,40,53,41,321
UCL122043,0,0,0,55,63,22,23,59,23,243
UCL122044,3,0,5,46,54,25,42,58,27,252
UCL122045,4,0,4,19,35,7,21,40,56,180
UCL122046,4,0,10,45,57,24,24,55,28,219
UCL122047,7,3,20,78,106,59,45,62,66,416
UCL122048,0,0,0,51,84,39,21,22,31,245
UCL122049,0,0,9,45,72,41,28,59,35,274
UCL122050,4,8,15,45,43,46,25,40,35,238
UCL122051,0,0,0,38,38,34,34,48,41,229
UCL122052,3,0,3,77,117,43,29,45,30,332
UCL122053,0,4,9,22,72,22,22,28,21,183
UCL122054,0,3,9,41,76,27,40,69,43,291
UCL122055,0,3,11,52,109,72,47,38,24,338
UCL122056,3,0,11,39,74,28,33,45,18,232
UCL122057,0,0,0,47,68,35,17,33,43,247
UCL122058,0,0,6,54,109,56,46,61,72,394
UCL122059,3,0,3,60,102,54,45,68,41,374
UCL122060,0,3,8,51,72,40,35,92,44,334
UCL122061,0,0,8,68,86,61,64,65,37,382
UCL122062,0,0,0,16,24,8,6,70,11,137
UCL122063,3,0,3,35,76,27,24,48,18,226
UCL122064,0,5,6,36,65,20,34,63,19,234
UCL122065,0,11,12,39,44,30,43,91,65,310
UCL122066,0,0,0,60,138,42,27,21,35,339
UCL122067,3,0,8,64,99,52,42,53,22,336
UCL122068,5,0,14,49,65,48,33,53,19,272
UCL122069,5,0,9,60,80,58,23,36,18,282
UCL122070,4,0,9,79,104,55,36,57,29,356
UCL122071,0,0,0,19,18,17,11,21,85,167
UCL122072,0,0,5,62,84,39,21,36,30,271
UCL122073,7,0,10,87,103,47,27,50,18,335
UCL122074,6,0,11,28,47,35,18,43,30,201
UCL122075,3,3,8,42,48,35,29,58,26,236
UCL122076,0,0,5,55,68,44,44,58,25,290
UCL122077,0,0,5,29,35,18,48,59,48,240
UCL122078,0,0,0,52,68,24,35,26,3,211
UCL122079,0,0,0,33,50,31,16,20,18,166
UCL122080,3,4,21,54,100,60,54,74,30,374
UCL122081,0,0,0,39,56,26,15,20,16,168
UCL122082,0,0,3,42,72,34,55,59,32,286
UCL122083,3,3,18,45,80,42,18,43,28,253
UCL122084,0,0,0,69,70,36,19,22,20,246
UCL122085,3,0,8,82,90,55,52,74,32,384
UCL122086,3,5,10,68,102,39,27,55,41,327
UCL122087,3,0,3,77,115,29,38,76,24,352
UCL122088,4,0,8,59,66,16,25,38,15,221
UCL122089,0,0,12,49,86,47,40,59,24,313
UCL122090,0,7,11,55,93,58,40,85,58,393
UCL122091,3,4,13,29,43,39,24,55,37,225
UCL122092,0,0,0,54,64,37,26,38,31,243
UCL122093,3,0,6,35,51,21,17,41,12,179
UCL122094,3,0,3,31,34,30,41,60,21,210
UCL122095,4,0,6,47,67,34,38,107,51,339
UCL122096,0,4,10,22,43,23,31,22,26,177
UCL122097,0,0,3,28,57,23,23,46,27,198
UCL122098,3,5,10,39,78,40,47,49,32,288
UCL122099,0,0,3,84,125,36,39,45,12,340
UCL122100,11,0,15,37,48,27,20,74,38,245
UCL122101,0,0,7,56,75,55,37,38,26,285
UCL122102,3,3,6,48,79,30,27,92,50,322
UCL122103,5,6,10,59,67,39,42,68,26,301
UCL122104,0,0,0,35,51,26,26,25,12,165
UCL122105,0,0,9,38,59,30,14,41,12,185
UCL122106,0,0,3,50,48,19,15,26,22,178
UCL122107,5,9,16,52,81,41,44,62,103,374
UCL122108,0,0,3,34,37,31,29,28,17,181
UCL122109,3,3,16,46,87,76,55,52,37,358
UCL122110,3,0,5,41,84,43,35,51,50,303
UCL122111,3,5,11,23,64,39,31,59,39,250
UCL122112,0,0,0,29,44,20,29,52,17,189
UCL122113,0,0,3,80,108,39,35,69,13,344
UCL122114,0,0,0,65,82,33,27,19,3,225
UCL122115,0,3,3,30,35,21,25,71,43,229
UCL122116,0,0,3,58,79,42,33,36,21,276
UCL122117,0,0,9,34,61,21,22,34,13,186
UCL122118,0,0,0,31,12,4,0,22,22,92
UCL122119,0,0,7,60,104,58,30,47,33,332
UCL122120,0,0,0,68,80,41,29,36,14,273
UCL122121,0,0,3,39,65,34,34,45,30,256
UCL122122,3,0,3,34,54,32,27,25,3,179
UCL122123,3,0,3,46,76,28,35,47,20,254
UCL122124,0,0,3,32,75,28,26,48,49,264
UCL122125,3,4,8,74,86,43,43,40,39,331
UCL122126,0,0,0,61,98,44,47,51,19,321
UCL122127,0,0,0,50,61,21,27,43,20,222
UCL122128,0,0,5,52,69,53,28,36,54,290
UCL122129,0,0,0,77,98,58,46,59,34,373
UCL122130,0,0,3,43,65,27,32,27,19,205
UCL122131,0,0,7,79,99,58,38,62,16,355
UCL122132,0,0,3,18,39,21,37,36,13,166
UCL122133,0,0,0,45,54,36,20,15,21,188
UCL122134,0,0,4,15,50,32,20,43,37,191
UCL122135,0,0,3,56,83,52,17,39,19,265
UCL122136,6,0,14,44,60,34,23,68,46,275
UCL122137,3,3,3,31,35,18,16,49,23,174
UCL122138,0,0,4,43,69,35,42,33,24,244
UCL122139,3,0,6,27,37,34,15,27,32,165
UCL122140,0,0,3,99,67,26,7,49,102,347
UCL122141,8,4,13,38,68,36,50,114,64,378
UCL122142,0,0,9,42,44,22,27,73,48,262
UCL122143,0,0,0,53,105,49,38,34,12,299
UCL122144,3,0,6,20,31,18,10,48,34,154
UCL122145,0,0,0,18,18,48,11,27,3,126
UCL122146,3,6,11,37,65,43,36,64,44,291
UCL122147,9,7,19,52,76,47,40,76,61,348
UCL122148,0,0,3,26,50,33,32,64,23,225
UCL122149,4,3,11,31,38,25,24,40,29,183
UCL122150,0,3,5,73,93,36,21,51,28,294
UCL122151,0,0,0,50,57,16,30,40,21,209
UCL122152,0,0,6,28,51,16,19,24,18,155
UCL122153,22,6,27,69,88,62,37,89,31,375
UCL122154,0,4,10,33,60,31,36,55,34,242
UCL122155,0,8,11,37,50,18,28,44,77,257
UCL122156,0,8,13,19,33,21,28,30,51,190
UCL122157,0,0,3,37,38,25,27,42,16,185
UCL122158,0,0,3,87,103,62,50,50,21,373
UCL122159,0,0,3,43,65,30,27,72,57,290
UCL122160,5,3,10,72,107,60,46,72,36,385
UCL122161,3,4,6,46,88,38,43,38,45,309
UCL122162,4,3,12,33,57,39,33,42,33,239
UCL122163,3,0,5,41,44,38,42,63,38,270
UCL122164,3,0,7,59,101,53,50,79,27,370
UCL122165,0,0,3,63,91,42,32,36,18,288
UCL122166,0,0,0,70,120,67,27,24,44,350
UCL122167,0,0,3,87,87,48,37,67,11,332
UCL122168,23,0,27,31,47,27,19,90,27,247
UCL131777,2629,1572,7371,84324,116972,64114,56355,74460,53349,449576
UCL179997,5,0,10,23,36,19,40,163,93,374
UCL199994,41,26,78,1976,1606,620,412,3500,3428,11545
UCL201001,40767,14601,85254,846346,868337,355081,267514,836910,261440,3435626
UCL203001,2108,940,4593,29503,33471,15125,11555,28644,10921,129222
UCL211001,288,107,617,5975,7763,3312,2629,5843,2377,27901
UCL211002,1122,389,2325,16643,20431,9134,7280,15988,6519,76000
UCL211003,1069,612,2494,16215,20078,9053,7312,14962,6961,74584
UCL211004,305,86,517,8546,9571,4275,4258,11259,3856,41769
UCL212001,419,208,923,5256,6638,3062,2450,6560,3213,27176
UCL212002,547,261,1171,7392,8604,4080,3197,9407,4123,36801
UCL212003,285,103,594,6581,7688,3346,2595,5574,1838,27628
UCL212004,242,186,609,4101,5476,2473,2014,4215,2199,20483
UCL212005,441,193,952,5491,6575,3011,2301,5399,2487,25264
UCL213001,153,48,305,3033,3604,1699,1335,2981,1055,13703
UCL213002,238,151,542,1881,2548,1291,1156,2278,1509,10661
UCL213003,225,85,453,1862,2381,1161,992,2331,1012,9737
UCL213004,201,54,332,1923,2419,1157,1051,1958,953,9459
UCL213005,149,61,353,2131,2694,1461,1199,1951,792,10230
UCL213006,237,105,446,2088,2758,1224,994,2362,1173,10605
UCL213007,226,83,525,2600,3293,1652,1256,2752,1129,12681
UCL213008,122,31,228,2418,2859,1306,1057,2214,594,10440
UCL213009,127,38,255,2132,2666,1210,955,1925,583,9461
UCL213010,272,90,521,2178,2870,1461,1371,3377,1386,12650
UCL213011,235,65,443,1932,2461,1239,1168,2911,1502,11213
UCL213012,190,63,418,3297,4361,2114,1463,2225,874,14333
UCL213013,177,67,329,1394,2082,1049,878,1942,985,8336
UCL213014,225,80,445,2124,2862,1364,1148,2330,1142,10969
UCL213015,168,82,380,1706,2051,988,798,1866,1199,8603
UCL213016,138,32,261,3309,3873,1822,1291,1907,821,13025
UCL213017,317,325,852,2912,4000,1935,1458,3235,1678,15223
UCL213018,131,126,411,2477,3120,1501,1264,2282,1047,11683
UCL214001,125,54,279,1099,1471,721,599,1421,507,5826
UCL214002,198,89,470,1443,1937,1041,824,1733,869,7848
UCL214003,125,128,376,1393,2237,1089,839,1229,1625,8408
UCL214004,95,30,191,842,977,465,429,1184,544,4437
UCL214005,6,3,17,189,225,99,85,182,81,856
UCL214006,93,62,198,1749,2132,999,851,1175,573,7483
UCL214007,141,111,393,1445,1971,946,759,1561,743,7429
UCL214008,136,36,236,1427,1883,913,723,1354,652,6947
UCL214009,103,41,222,772,1184,609,458,791,405,4223
UCL214010,95,18,149,1109,1408,582,567,1285,547,5491
UCL214011,130,79,293,943,1153,572,514,1102,623,4916
UCL214012,75,103,242,815,1161,657,625,1174,779,5210
UCL214013,106,38,213,777,1044,610,459,794,437,4116
UCL214014,172,75,349,1049,1388,800,705,1636,743,6328
UCL214015,115,66,298,984,1519,879,628,1324,732,6063
UCL214016,64,74,198,866,1129,526,466,1175,775,4937
UCL214017,121,40,245,815,1202,553,468,1128,553,4715
UCL214018,14,6,43,1486,1671,724,649,1375,661,6564
UCL214019,155,94,353,1131,1563,794,742,1525,851,6602
UCL214020,186,99,363,1046,1563,769,682,1503,930,6492
UCL215001,10,4,24,204,286,170,90,133,80,965
UCL215002,74,13,115,366,517,261,225,454,259,2069
UCL215003,56,15,109,439,636,363,217,307,185,2157
UCL215004,11,7,37,214,324,158,109,218,147,1167
UCL215005,29,14,69,351,486,259,218,356,184,1854
UCL215006,17,11,58,401,554,299,206,260,177,1895
UCL215007,70,9,91,779,1105,474,424,647,261,3688
UCL215008,0,0,6,272,413,181,141,160,82,1252
UCL215009,3,3,15,118,193,120,89,134,55,706
UCL215010,25,0,29,368,465,247,167,320,118,1688
UCL215011,33,28,65,147,182,106,98,257,127,918
UCL215012,50,21,96,464,685,361,231,456,262,2452
UCL215013,4,0,3,283,356,143,126,282,130,1317
UCL215014,0,0,3,203,268,132,96,194,80,971
UCL215015,31,24,105,372,564,260,187,317,240,1941
UCL215016,23,17,56,655,784,326,334,658,280,3042
UCL215017,36,13,59,326,366,193,147,343,165,1545
UCL215018,65,29,123,418,621,342,263,562,289,2496
UCL215019,7,0,9,267,384,207,142,224,96,1318
UCL215020,51,19,88,197,218,134,150,314,149,1165
UCL215021,3,5,25,183,272,138,119,190,117,1015
UCL215022,19,4,46,705,892,477,400,838,437,3748
UCL215023,48,11,74,256,300,145,139,331,139,1318
UCL215024,64,14,118,273,362,208,195,380,189,1605
UCL215025,34,18,73,167,238,114,123,220,138,1010
UCL215026,143,57,292,692,1166,564,433,968,439,4251
UCL215027,86,38,148,383,521,303,253,524,308,2285
UCL215028,83,35,154,596,810,405,301,541,299,2948
UCL215029,8,0,9,402,473,175,151,370,180,1747
UCL215030,33,31,84,206,272,174,144,258,169,1222
UCL215031,51,29,103,169,264,133,135,303,190,1186
UCL215032,60,61,173,427,593,312,271,557,305,2465
UCL215033,0,0,4,493,607,227,177,229,65,1793
UCL215034,69,16,114,159,272,127,135,240,109,1040
UCL215035,7,8,19,215,258,133,109,171,84,974
UCL215036,3,0,10,192,249,141,91,152,75,891
UCL215037,42,15,83,219,335,154,185,399,228,1517
UCL215038,43,15,73,206,280,173,137,304,131,1232
UCL215039,29,14,50,151,245,127,117,291,131,1063
UCL215040,81,40,189,547,706,424,338,652,385,3049
UCL215041,26,15,53,385,450,209,178,370,175,1768
UCL215042,9,5,27,238,353,175,139,231,120,1247
UCL215043,96,34,176,556,697,387,334,692,323,2991
UCL215044,144,23,239,832,1037,488,388,873,431,4052
UCL215045,10,0,15,238,293,169,153,186,110,1147
UCL215046,5,4,21,211,219,142,77,197,73,918
UCL215047,6,3,13,240,302,131,117,243,110,1151
UCL215048,23,12,46,187,236,84,105,150,131,895
UCL215049,6,3,30,452,638,354,267,309,178,2198
UCL215050,67,34,145,670,818,459,447,725,394,3509
UCL215051,33,4,64,193,320,201,140,198,80,1126
UCL215052,76,22,144,591,742,342,263,518,306,2767
UCL215053,62,10,98,252,383,179,165,461,224,1668
UCL215054,3,3,21,276,323,147,143,256,110,1247
UCL215055,30,9,54,264,362,207,146,240,145,1364
UCL215056,29,10,55,134,216,115,101,236,102,913
UCL215057,15,5,44,242,430,243,164,210,116,1407
UCL215058,75,36,151,440,553,309,241,525,275,2345
UCL215059,38,14,81,255,369,181,155,350,169,1473
UCL215060,36,23,82,244,280,159,143,257,145,1222
UCL215061,59,19,125,260,327,206,194,385,131,1495
UCL215062,76,40,173,600,760,376,354,671,330,3088
UCL215063,55,23,93,220,377,224,204,392,246,1665
UCL215064,33,14,71,146,207,116,96,207,118,894
UCL215065,88,39,180,510,742,427,319,680,360,3029
UCL215066,49,32,180,633,998,504,344,467,326,3270
UCL215067,73,30,147,444,694,385,276,447,273,2512
UCL215068,62,36,131,372,524,274,249,568,373,2357
UCL215069,14,0,40,588,773,386,270,369,119,2504
UCL215070,19,33,58,253,282,132,99,547,400,1717
UCL215071,43,45,134,390,525,304,306,513,264,2296
UCL215072,20,8,42,635,839,405,342,555,270,3041
UCL215073,5,4,21,177,262,109,105,239,109,1005
UCL215074,26,11,74,320,520,234,177,323,165,1745
UCL215075,31,12,59,218,293,121,106,194,104,1041
UCL215076,6,0,8,338,393,187,132,276,53,1376
UCL215077,51,16,105,294,430,220,228,424,150,1742
UCL215078,5,3,28,291,358,198,222,262,142,1466
UCL215079,69,30,147,590,838,413,356,693,388,3277
UCL215080,37,25,81,283,378,194,184,388,245,1672
UCL215081,50,8,72,207,240,122,107,264,113,1052
UCL215082,8,6,21,176,205,95,86,145,100,811
UCL215083,58,30,113,523,729,338,307,564,296,2757
UCL215084,6,0,9,311,349,171,134,227,110,1298
UCL215085,31,3,43,297,410,245,169,279,214,1626
UCL215086,68,29,138,345,446,249,220,446,238,1943
UCL215087,98,19,142,682,743,370,297,735,319,3154
UCL215088,55,15,83,242,298,146,162,345,149,1337
UCL215089,3,0,7,340,353,193,125,249,63,1324
UCL215090,13,49,93,572,892,446,301,462,341,3005
UCL215091,9,7,40,731,858,396,345,643,213,3183
UCL215092,12,13,25,156,210,107,108,212,126,928
UCL215093,10,0,17,421,505,223,152,296,176,1767
UCL215094,55,12,99,475,631,318,278,476,225,2398
UCL215095,0,4,15,200,252,111,122,137,93,921
UCL215096,41,36,109,256,312,184,163,334,212,1462
UCL215097,23,12,50,148,229,140,98,245,119,980
UCL221001,0,3,5,143,155,69,50,86,55,562
UCL221002,4,9,13,125,177,101,89,128,79,697
UCL221003,18,4,28,112,192,112,110,204,80,804
UCL221004,0,0,9,93,119,58,41,64,39,415
UCL221005,3,0,9,154,138,76,76,97,37,581
UCL221006,13,12,32,100,129,80,61,116,75,558
UCL221007,0,0,3,80,133,76,56,51,31,424
UCL221008,0,3,5,89,137,69,61,57,54,457
UCL221009,32,22,70,116,137,81,97,134,80,642
UCL221010,0,0,3,91,133,68,72,63,33,461
UCL221011,0,7,10,76,119,62,48,80,55,447
UCL221012,3,0,10,87,132,73,54,47,41,430
UCL221013,5,0,9,72,102,55,45,65,34,383
UCL221014,0,3,6,100,166,56,51,62,52,487
UCL221015,4,6,18,151,192,104,79,109,80,724
UCL221016,0,0,10,87,121,55,59,54,27,404
UCL221017,6,3,19,130,181,113,78,128,50,678
UCL221018,21,26,65,132,217,136,104,170,90,844
UCL221019,8,9,40,182,299,193,166,230,147,1220
UCL221020,38,19,75,101,169,76,89,222,85,751
UCL221021,3,5,13,104,157,98,76,112,64,606
UCL221022,7,10,22,114,167,102,71,159,79,698
UCL221023,8,3,19,67,107,51,55,65,70,412
UCL221024,8,6,25,77,132,84,78,150,76,602
UCL221025,5,10,22,148,193,124,74,122,66,737
UCL221026,5,4,10,154,186,93,120,141,73,771
UCL221027,21,24,51,96,132,93,68,129,95,610
UCL221028,22,9,51,103,127,73,60,195,114,667
UCL221029,5,5,18,91,134,78,64,120,74,571
UCL221030,7,4,17,103,155,113,57,76,51,548
UCL221031,0,0,0,106,154,75,60,91,25,507
UCL221032,3,3,11,144,190,90,85,219,91,819
UCL221033,0,0,4,86,145,72,59,84,33,485
UCL221034,3,0,7,82,146,56,49,70,38,442
UCL221035,7,29,50,73,113,54,51,99,93,483
UCL221036,3,0,8,121,172,76,70,125,22,579
UCL221037,35,3,49,75,131,67,74,181,97,628
UCL221038,0,0,4,135,174,87,73,54,44,566
UCL221039,24,4,36,124,151,67,61,100,31,537
UCL221040,4,0,4,183,267,134,93,154,99,932
UCL221041,0,0,3,125,177,84,93,98,57,632
UCL221042,3,10,18,98,154,88,63,129,115,646
UCL221043,0,0,10,84,128,75,68,85,53,489
UCL221044,0,0,4,74,132,49,74,97,38,445
UCL221045,12,10,29,74,153,116,111,202,94,745
UCL221046,12,10,39,135,252,145,117,159,85,892
UCL221047,0,3,3,125,164,79,51,78,58,546
UCL221048,0,3,3,139,191,75,82,100,55,643
UCL221049,0,3,10,125,125,64,48,78,30,462
UCL221050,8,6,20,191,296,174,123,158,118,1063
UCL221051,0,0,0,126,125,94,56,70,23,492
UCL221052,25,10,48,70,144,68,68,174,87,615
UCL221053,7,11,28,111,152,88,62,140,73,629
UCL221054,3,0,9,116,123,43,43,86,25,441
UCL221055,13,8,31,151,168,112,86,105,67,682
UCL221056,3,0,3,81,145,85,76,108,50,543
UCL221057,0,3,5,79,152,86,43,62,46,478
UCL221058,0,0,0,101,168,68,76,74,47,538
UCL221059,5,4,13,102,161,79,44,79,49,520
UCL221060,7,6,21,67,123,89,80,100,61,518
UCL221061,0,0,5,135,146,61,49,189,153,736
UCL221062,30,3,41,135,168,101,104,226,104,840
UCL221063,18,8,33,69,100,52,43,137,83,486
UCL221064,0,0,5,106,137,78,57,77,34,503
UCL221065,4,0,4,79,119,77,49,89,41,441
UCL221066,0,0,6,77,109,39,47,106,26,411
UCL221067,3,0,11,115,186,88,67,90,54,595
UCL221068,34,0,51,129,209,123,92,154,54,760
UCL221069,3,0,12,240,352,178,217,220,81,1291
UCL221070,11,7,36,100,172,99,82,128,69,661
UCL221071,0,0,0,87,116,68,43,36,33,381
UCL221072,9,20,35,87,179,104,66,96,126,662
UCL221073,6,4,16,87,184,98,56,112,36,565
UCL221074,3,8,15,106,151,109,78,112,289,844
UCL221075,34,4,52,86,130,78,78,165,62,593
UCL221076,0,0,3,90,114,48,39,97,53,444
UCL221077,9,3,19,61,135,57,69,142,109,574
UCL221078,3,0,8,96,132,69,58,125,70,544
UCL221079,0,0,0,134,202,114,104,137,70,757
UCL221080,29,9,52,84,116,71,63,110,63,514
UCL221081,52,3,57,141,249,115,73,181,58,812
UCL221082,3,0,16,99,129,59,57,99,44,481
UCL222001,0,3,6,59,76,37,28,24,17,236
UCL222002,0,0,0,82,95,49,45,25,14,309
UCL222003,0,0,0,47,55,28,32,28,6,192
UCL222004,0,0,0,0,6,0,0,7,8,23
UCL222005,0,0,3,45,38,16,17,39,33,188
UCL222006,0,0,3,54,95,52,37,51,32,321
UCL222007,0,0,3,38,42,22,27,32,13,173
UCL222008,0,0,0,37,76,32,24,39,33,237
UCL222009,3,3,9,47,56,45,33,51,45,282
UCL222010,0,0,0,70,73,35,18,57,50,301
UCL222011,0,0,0,57,76,40,33,53,19,272
UCL222012,3,3,12,69,72,41,28,46,25,279
UCL222013,0,0,0,33,57,36,25,33,20,206
UCL222014,3,0,3,79,116,42,37,32,17,327
UCL222015,0,0,3,84,106,50,29,77,33,377
UCL222016,0,0,0,65,92,40,31,63,21,307
UCL222017,0,0,0,95,82,44,40,85,25,370
UCL222018,0,0,0,69,70,46,39,59,33,312
UCL222019,0,0,3,36,52,28,29,32,46,221
UCL222020,3,0,14,46,53,14,23,39,35,203
UCL222021,0,0,0,30,28,12,6,19,77,173
UCL222022,3,0,3,66,93,45,32,46,20,307
UCL222023,0,0,0,35,49,35,21,34,10,192
UCL222024,3,3,8,42,67,38,26,48,16,237
UCL222025,0,4,11,64,107,50,46,45,34,346
UCL222026,0,0,0,65,33,14,18,55,65,246
UCL222027,0,0,3,21,50,24,15,26,19,156
UCL222028,0,0,3,61,82,36,32,28,18,261
UCL222029,3,3,3,49,76,31,29,47,19,248
UCL222030,0,0,6,52,89,52,60,105,58,416
UCL222031,0,0,3,57,59,28,22,39,13,222
UCL222032,0,4,6,76,105,48,28,58,53,369
UCL222033,0,0,5,35,51,28,22,43,25,194
UCL222034,0,0,0,20,46,22,24,29,18,171
UCL222035,0,4,12,29,56,27,24,39,40,219
UCL222036,3,0,10,53,88,29,28,51,23,274
UCL222037,0,0,4,45,56,25,17,31,27,202
UCL222038,0,0,0,29,46,28,27,46,34,212
UCL222039,9,3,19,35,57,47,45,84,31,300
UCL222040,3,0,11,22,35,25,14,35,35,177
UCL222041,0,0,3,37,58,22,23,27,20,184
UCL222042,0,0,0,32,45,29,20,21,21,168
UCL222043,0,0,3,40,82,51,31,40,7,246
UCL222044,0,4,10,48,91,49,38,30,34,290
UCL222045,0,3,9,33,60,33,33,65,28,250
UCL222046,0,3,10,40,38,27,35,40,30,212
UCL222047,3,4,7,76,91,70,58,71,37,392
UCL222048,5,0,7,53,86,43,45,74,41,332
UCL222049,3,0,7,37,50,37,37,53,33,245
UCL222050,0,0,0,38,72,30,13,43,21,230
UCL222051,8,0,20,40,79,46,45,76,39,324
UCL222052,7,0,12,22,37,23,23,51,25,170
UCL222053,6,3,9,42,30,25,28,54,32,206
UCL222054,3,4,11,33,56,37,25,34,22,211
UCL222055,5,3,10,69,107,75,38,47,50,388
UCL222056,3,0,3,62,78,28,36,54,42,305
UCL222057,3,3,7,80,94,67,52,60,37,385
UCL222058,0,0,0,53,71,40,40,61,33,301
UCL222059,3,0,6,58,89,39,34,99,31,351
UCL222060,0,0,3,28,60,34,29,26,22,197
UCL222061,28,0,31,43,66,45,37,110,47,346
UCL222062,0,0,0,48,29,3,7,53,75,216
UCL222063,0,0,0,39,50,20,23,31,12,178
UCL222064,0,0,0,37,24,0,7,34,63,164
UCL222065,3,3,3,19,52,23,23,32,27,172
UCL222066,3,0,11,31,26,18,29,33,23,172
UCL222067,0,0,3,46,56,33,20,32,6,188
UCL222068,26,6,37,61,84,44,50,90,24,356
UCL222069,8,0,11,60,100,40,37,49,25,325
UCL222070,0,0,4,65,92,66,42,50,40,350
UCL222071,0,0,0,34,54,24,24,28,10,171
UCL222072,0,0,6,37,49,16,16,38,26,186
UCL222073,0,0,3,37,58,27,37,50,22,224
UCL222074,3,3,8,43,59,33,54,97,105,385
UCL222075,3,0,5,42,52,20,31,39,20,196
UCL222076,0,0,0,54,90,47,42,39,39,318
UCL222077,0,0,3,46,52,30,11,30,19,185
UCL222078,23,0,32,65,72,47,54,92,35,361
UCL222079,0,0,12,72,57,47,43,53,21,295
UCL222080,3,0,3,30,53,31,30,51,29,230
UCL222081,0,0,0,51,49,25,12,34,39,205
UCL222082,0,0,0,24,46,21,22,22,26,165
UCL222083,0,0,0,60,94,49,43,63,28,329
UCL222084,12,4,24,54,77,37,46,103,36,352
UCL222085,0,0,7,22,36,20,25,44,24,171
UCL222086,18,3,35,67,107,45,70,94,34,410
UCL222087,0,0,4,30,49,31,35,47,16,211
UCL222088,3,0,7,77,100,46,34,40,38,332
UCL222089,5,3,14,90,114,77,49,76,22,430
UCL222090,15,4,26,53,78,39,36,86,28,318
UCL222091,3,4,11,25,58,26,22,21,25,176
UCL222092,3,0,3,39,50,20,14,23,26,166
UCL222093,7,4,9,28,44,15,20,43,16,170
UCL222094,42,3,49,84,119,46,34,88,35,409
UCL222095,15,6,32,65,71,49,49,99,39,368
UCL222096,0,3,7,34,52,22,28,27,27,183
UCL222097,0,0,5,48,52,28,33,55,36,252
UCL222098,0,0,3,77,80,45,39,50,35,325
UCL222099,3,7,20,75,89,47,51,76,42,386
UCL222100,3,0,5,56,101,49,26,46,45,331
UCL222101,3,0,9,45,57,30,25,61,26,252
UCL222102,0,0,3,28,35,23,24,33,12,161
UCL222103,0,0,0,37,63,36,24,24,20,206
UCL222104,5,0,3,62,91,41,41,54,17,310
UCL222105,3,0,10,46,80,32,37,43,19,265
UCL222106,0,0,3,57,82,38,15,40,22,263
UCL222107,0,0,0,63,98,54,70,53,36,373
UCL222108,3,3,12,74,83,60,44,74,47,382
UCL222109,3,0,6,48,71,22,52,59,38,285
UCL222110,3,0,4,63,103,44,36,48,19,318
UCL222111,0,0,0,40,63,29,25,37,20,219
UCL222112,0,0,3,34,40,20,18,30,16,157
UCL222113,0,0,5,47,77,39,29,39,18,250
UCL222114,3,0,4,32,44,17,23,35,17,166
UCL222115,3,4,10,24,40,20,33,58,55,229
UCL222116,0,0,3,41,46,25,32,25,23,195
UCL222117,0,0,4,52,96,36,35,42,37,306
UCL222118,0,0,0,30,50,22,27,33,15,172
UCL222119,0,0,5,33,38,24,17,24,20,162
UCL222120,3,0,3,33,61,25,28,52,20,226
UCL222121,0,0,0,29,62,20,27,49,7,196
UCL222122,0,0,0,35,39,13,21,33,5,153
UCL231777,1874,1031,5266,65857,88290,48448,41792,56898,38177,339459
UCL279997,0,0,0,7,3,3,0,11,3,25
UCL299994,22,12,38,1281,954,324,278,1969,2020,6825
UCL301001,15268,7618,35022,410100,456231,186345,136388,337898,125057,1652019
UCL302001,5129,2893,11505,104860,115934,48210,34662,96763,42118,442549
UCL303001,867,386,1776,24609,31803,12682,9353,23529,13243,115226
UCL303002,3199,1450,7054,44479,56877,26122,18491,38715,16103,200787
UCL303003,1083,833,2882,17308,22014,9999,7776,16248,7595,80935
UCL303004,1089,344,2195,30491,37359,15149,11688,26438,13206,134334
UCL311001,836,355,1688,7249,10000,5078,4548,9961,4125,40961
UCL311002,726,330,1511,7353,10566,5849,5017,10103,4418,43314
UCL311003,678,167,1278,12649,16276,7176,5956,12244,5778,60077
UCL311004,558,386,1403,10255,12932,5981,4620,10201,5003,48997
UCL312001,161,54,334,5529,7180,2973,2814,5030,2356,25878
UCL312002,360,139,730,3101,4293,2338,2246,4345,1920,18248
UCL313001,100,41,217,1668,2638,1304,1090,1763,623,9090
UCL313002,282,278,876,2675,3921,2364,1821,3725,1675,16183
UCL313003,124,46,245,1895,2407,1052,1031,1896,906,9187
UCL313004,26,13,55,2156,2675,1135,1041,1473,1476,9951
UCL313005,56,11,89,1534,2208,993,905,1508,705,7851
UCL313006,206,229,642,2743,3591,1865,1782,3058,1619,14655
UCL313007,148,47,268,1542,1991,1088,911,1622,711,7868
UCL313008,27,19,81,2939,3714,1444,1185,2678,1956,13923
UCL313009,295,136,619,3091,3956,1865,1521,2917,1238,14592
UCL313010,177,62,374,2046,2732,1503,1360,2411,923,10976
UCL313011,204,62,411,2641,3619,1761,1374,2618,1298,13311
UCL314001,11,6,34,1731,1965,793,597,1278,1202,7559
UCL314002,126,55,275,984,1391,725,633,1260,633,5625
UCL314003,123,59,282,1333,1650,791,751,1537,786,6845
UCL314004,161,28,246,875,1052,515,467,1179,592,4680
UCL314005,92,10,138,818,1027,515,422,803,328,3912
UCL314006,48,14,92,932,1141,512,456,866,472,4381
UCL314007,86,55,191,1244,1725,827,714,1717,973,7196
UCL314008,89,32,180,1132,1442,755,667,1505,872,6364
UCL314009,57,34,135,848,1040,544,491,831,705,4464
UCL314010,78,45,171,1162,1167,498,461,1400,553,5247
UCL314011,63,28,122,873,1060,481,409,898,568,4289
UCL314012,50,17,95,892,1264,544,487,888,460,4542
UCL314013,47,17,125,1565,2177,1112,925,1022,391,7192
UCL314014,166,28,265,977,1291,612,566,1560,823,5833
UCL314015,3,3,15,940,1144,498,417,693,260,3963
UCL314016,98,47,237,1096,1446,780,633,1371,934,6261
UCL314017,4,4,8,1266,1638,605,647,911,782,5857
UCL314018,3,0,9,1065,1432,520,387,580,132,4111
UCL314019,72,26,129,1091,1356,600,425,1142,705,5322
UCL314020,59,40,153,1332,1853,1065,950,1563,692,7462
UCL314021,56,35,172,1149,1760,930,764,811,665,6075
UCL314022,40,10,75,1531,2102,995,872,1208,520,7235
UCL315001,4,0,9,351,507,253,176,212,121,1627
UCL315002,8,9,26,134,255,164,146,182,136,1020
UCL315003,0,0,0,567,158,17,7,114,35,899
UCL315004,0,0,6,197,217,74,64,149,56,766
UCL315005,34,14,75,507,711,391,369,639,247,2868
UCL315006,0,0,4,727,907,366,363,571,479,3419
UCL315007,76,25,141,373,565,263,258,546,218,2233
UCL315008,12,3,34,398,539,309,300,524,178,2251
UCL315009,9,4,28,134,252,185,172,297,122,1171
UCL315010,6,10,18,487,638,313,324,366,286,2414
UCL315011,0,4,5,146,210,141,104,128,100,839
UCL315012,36,5,58,147,253,141,124,302,144,1115
UCL315013,3,3,10,365,451,200,170,267,134,1582
UCL315014,5,0,9,394,553,247,173,307,131,1799
UCL315015,38,22,83,454,569,271,186,640,296,2429
UCL315016,5,0,5,208,214,39,15,289,46,807
UCL315017,16,20,55,174,241,128,159,241,169,1104
UCL315018,22,7,51,282,409,202,187,255,199,1530
UCL315019,32,11,58,149,232,122,122,250,118,1001
UCL315020,8,8,17,307,397,170,155,392,354,1764
UCL315021,10,0,22,158,205,119,96,200,156,927
UCL315022,10,8,28,238,344,146,108,279,272,1388
UCL315023,12,8,32,298,515,332,377,535,214,2265
UCL315024,48,9,99,491,629,290,292,476,205,2383
UCL315025,48,20,83,214,314,204,226,334,115,1406
UCL315026,5,3,13,136,208,111,114,138,88,795
UCL315027,4,7,31,294,474,219,166,199,106,1466
UCL315028,0,0,0,491,98,12,5,203,44,862
UCL315029,0,0,0,313,410,154,188,309,418,1791
UCL315030,24,74,130,575,920,480,518,644,476,3615
UCL315031,5,3,11,415,511,239,270,346,197,1991
UCL315032,16,28,54,216,335,156,141,322,272,1443
UCL315033,14,7,42,581,833,383,358,470,210,2833
UCL315034,5,0,8,214,289,160,113,168,65,1011
UCL315035,0,0,10,336,441,217,190,218,92,1480
UCL315036,0,0,0,97,149,142,138,178,91,793
UCL315037,0,0,0,429,271,46,23,292,661,1722
UCL315038,0,3,12,190,288,140,139,195,132,1074
UCL315039,25,45,108,424,541,332,313,491,338,2434
UCL315040,9,16,33,126,151,99,148,216,171,908
UCL315041,110,38,233,622,847,427,442,882,439,3664
UCL315042,8,0,20,310,421,203,145,294,106,1480
UCL315043,15,4,31,676,916,424,327,662,226,3233
UCL315044,11,3,23,679,1055,463,455,651,310,3619
UCL315045,38,7,57,236,348,158,158,436,173,1506
UCL315046,0,0,9,251,338,184,169,248,90,1280
UCL315047,9,3,12,219,331,198,188,302,128,1365
UCL315048,12,3,20,317,531,287,205,270,234,1852
UCL315049,104,24,160,417,618,318,305,771,366,2794
UCL315050,20,8,42,633,877,407,376,524,292,3110
UCL315051,8,0,8,397,563,279,212,388,190,2032
UCL315052,36,11,70,436,624,229,183,473,276,2224
UCL315053,33,4,63,521,675,355,375,664,368,2954
UCL315054,17,8,37,341,559,344,328,594,240,2411
UCL315055,50,7,76,230,346,203,175,317,139,1396
UCL315056,71,11,110,427,703,413,286,445,145,2423
UCL315057,9,3,11,356,473,200,213,262,177,1679
UCL315058,0,0,0,251,300,135,99,157,48,982
UCL315059,0,3,3,318,503,239,229,217,100,1613
UCL315060,0,0,0,285,350,142,142,180,215,1322
UCL315061,20,20,46,155,240,90,72,189,151,898
UCL315062,8,13,34,176,271,131,136,247,133,1092
UCL315063,38,15,72,112,203,106,99,220,125,860
UCL315064,15,7,34,510,707,370,293,350,168,2395
UCL315065,6,7,16,292,385,207,227,334,269,1717
UCL315066,14,7,38,276,330,160,124,278,247,1403
UCL315067,36,7,63,245,435,243,282,580,257,2040
UCL315068,0,4,9,210,266,145,142,240,169,1171
UCL315069,0,4,3,136,200,101,81,133,129,787
UCL315070,22,9,40,157,193,92,88,292,133,951
UCL315071,55,7,76,242,376,181,188,437,215,1640
UCL315072,50,17,83,378,581,359,349,666,425,2773
UCL315073,4,9,21,154,277,137,89,181,189,1027
UCL315074,74,9,105,561,776,415,385,926,316,3379
UCL315075,0,0,0,853,243,71,77,352,64,1662
UCL315076,77,22,141,703,978,466,359,604,202,3302
UCL315077,90,80,202,397,562,247,268,526,382,2376
UCL315078,6,3,30,284,359,223,172,237,131,1410
UCL315079,3,42,49,875,982,360,213,656,678,3760
UCL315080,47,45,125,459,684,279,272,652,401,2756
UCL315081,4,3,6,208,237,148,111,173,156,1033
UCL315082,4,0,6,194,261,129,88,147,52,867
UCL315083,3,0,6,210,325,209,192,273,98,1308
UCL315084,71,4,103,350,450,240,187,453,180,1861
UCL315085,13,6,35,374,588,379,273,622,255,2485
UCL315086,6,0,19,422,524,304,188,171,93,1696
UCL315087,50,12,80,437,658,257,290,677,360,2685
UCL315088,18,6,40,357,471,195,173,474,193,1865
UCL315089,109,35,208,689,1003,538,517,957,406,4115
UCL315090,11,0,15,435,451,114,112,584,431,2122
UCL315091,0,0,0,146,198,87,105,98,140,767
UCL315092,31,23,83,247,445,287,276,467,292,2018
UCL315093,33,11,55,149,158,120,122,230,85,860
UCL315094,5,7,17,237,445,266,219,354,139,1665
UCL315095,39,17,77,355,408,167,148,517,237,1832
UCL315096,11,12,33,533,691,316,255,404,292,2488
UCL315097,6,0,8,229,284,115,114,181,98,1023
UCL315098,0,0,3,607,834,277,239,548,354,2867
UCL315099,9,3,7,583,697,314,259,412,180,2438
UCL315100,3,3,8,217,255,109,127,246,85,1041
UCL315101,3,0,11,268,389,187,136,193,85,1257
UCL315102,44,14,82,203,365,163,198,377,180,1497
UCL315103,3,4,13,174,266,147,113,146,184,1033
UCL315104,56,14,83,280,389,220,186,387,1140,2593
UCL315105,12,8,31,114,220,161,168,211,121,992
UCL315106,0,3,3,213,297,134,123,165,93,1025
UCL315107,12,6,28,322,382,193,173,313,153,1526
UCL315108,4,0,5,473,321,136,200,517,51,1687
UCL315109,3,0,9,641,799,327,295,477,286,2819
UCL315110,20,7,35,121,239,136,127,128,85,835
UCL321001,0,0,3,131,196,112,81,123,87,729
UCL321002,3,0,6,70,121,60,79,96,36,471
UCL321003,44,10,76,115,162,76,91,189,64,701
UCL321004,0,3,4,78,103,57,51,118,29,437
UCL321005,0,0,7,99,121,74,72,94,85,544
UCL321006,10,6,36,146,200,94,90,186,83,797
UCL321007,0,0,0,153,116,27,88,125,26,525
UCL321008,0,0,5,171,240,94,96,193,129,919
UCL321009,4,0,11,110,172,123,133,176,101,815
UCL321010,13,13,36,192,261,118,115,216,127,1030
UCL321011,0,0,3,83,145,65,50,80,42,473
UCL321012,6,3,16,139,183,76,66,135,94,690
UCL321013,0,0,3,111,186,86,100,78,54,615
UCL321014,27,7,53,84,119,79,71,158,85,602
UCL321015,0,3,4,119,170,109,89,84,44,616
UCL321016,0,0,3,129,201,83,78,147,62,704
UCL321017,18,3,36,137,192,117,118,225,98,884
UCL321018,11,0,18,78,107,76,61,142,57,526
UCL321019,0,0,6,154,239,108,100,96,51,750
UCL321020,3,0,3,81,138,84,77,112,51,540
UCL321021,0,0,4,132,223,99,109,117,55,731
UCL321022,0,0,3,107,152,104,65,117,51,598
UCL321023,3,0,4,98,137,91,98,123,44,585
UCL321024,0,0,3,103,148,72,57,49,42,468
UCL321025,7,3,12,114,151,91,77,127,41,596
UCL321026,3,0,8,77,127,72,33,64,49,419
UCL321027,7,0,6,121,147,71,69,115,77,600
UCL321028,3,0,3,137,177,74,91,148,122,746
UCL321029,7,3,13,102,216,120,71,108,60,681
UCL321030,3,0,3,76,104,51,77,115,61,479
UCL321031,4,3,11,114,230,97,114,113,58,723
UCL321032,3,4,13,295,432,222,196,237,97,1474
UCL321033,3,0,5,90,114,53,44,79,75,450
UCL321034,8,11,18,131,186,76,54,230,105,786
UCL321035,10,5,13,197,309,197,187,292,204,1387
UCL321036,0,0,0,155,181,74,45,60,35,547
UCL321037,0,0,3,117,157,98,77,92,69,615
UCL321038,5,0,14,132,164,105,75,129,73,674
UCL321039,0,0,10,112,187,114,116,134,54,709
UCL321040,10,8,25,180,264,166,159,206,85,1072
UCL321041,3,0,11,156,239,109,69,114,67,753
UCL321042,8,0,18,128,222,156,141,125,69,833
UCL321043,0,0,11,91,171,81,65,75,31,515
UCL321044,23,15,45,110,159,102,83,173,94,711
UCL321045,0,0,3,68,134,62,55,83,38,441
UCL321046,0,0,0,95,111,44,41,66,67,427
UCL321047,0,0,3,83,125,57,62,64,74,464
UCL321048,4,0,10,301,384,200,170,287,90,1430
UCL321049,3,0,10,150,297,168,214,288,159,1279
UCL321050,0,0,0,134,216,103,84,84,40,655
UCL321051,0,0,5,84,134,87,71,53,39,469
UCL321052,3,0,5,111,141,79,73,126,49,581
UCL321053,5,0,4,66,90,63,53,76,63,418
UCL321054,0,0,0,81,116,48,46,61,30,389
UCL321055,3,5,17,103,127,66,83,98,76,551
UCL321056,23,0,33,98,167,89,94,194,88,735
UCL321057,3,0,7,71,171,154,52,101,53,605
UCL321058,0,0,0,61,74,21,18,156,54,389
UCL321059,0,0,0,88,144,72,62,81,64,512
UCL321060,11,0,23,153,212,107,81,191,119,869
UCL321061,10,9,27,88,158,64,65,166,98,638
UCL321062,0,0,0,182,54,11,7,51,17,323
UCL321063,27,8,42,186,214,135,132,217,114,1002
UCL321064,4,5,7,95,160,67,93,124,70,605
UCL321065,3,0,4,79,106,43,51,116,73,475
UCL321066,3,0,10,153,248,141,88,112,73,818
UCL321067,32,3,44,95,139,72,80,154,56,598
UCL321068,11,0,15,75,131,68,64,132,105,574
UCL321069,3,0,7,206,129,132,77,126,30,694
UCL321070,3,0,9,148,206,131,108,114,54,763
UCL321071,3,3,14,78,117,87,94,126,40,546
UCL321072,0,0,12,175,238,126,139,208,89,977
UCL321073,0,0,0,120,46,33,105,98,65,476
UCL321074,0,0,5,151,200,95,63,103,48,659
UCL321075,8,4,29,147,245,119,102,130,84,815
UCL321076,0,0,8,103,153,58,56,63,44,472
UCL321077,3,0,8,85,133,75,57,62,36,443
UCL321078,3,0,3,128,183,97,67,103,36,617
UCL321079,29,0,33,148,205,99,83,157,94,787
UCL321080,0,4,9,115,198,95,81,97,86,673
UCL321081,10,0,20,102,164,69,63,190,66,650
UCL321082,3,0,4,132,208,97,72,78,94,687
UCL321083,0,0,0,224,201,30,15,177,14,662
UCL321084,0,0,0,75,74,42,28,80,110,405
UCL321085,0,0,0,97,150,69,66,77,29,488
UCL321086,4,3,5,153,174,67,50,292,162,905
UCL321087,7,0,12,240,342,160,147,179,644,1710
UCL321088,4,4,8,83,94,92,105,122,144,645
UCL321089,3,0,3,103,102,65,66,67,28,438
UCL321090,5,0,12,171,239,118,123,218,111,978
UCL321091,3,5,9,132,172,98,57,68,106,634
UCL321092,0,0,0,293,110,12,10,75,16,511
UCL321093,3,0,4,90,175,78,35,60,18,465
UCL321094,3,0,6,88,119,39,57,96,50,444
UCL321095,5,5,21,106,159,80,88,150,116,703
UCL321096,3,0,13,76,102,37,48,100,52,419
UCL321097,3,0,5,77,121,68,75,120,120,572
UCL321098,3,3,13,121,193,103,77,85,44,619
UCL321099,0,3,6,64,99,51,53,118,129,514
UCL321100,4,3,10,105,141,80,90,112,41,567
UCL321101,6,3,9,97,126,76,63,101,18,476
UCL321102,5,3,13,130,197,100,101,119,100,743
UCL321103,10,7,24,151,143,81,76,129,93,666
UCL321104,4,0,13,115,229,133,88,118,75,755
UCL321105,3,9,23,100,139,56,69,126,148,632
UCL321106,22,5,31,66,116,38,61,131,41,446
UCL321107,19,6,35,82,125,69,79,177,78,620
UCL321108,0,0,4,129,153,84,67,99,28,564
UCL321109,7,0,8,148,230,121,83,164,87,836
UCL321110,10,0,21,180,313,160,144,147,76,1013
UCL321111,14,8,32,127,219,95,80,186,95,802
UCL321112,9,4,16,97,166,82,72,129,63,610
UCL321113,6,4,14,84,114,51,54,109,51,462
UCL321114,13,5,23,144,189,59,61,184,90,732
UCL321115,4,0,11,123,227,114,116,124,31,726
UCL321116,0,3,9,106,172,82,77,114,78,636
UCL321117,0,0,0,265,103,29,30,148,69,637
UCL321118,0,0,0,74,122,55,58,154,71,543
UCL321119,12,5,23,98,150,98,97,158,124,731
UCL322001,0,0,0,59,94,41,46,28,32,295
UCL322002,3,0,3,44,81,27,30,66,27,273
UCL322003,0,0,0,30,65,22,23,31,48,214
UCL322004,5,4,11,57,94,43,36,52,36,329
UCL322005,0,0,0,35,38,26,25,58,23,208
UCL322006,0,0,8,61,86,43,67,59,25,351
UCL322007,0,0,8,53,71,38,23,37,19,231
UCL322008,14,0,12,52,77,39,38,94,36,340
UCL322009,3,3,10,33,53,17,35,44,39,221
UCL322010,0,0,0,36,66,52,31,58,23,275
UCL322011,0,5,6,56,76,42,27,57,33,290
UCL322012,0,4,5,44,81,43,34,32,39,273
UCL322013,3,6,12,69,89,49,44,53,48,349
UCL322014,0,0,8,35,86,41,45,40,29,274
UCL322015,0,0,0,41,65,31,23,37,17,218
UCL322016,0,0,0,65,17,0,3,38,41,174
UCL322017,4,0,10,38,82,64,60,79,42,374
UCL322018,3,0,8,41,80,55,33,43,24,271
UCL322019,0,0,0,33,54,17,14,64,49,223
UCL322020,3,0,3,20,34,19,22,21,22,143
UCL322021,0,0,0,64,116,41,43,79,56,401
UCL322022,0,0,0,11,26,13,11,44,32,141
UCL322023,4,0,3,49,102,48,54,65,36,368
UCL322024,3,0,7,48,94,42,68,59,26,335
UCL322025,0,3,12,84,89,59,46,65,42,397
UCL322026,0,0,0,18,19,0,12,37,31,117
UCL322027,0,0,0,15,33,16,26,23,45,160
UCL322028,0,0,0,43,35,17,27,51,21,190
UCL322029,0,0,0,21,27,11,3,35,48,150
UCL322030,0,0,3,50,69,30,26,44,23,238
UCL322031,0,0,0,25,40,33,97,12,35,237
UCL322032,0,0,0,53,48,42,48,56,32,285
UCL322033,0,0,0,37,77,41,36,51,16,254
UCL322034,0,0,3,13,36,18,3,25,14,113
UCL322035,0,0,0,33,8,0,4,28,26,110
UCL322036,4,3,13,49,68,42,45,62,49,312
UCL322037,5,0,7,41,55,36,43,88,49,304
UCL322038,0,0,9,60,102,59,53,111,44,427
UCL322039,0,3,4,22,26,19,18,40,24,155
UCL322040,12,3,16,53,64,29,41,108,59,349
UCL322041,0,0,8,32,51,26,31,48,35,212
UCL322042,0,0,0,55,78,48,28,38,27,274
UCL322043,0,0,0,58,14,13,60,49,33,234
UCL322044,0,0,0,34,63,22,29,45,32,231
UCL322045,0,0,4,49,70,31,27,42,40,269
UCL322046,0,0,0,29,54,33,21,43,16,187
UCL322047,3,0,7,65,81,42,36,73,48,338
UCL322048,0,0,0,119,92,39,32,82,39,397
UCL322049,0,0,0,3,0,0,0,3,39,45
UCL322050,0,0,0,30,57,27,27,52,24,226
UCL322051,0,0,0,44,51,28,15,68,18,225
UCL322052,0,0,0,35,52,25,17,35,13,176
UCL322053,0,0,4,26,31,19,16,43,25,157
UCL322054,0,0,0,32,66,35,32,53,24,237
UCL322055,0,0,3,43,62,50,39,49,39,279
UCL322056,4,6,14,45,61,57,49,82,42,345
UCL322057,0,0,0,55,35,23,23,24,20,173
UCL322058,0,0,0,64,102,52,46,58,13,328
UCL322059,4,3,8,42,113,36,41,64,53,348
UCL322060,0,0,0,85,22,16,0,58,26,212
UCL322061,3,0,14,69,94,47,49,64,44,364
UCL322062,4,0,4,51,69,33,26,60,24,264
UCL322063,3,0,9,60,89,35,20,96,42,340
UCL322064,0,0,3,17,44,20,22,43,5,161
UCL322065,0,0,3,39,32,18,16,33,42,180
UCL322066,0,0,0,26,54,29,28,40,17,196
UCL322067,3,0,7,34,48,29,36,37,10,194
UCL322068,4,0,6,40,70,47,27,49,46,289
UCL322069,5,0,7,45,81,57,45,89,39,356
UCL322070,3,0,11,59,74,54,57,104,34,382
UCL322071,0,0,0,10,10,37,0,23,36,119
UCL322072,0,0,3,16,46,20,26,58,34,203
UCL322073,0,4,17,52,88,62,52,73,49,375
UCL322074,0,0,3,23,58,34,24,48,20,213
UCL322075,0,0,0,16,78,7,0,29,10,135
UCL322076,0,0,0,98,45,25,7,37,13,219
UCL322077,0,0,0,132,55,3,7,61,67,323
UCL322078,0,0,0,33,33,27,8,37,15,155
UCL322079,0,0,0,53,66,45,28,26,13,223
UCL322080,0,3,5,18,28,33,31,42,25,178
UCL322081,3,3,9,43,48,30,34,48,29,244
UCL322082,3,0,4,49,77,48,59,70,31,334
UCL322083,0,3,3,23,37,16,19,38,28,168
UCL322084,4,0,3,17,18,14,28,63,35,175
UCL322085,0,0,4,95,97,56,45,60,39,387
UCL322086,3,0,6,39,50,24,36,47,16,202
UCL322087,0,0,6,71,115,64,42,29,44,357
UCL322088,0,0,4,30,44,17,27,30,45,193
UCL322089,0,0,3,68,90,40,37,63,40,331
UCL322090,0,0,3,37,44,23,20,33,14,178
UCL322091,3,3,7,30,45,18,37,27,23,191
UCL322092,0,0,0,30,59,107,8,33,12,238
UCL322093,3,3,9,53,77,38,39,39,32,268
UCL322094,0,0,3,23,50,35,24,23,17,172
UCL322095,4,4,9,37,65,32,43,78,39,302
UCL322096,0,0,3,79,95,59,51,66,40,387
UCL322097,3,0,4,69,113,51,46,48,27,358
UCL322098,0,0,3,50,82,36,20,46,24,269
UCL322099,0,0,0,63,106,38,33,26,17,291
UCL322100,0,0,9,59,99,73,81,81,65,458
UCL322101,3,3,8,32,55,22,57,43,18,219
UCL322102,3,0,3,88,21,4,0,130,24,263
UCL322103,0,0,3,70,80,49,32,47,40,317
UCL322104,3,0,3,59,88,42,29,53,86,360
UCL322105,0,0,3,29,38,34,19,44,35,194
UCL322106,9,3,13,63,110,59,52,62,88,434
UCL322107,0,0,0,28,42,25,22,47,23,183
UCL322108,0,0,0,11,21,12,12,6,3,65
UCL322109,0,5,5,28,38,20,19,34,33,176
UCL322110,0,0,0,45,85,41,26,68,27,292
UCL322111,0,0,9,69,80,46,30,77,35,335
UCL322112,0,0,0,42,64,26,26,44,43,251
UCL322113,3,0,3,46,69,35,31,35,13,231
UCL322114,0,0,0,29,34,11,56,24,18,176
UCL322115,8,7,18,43,72,37,34,92,46,327
UCL322116,0,0,5,54,64,28,27,67,21,274
UCL322117,0,0,0,65,120,51,40,68,38,383
UCL322118,0,0,3,38,45,37,28,24,13,181
UCL322119,8,3,18,30,76,48,44,53,52,292
UCL322120,0,0,3,37,68,28,28,22,24,203
UCL322121,0,0,0,47,55,24,17,60,21,223
UCL322122,0,0,3,48,75,52,46,49,31,307
UCL322123,3,3,14,67,102,37,27,88,67,376
UCL322124,4,5,10,49,80,59,50,97,65,403
UCL322125,0,0,0,35,71,38,38,40,48,276
UCL322126,0,0,0,33,37,16,37,29,19,174
UCL322127,0,0,4,23,53,23,24,40,14,164
UCL322128,0,0,11,31,52,39,31,54,34,240
UCL322129,23,3,30,48,56,18,25,76,18,238
UCL322130,0,0,4,47,100,60,57,75,71,408
UCL322131,0,0,0,57,40,23,80,31,3,246
UCL322132,4,0,9,51,52,29,26,42,28,239
UCL322133,4,3,7,52,85,46,55,89,47,380
UCL322134,3,0,4,49,70,44,31,63,27,280
UCL322135,0,0,3,33,41,27,16,33,8,159
UCL322136,0,0,3,51,63,37,29,61,30,267
UCL322137,0,0,0,50,42,10,21,36,0,158
UCL322138,3,0,3,14,22,17,11,32,19,113
UCL322139,0,0,0,79,48,57,6,27,8,217
UCL322140,0,0,0,65,91,51,44,21,12,287
UCL322141,0,0,0,22,45,32,27,41,14,171
UCL322142,3,0,3,24,28,25,29,62,14,183
UCL322143,0,0,0,80,39,11,6,37,4,172
UCL331777,1468,914,4307,64626,89388,48459,45662,59557,42036,349730
UCL379997,0,3,4,23,24,19,6,50,23,144
UCL399994,25,11,44,2026,1961,823,592,3533,2759,11693
UCL401001,15672,4795,31706,219312,266897,116237,80731,216324,64827,964327
UCL412001,286,128,677,4476,6064,2852,2138,4390,1575,21487
UCL412002,365,115,693,4361,5652,2730,1988,4564,1682,20972
UCL412003,193,84,428,3048,4467,2237,1863,4064,1681,17359
UCL413001,75,29,254,2660,4066,1982,1258,1445,624,12045
UCL413002,166,57,324,3004,3914,1849,1341,2097,912,13119
UCL413003,200,75,459,2707,3471,1621,1382,3180,1531,13885
UCL413004,116,43,243,1679,2424,1170,1056,2397,1739,10458
UCL413005,179,40,390,2294,3020,1443,1159,2330,1087,11341
UCL413006,230,65,422,1849,2648,1435,1319,3037,1053,11346
UCL413007,413,158,903,2180,3468,2182,1608,2775,1132,13342
UCL414001,192,71,390,1070,1843,1014,796,1439,637,6803
UCL414002,73,62,193,882,1047,497,376,951,390,4149
UCL414003,104,30,214,934,1327,716,565,824,288,4663
UCL414004,65,62,197,868,1247,669,600,726,405,4513
UCL415001,12,5,40,345,499,236,199,259,118,1656
UCL415002,4,3,23,448,618,312,238,397,115,2133
UCL415003,63,28,116,279,396,215,171,374,130,1568
UCL415004,7,3,26,327,404,193,117,181,85,1293
UCL415005,74,16,129,268,341,216,163,459,173,1626
UCL415006,61,31,143,616,842,407,357,737,369,3327
UCL415007,20,59,138,475,553,241,215,426,296,2208
UCL415008,13,25,59,340,464,203,143,342,266,1754
UCL415009,76,17,147,542,758,384,319,517,216,2735
UCL415010,0,5,17,202,298,116,99,356,288,1363
UCL415011,37,4,60,159,269,157,156,268,69,1080
UCL415012,34,4,44,312,454,217,174,289,112,1560
UCL415013,116,23,184,371,484,227,194,398,140,1811
UCL415014,39,12,86,227,295,151,150,256,82,1170
UCL415015,74,35,144,670,898,512,466,787,422,3756
UCL415016,16,3,45,407,598,312,276,372,159,2120
UCL415017,43,22,86,236,433,205,163,295,193,1535
UCL415018,30,14,63,260,344,196,179,272,154,1409
UCL415019,7,0,13,269,375,158,153,246,124,1316
UCL415020,40,6,65,348,511,246,212,302,112,1717
UCL415021,85,39,185,618,859,422,334,671,286,3194
UCL415022,4,3,13,310,403,225,155,204,154,1446
UCL415023,42,14,68,150,213,114,98,202,91,869
UCL415024,49,24,116,293,514,263,231,507,251,2059
UCL415025,3,0,7,198,280,113,77,91,34,793
UCL415026,99,28,197,537,763,383,276,525,228,2704
UCL415027,58,79,191,665,979,556,488,807,424,3927
UCL415028,82,26,165,571,949,520,394,827,362,3624
UCL415029,3,3,11,160,258,128,110,125,58,849
UCL415030,9,0,23,886,1246,539,377,464,240,3756
UCL415031,10,14,45,270,439,304,230,276,148,1672
UCL415032,33,11,58,207,291,140,114,220,94,1073
UCL415033,9,14,41,155,283,146,155,304,164,1219
UCL415034,44,19,85,122,213,149,101,230,110,932
UCL415035,105,41,213,718,864,440,349,1032,462,3870
UCL415036,13,10,39,175,244,130,84,150,101,878
UCL415037,0,0,0,541,781,316,269,391,278,2572
UCL415038,21,4,38,181,328,168,130,276,112,1191
UCL415039,121,41,224,743,1013,526,392,635,278,3590
UCL415040,33,30,88,207,314,182,157,247,134,1240
UCL415041,11,7,25,289,395,200,163,311,145,1504
UCL415042,61,14,116,218,352,189,126,376,134,1391
UCL415043,29,70,115,548,853,478,453,701,408,3444
UCL415044,24,6,45,358,493,240,174,291,133,1694
UCL415045,7,7,42,347,552,285,185,243,97,1713
UCL415046,53,8,85,314,417,222,174,293,101,1527
UCL421001,0,0,8,102,136,67,55,68,32,465
UCL421002,42,14,74,145,243,153,146,274,81,1047
UCL421003,4,0,16,151,221,108,69,93,63,707
UCL421004,10,8,26,119,207,114,100,160,78,768
UCL421005,27,11,56,126,158,83,93,135,68,670
UCL421006,0,0,8,94,150,81,58,71,22,468
UCL421007,0,0,6,104,133,80,74,88,39,527
UCL421008,15,16,45,149,203,132,96,151,99,828
UCL421009,18,16,38,108,141,92,78,116,73,607
UCL421010,0,0,0,105,148,72,47,41,21,441
UCL421011,21,3,33,74,138,47,76,105,42,487
UCL421012,4,0,12,77,134,72,65,113,54,515
UCL421013,5,0,11,155,219,130,108,89,57,760
UCL421014,33,3,42,119,157,91,66,122,42,600
UCL421015,17,10,30,82,97,70,69,105,74,493
UCL421016,0,0,3,84,111,59,45,34,33,358
UCL421017,22,10,55,180,232,116,97,155,110,891
UCL421018,16,3,30,96,135,70,63,110,41,512
UCL421019,11,4,27,92,110,69,53,101,64,481
UCL421020,3,0,7,148,273,114,85,100,65,789
UCL421021,3,11,18,108,168,72,62,127,61,593
UCL421022,4,3,6,150,220,73,62,88,40,643
UCL421023,15,7,36,116,143,117,84,175,77,712
UCL421024,7,0,13,156,249,120,85,140,41,784
UCL421025,4,3,13,93,172,90,80,144,67,651
UCL421026,34,4,58,112,150,91,92,161,73,677
UCL421027,12,14,28,99,129,61,51,101,38,482
UCL421028,0,0,6,133,150,75,36,60,20,476
UCL421029,16,11,32,76,109,59,56,92,49,447
UCL421030,3,4,15,145,206,109,89,163,99,819
UCL421031,20,3,27,80,122,50,48,111,61,470
UCL421032,0,11,17,82,153,70,72,115,90,572
UCL421033,0,3,8,88,89,46,41,154,35,453
UCL421034,11,8,29,161,238,125,124,221,92,965
UCL421035,32,6,61,114,185,90,71,165,52,680
UCL421036,0,0,7,178,205,94,95,127,32,731
UCL421037,35,3,53,61,134,75,56,132,40,509
UCL421038,13,15,52,145,204,115,94,140,114,809
UCL421039,21,3,29,173,224,124,77,100,43,741
UCL421040,0,0,3,143,164,49,47,126,35,574
UCL421041,3,6,10,87,129,57,71,64,47,451
UCL421042,14,4,24,76,125,51,53,78,43,427
UCL421043,6,4,14,80,167,103,79,100,69,593
UCL421044,11,0,20,93,139,88,76,108,40,537
UCL422001,0,0,3,36,45,31,35,24,28,198
UCL422002,0,0,3,56,94,62,17,63,40,333
UCL422003,0,0,3,24,55,23,23,37,37,208
UCL422004,3,3,6,47,72,33,27,56,42,273
UCL422005,0,0,5,31,65,16,26,37,16,189
UCL422006,3,3,11,72,96,37,30,65,36,337
UCL422007,8,0,19,49,106,66,47,73,27,368
UCL422008,3,3,10,34,33,31,35,43,40,216
UCL422009,3,3,9,65,93,35,37,80,18,329
UCL422010,23,4,36,49,55,34,23,86,27,263
UCL422011,0,0,0,42,92,46,43,41,15,277
UCL422012,3,3,12,30,59,27,26,50,16,209
UCL422013,0,0,5,66,111,50,46,58,34,366
UCL422014,0,0,0,63,88,29,27,39,8,259
UCL422015,0,0,0,48,47,25,16,15,21,173
UCL422016,0,0,3,50,82,44,31,52,21,279
UCL422017,0,3,3,30,47,17,10,34,28,158
UCL422018,3,0,5,27,39,37,27,38,18,182
UCL422019,0,0,3,17,44,30,14,36,19,153
UCL422020,0,0,0,28,46,25,21,39,12,163
UCL422021,9,7,19,66,91,63,58,98,40,418
UCL422022,8,0,11,28,72,50,44,58,17,261
UCL422023,7,0,11,21,56,28,19,43,38,208
UCL422024,0,0,3,80,132,59,55,56,38,421
UCL422025,0,0,0,13,47,10,40,50,31,188
UCL422026,0,0,0,38,64,32,38,49,16,239
UCL422027,0,0,0,58,63,9,12,17,34,185
UCL422028,14,4,30,49,66,36,32,75,32,293
UCL422029,0,0,3,72,86,47,41,42,19,309
UCL422030,16,4,23,71,103,72,44,74,32,402
UCL422031,0,0,0,21,42,24,21,23,41,170
UCL422032,6,8,17,42,41,17,30,54,22,206
UCL422033,0,0,0,31,47,28,17,25,44,187
UCL422034,5,3,6,55,79,35,37,63,26,296
UCL422035,0,0,0,33,60,45,27,75,27,256
UCL422036,4,0,4,54,74,37,30,35,11,240
UCL422037,0,0,0,53,62,21,28,31,17,201
UCL422038,3,0,3,73,59,49,29,44,13,259
UCL422039,0,0,3,77,88,31,34,50,22,302
UCL422040,0,0,0,61,58,44,66,108,31,371
UCL422041,0,0,0,30,64,27,34,48,17,229
UCL422042,0,0,3,28,55,45,21,38,18,205
UCL422043,0,0,3,23,48,30,29,48,34,216
UCL422044,0,0,4,40,67,34,29,29,27,230
UCL422045,3,7,11,34,70,44,37,70,20,272
UCL422046,3,3,5,33,62,36,39,74,36,288
UCL422047,0,0,3,23,37,16,16,31,9,135
UCL422048,5,3,14,24,58,41,33,59,30,250
UCL422049,9,3,25,66,104,83,57,91,34,444
UCL422050,0,3,4,52,128,110,14,26,39,365
UCL422051,6,0,14,46,79,55,45,56,40,309
UCL422052,0,0,4,32,47,29,17,36,40,196
UCL422053,11,3,18,44,72,46,53,81,21,321
UCL422054,4,0,7,45,54,30,39,45,17,222
UCL422055,4,0,6,29,37,28,33,38,23,182
UCL422056,0,0,4,60,85,45,36,46,36,314
UCL422057,0,0,5,30,50,20,20,58,16,195
UCL422058,0,0,3,38,51,27,25,34,22,199
UCL422059,0,0,3,44,69,41,33,76,23,290
UCL422060,0,4,12,37,68,27,24,49,13,217
UCL422061,0,0,3,77,85,54,43,56,29,342
UCL422062,0,3,8,28,38,20,25,35,17,165
UCL422063,0,0,0,54,76,42,42,50,18,274
UCL422064,0,3,11,51,87,53,49,62,48,351
UCL422065,0,3,14,28,54,38,31,41,14,201
UCL422066,0,0,0,30,37,18,5,22,23,135
UCL422067,0,3,3,31,51,24,23,25,22,173
UCL422068,0,0,0,35,24,16,0,41,50,167
UCL431777,535,263,1555,22971,31599,17434,14356,18958,11572,116882
UCL479997,0,0,0,4,0,0,0,3,0,3
UCL499994,17,0,22,466,435,143,126,850,627,2648
UCL501001,14107,7321,33920,355398,402659,170917,137118,328168,123128,1517390
UCL511001,630,209,1316,11420,15014,7138,6319,11058,5218,56161
UCL512001,416,207,980,4825,6411,3019,2584,4604,2511,23954
UCL512002,268,219,740,4011,5424,2716,2364,3799,2017,20328
UCL512003,259,138,588,4945,6511,3038,2711,5339,2761,25295
UCL512004,77,36,153,4950,5831,2300,2066,4945,2893,22983
UCL513001,22,12,44,2275,2912,1062,735,2051,1697,10726
UCL513002,119,36,235,1689,2044,1003,820,1624,1170,8343
UCL513003,7,0,7,2752,3068,1149,1056,1992,1672,11688
UCL513004,16,9,32,2255,2543,848,782,2284,1816,10528
UCL514001,50,44,141,938,1391,754,798,1233,722,5835
UCL514002,18,6,67,982,1330,682,543,675,401,4607
UCL514003,46,8,86,1030,1494,648,507,727,436,4846
UCL514004,85,29,167,913,1220,627,596,1165,675,5202
UCL514005,26,88,129,1317,1680,814,751,1276,843,6683
UCL515001,22,19,72,148,252,180,155,175,100,1016
UCL515002,0,0,9,176,280,145,124,132,83,941
UCL515003,5,4,28,208,320,172,142,212,141,1196
UCL515004,3,5,14,301,369,154,167,266,166,1426
UCL515005,4,4,23,272,417,219,213,281,156,1554
UCL515006,20,20,59,576,829,387,276,747,655,3479
UCL515007,0,3,10,193,326,159,153,121,115,1069
UCL515008,3,0,5,168,249,100,94,105,71,783
UCL515009,23,23,78,369,571,314,233,362,229,2083
UCL515010,9,0,22,485,564,247,324,489,429,2537
UCL515011,33,11,66,328,477,293,285,365,255,1998
UCL515012,7,0,11,366,421,178,186,219,134,1502
UCL515013,0,5,14,437,560,259,202,292,221,1967
UCL515014,5,0,11,191,193,138,37,168,168,894
UCL515015,38,10,76,402,490,253,279,552,285,2258
UCL515016,6,6,27,200,339,167,128,204,145,1190
UCL515017,5,5,16,187,300,153,152,194,175,1168
UCL515018,0,0,3,254,342,119,163,276,162,1317
UCL515019,42,21,95,518,583,323,274,762,510,2963
UCL515020,6,5,14,800,870,276,184,697,527,3362
UCL515021,5,3,18,276,395,229,174,208,97,1380
UCL515022,39,39,113,669,871,431,385,631,371,3360
UCL515023,21,15,63,418,572,227,213,450,251,2138
UCL515024,20,6,37,226,313,124,128,294,169,1260
UCL515025,37,19,73,251,366,226,177,297,217,1531
UCL515026,57,23,128,656,817,386,365,693,449,3375
UCL515027,0,0,4,671,892,293,253,642,618,3370
UCL515028,0,0,0,204,258,91,112,150,136,955
UCL515029,61,17,103,531,733,350,403,678,401,3092
UCL515030,25,16,75,350,559,332,354,451,270,2319
UCL515031,3,0,0,438,570,201,233,358,244,2045
UCL515032,10,0,24,287,428,241,220,372,258,1808
UCL515033,28,5,52,196,254,165,149,231,156,1148
UCL515034,21,33,83,291,447,246,259,388,304,1945
UCL515035,0,0,0,215,305,116,118,217,268,1233
UCL515036,32,15,75,310,523,256,298,424,288,2101
UCL521001,0,0,0,68,126,70,59,57,29,412
UCL521002,0,0,7,95,163,89,79,124,53,606
UCL521003,14,4,31,89,176,104,125,182,116,791
UCL521004,0,0,0,212,124,14,0,60,22,431
UCL521005,3,0,12,162,224,111,118,177,85,884
UCL521006,3,0,14,124,190,102,94,101,42,656
UCL521007,18,13,31,64,99,61,53,95,68,439
UCL521008,5,23,33,71,95,41,59,124,90,489
UCL521009,12,3,18,66,73,62,51,127,55,438
UCL521010,6,0,15,98,174,70,81,137,77,640
UCL521011,0,3,3,89,121,73,57,48,33,427
UCL521012,3,4,5,77,105,56,47,92,64,442
UCL521013,0,0,0,108,116,68,64,101,31,488
UCL521014,3,0,6,76,120,60,56,82,64,460
UCL521015,8,3,9,145,194,65,75,125,73,670
UCL521016,4,0,3,140,138,66,70,179,111,705
UCL521017,10,9,32,101,165,68,63,116,82,594
UCL521018,7,4,18,118,152,61,81,139,82,631
UCL521019,12,0,18,137,139,66,64,109,44,560
UCL521020,3,3,14,107,158,73,61,107,78,584
UCL521021,0,0,0,86,129,78,116,95,38,541
UCL521022,4,3,14,91,174,86,88,135,72,645
UCL521023,0,0,0,130,146,59,48,70,64,514
UCL521024,5,3,9,100,96,34,70,108,59,469
UCL521025,17,6,26,68,97,44,64,95,72,433
UCL521026,3,0,4,311,210,75,41,236,264,1138
UCL521027,0,0,0,103,143,71,60,85,25,486
UCL521028,3,0,10,89,92,63,69,95,62,470
UCL521029,3,0,4,104,180,83,64,87,64,584
UCL521030,0,0,0,103,119,55,60,125,138,598
UCL521031,21,13,44,105,158,78,99,174,107,717
UCL521032,14,16,45,158,221,104,114,191,143,932
UCL521033,4,0,10,91,100,48,41,66,53,396
UCL521034,5,3,11,95,138,78,76,159,79,628
UCL521035,0,3,4,88,81,30,23,112,121,445
UCL521036,4,0,4,83,45,37,78,104,9,362
UCL521037,0,0,0,88,122,63,76,67,52,467
UCL521038,0,5,7,60,90,23,31,122,119,447
UCL521039,8,5,10,60,81,42,36,119,61,406
UCL521040,3,0,7,116,147,101,74,118,64,629
UCL521041,5,5,19,218,319,141,146,250,117,1197
UCL521042,3,3,15,87,123,66,65,80,63,489
UCL521043,3,0,6,57,96,59,58,148,61,467
UCL521044,6,3,11,128,182,90,109,164,75,742
UCL521045,8,17,33,84,148,85,107,146,116,690
UCL521046,3,0,9,114,189,108,81,76,64,635
UCL521047,0,0,3,131,171,68,46,176,132,717
UCL521048,0,0,0,98,122,68,59,109,35,500
UCL521049,5,4,27,109,142,79,73,114,65,581
UCL521050,7,3,24,83,154,88,75,168,105,676
UCL521051,14,0,23,73,106,59,70,137,74,514
UCL521052,4,0,4,80,134,36,25,126,87,493
UCL521053,0,0,0,188,251,129,145,166,103,974
UCL521054,0,7,14,113,114,52,57,116,69,521
UCL521055,9,0,14,145,187,111,124,152,103,824
UCL521056,0,0,3,130,89,41,34,67,82,446
UCL521057,6,5,26,112,125,81,70,132,46,567
UCL521058,0,0,5,83,106,75,88,92,60,509
UCL521059,5,0,9,138,179,92,96,190,76,758
UCL521060,0,0,0,89,94,32,32,129,77,453
UCL522001,0,0,3,104,32,7,3,32,108,277
UCL522002,3,0,6,35,73,37,25,31,16,225
UCL522003,0,0,3,70,55,52,10,20,34,241
UCL522004,0,0,0,16,21,13,54,81,22,206
UCL522005,0,0,0,53,34,20,4,64,36,215
UCL522006,3,0,5,83,107,60,44,42,31,362
UCL522007,0,0,4,35,57,25,28,31,26,207
UCL522008,0,4,6,31,42,27,23,47,42,202
UCL522009,0,0,0,54,74,38,36,61,36,305
UCL522010,0,14,14,62,75,34,36,39,79,325
UCL522011,0,3,3,52,67,31,24,53,28,253
UCL522012,0,0,3,47,58,39,52,57,33,287
UCL522013,0,0,0,28,39,16,30,26,20,166
UCL522014,0,0,0,55,44,21,7,44,12,188
UCL522015,0,3,5,28,59,28,19,61,36,240
UCL522016,0,0,0,55,88,38,27,45,41,296
UCL522017,0,0,0,21,35,19,7,37,38,150
UCL522018,4,0,11,77,92,55,54,51,30,349
UCL522019,0,0,10,38,52,23,19,24,22,174
UCL522020,0,0,0,95,62,11,13,91,18,284
UCL522021,3,0,8,50,77,36,41,67,27,301
UCL522022,0,0,0,34,49,15,26,32,30,179
UCL522023,0,0,3,42,76,39,40,46,49,301
UCL522024,0,0,3,32,67,38,45,57,22,263
UCL522025,3,3,7,36,77,41,41,56,42,295
UCL522026,0,3,6,16,30,19,20,35,29,156
UCL522027,6,0,6,59,79,43,45,53,26,304
UCL522028,0,0,0,26,65,27,17,28,29,196
UCL522029,0,0,0,35,104,25,6,16,26,218
UCL522030,0,0,0,188,39,0,0,42,18,291
UCL522031,0,0,0,45,80,59,46,63,47,340
UCL522032,0,0,0,8,46,24,8,25,6,121
UCL522033,4,0,8,37,39,22,16,57,11,189
UCL522034,0,0,7,44,50,16,30,50,24,215
UCL522035,3,4,11,34,61,24,22,48,34,238
UCL522036,0,0,0,42,74,24,18,48,67,280
UCL522037,3,0,3,50,71,39,47,54,44,296
UCL522038,0,0,0,55,54,23,24,80,119,352
UCL522039,0,0,0,22,23,12,16,30,24,131
UCL522040,0,0,0,27,18,3,4,12,41,105
UCL522041,0,0,3,38,45,31,23,49,44,236
UCL522042,0,0,0,56,69,34,26,76,112,368
UCL522043,0,0,9,39,56,32,24,40,31,217
UCL522044,3,0,7,48,70,33,21,80,58,299
UCL522045,9,4,23,76,83,51,51,100,48,396
UCL522046,0,0,0,43,62,38,36,59,38,279
UCL522047,0,0,0,33,25,10,7,54,18,153
UCL522048,0,0,0,13,18,13,13,8,57,125
UCL522049,0,0,3,64,124,68,45,53,39,392
UCL522050,0,0,3,31,37,20,8,44,24,164
UCL522051,0,0,0,42,54,19,14,32,14,171
UCL522052,0,0,0,42,56,40,25,59,32,254
UCL522053,0,0,0,32,24,10,5,24,203,299
UCL522054,0,4,6,41,48,26,37,69,50,269
UCL522055,0,0,3,32,31,16,24,33,36,164
UCL522056,7,0,14,57,54,37,39,79,44,303
UCL522057,0,0,0,43,43,16,8,26,8,146
UCL522058,0,3,6,47,79,30,46,65,23,294
UCL522059,0,0,3,58,39,8,3,56,26,184
UCL522060,0,0,0,60,49,13,6,25,50,195
UCL522061,0,0,0,140,58,11,0,39,21,270
UCL522062,3,0,6,32,55,30,35,45,14,224
UCL522063,5,0,12,55,86,45,38,46,47,315
UCL522064,0,0,0,50,36,7,3,61,18,184
UCL522065,0,0,4,66,97,44,56,60,44,362
UCL522066,3,0,9,35,62,33,23,70,38,265
UCL522067,0,0,0,35,47,26,38,19,16,179
UCL522068,0,0,0,62,112,37,9,25,19,271
UCL531777,390,244,1288,24631,31923,16932,16034,26956,20835,137303
UCL579997,3,0,3,32,31,10,9,274,81,434
UCL599994,7,6,23,962,791,327,210,1663,1594,5559
UCL603001,2088,750,4651,32528,41799,18250,12212,30241,11633,146664
UCL611001,1020,373,2061,12942,16598,7433,5685,13760,5589,62006
UCL612001,327,132,680,3567,4672,2442,1955,4570,1675,18887
UCL613001,269,77,508,2971,4138,2039,1712,3709,1305,15870
UCL613002,149,79,362,1828,2594,1299,1104,2342,858,10034
UCL614001,72,13,134,791,1021,632,522,1272,472,4704
UCL614002,61,34,161,729,983,593,518,1108,414,4345
UCL615001,22,9,34,129,177,100,112,231,113,853
UCL615002,8,11,32,175,228,138,131,236,127,1035
UCL615003,13,5,35,189,275,156,139,215,100,1076
UCL615004,69,14,126,372,479,243,233,502,198,2023
UCL615005,18,5,42,737,1051,532,367,718,283,3691
UCL615006,4,4,19,164,264,137,106,169,102,937
UCL615007,25,22,75,493,744,426,456,850,414,3395
UCL615008,14,4,27,371,498,242,177,361,107,1759
UCL615009,15,7,39,234,386,172,172,355,167,1488
UCL615010,50,26,116,467,708,350,315,725,277,2837
UCL615011,82,12,110,529,704,383,268,564,153,2604
UCL615012,63,23,111,521,635,378,282,669,309,2804
UCL615013,11,8,30,372,518,247,212,276,82,1698
UCL615014,18,11,57,481,707,339,211,443,135,2325
UCL615015,46,16,85,466,685,356,303,558,226,2595
UCL615016,15,10,30,424,559,290,211,458,192,2140
UCL615017,56,19,109,538,748,409,335,576,265,2869
UCL615018,3,0,11,147,238,139,100,192,86,907
UCL615019,17,3,26,203,324,206,171,386,155,1435
UCL615020,42,19,97,279,343,192,192,399,170,1566
UCL615021,28,17,56,153,229,114,118,241,109,967
UCL615022,38,16,85,463,642,311,284,640,299,2638
UCL615023,35,5,54,214,377,172,136,205,86,1190
UCL615024,68,22,121,362,514,216,252,523,209,2074
UCL615025,35,13,66,197,287,185,156,322,118,1271
UCL615026,16,9,39,219,299,180,155,275,122,1252
UCL621001,3,4,12,99,154,95,53,139,97,640
UCL621002,14,4,26,105,137,79,115,197,77,709
UCL621003,0,0,3,102,165,64,48,41,12,432
UCL621004,0,0,3,84,136,79,25,54,24,403
UCL621005,3,0,6,85,116,78,73,123,66,539
UCL621006,17,9,35,116,141,78,51,127,58,562
UCL621007,8,5,19,123,185,95,86,165,93,746
UCL621008,0,0,3,92,107,51,58,66,28,401
UCL621009,0,0,4,133,206,93,59,47,39,571
UCL621010,3,0,3,75,122,62,77,96,66,497
UCL621011,3,0,10,77,140,62,55,78,71,476
UCL621012,7,4,24,158,229,140,97,108,56,785
UCL621013,0,0,4,131,153,94,54,69,24,526
UCL621014,3,0,9,82,140,79,64,78,64,507
UCL621015,13,3,26,56,99,59,68,127,54,459
UCL621016,0,3,9,85,135,63,64,94,36,474
UCL621017,3,11,18,111,141,79,94,153,124,702
UCL621018,0,0,5,165,193,91,85,102,38,674
UCL621019,5,0,18,141,221,122,81,112,58,728
UCL621020,0,0,4,107,142,61,72,112,68,561
UCL621021,3,3,11,67,102,56,66,103,37,428
UCL621022,3,0,7,113,162,80,51,78,53,530
UCL621023,8,6,14,85,132,94,85,129,84,606
UCL621024,0,0,11,85,161,77,71,90,54,538
UCL621025,0,0,7,83,128,65,48,102,43,466
UCL621026,25,12,46,97,142,86,67,140,71,591
UCL621027,3,3,13,94,150,82,69,157,68,622
UCL621028,0,0,3,87,126,69,73,130,66,553
UCL622001,0,0,0,69,106,41,30,62,42,346
UCL622002,3,0,3,29,60,44,23,28,20,197
UCL622003,0,4,10,41,70,52,45,63,29,298
UCL622004,0,0,6,57,63,47,56,67,20,303
UCL622005,0,0,3,22,31,24,29,28,23,154
UCL622006,0,0,4,65,69,49,32,63,31,305
UCL622007,0,0,3,81,92,44,47,71,19,354
UCL622008,0,0,0,46,64,33,22,25,19,206
UCL622009,0,0,0,48,81,36,33,37,25,262
UCL622010,12,3,13,60,109,54,56,113,40,427
UCL622011,0,3,3,42,54,26,17,60,19,226
UCL622012,0,3,4,33,77,54,51,47,49,311
UCL622013,4,3,16,51,74,49,29,74,17,304
UCL622014,3,0,12,34,55,38,27,80,48,278
UCL622015,0,0,0,49,90,57,54,48,18,321
UCL622016,44,4,58,42,69,26,23,107,35,297
UCL622017,3,0,9,34,54,23,35,34,27,200
UCL622018,4,0,8,33,66,30,36,58,40,271
UCL622019,0,0,7,74,94,69,61,46,43,379
UCL622020,0,3,4,50,74,34,45,68,21,288
UCL622021,0,0,3,64,84,54,27,45,20,286
UCL622022,3,0,7,36,68,36,23,31,26,224
UCL622023,30,0,33,60,100,50,30,146,59,441
UCL622024,0,0,0,33,26,29,18,50,19,171
UCL622025,0,0,7,17,47,16,20,48,9,155
UCL622026,4,17,28,35,37,29,29,58,62,249
UCL622027,0,0,7,51,88,50,40,42,31,298
UCL622028,0,0,0,61,73,47,38,60,25,312
UCL622029,6,3,8,31,59,29,33,73,25,248
UCL622030,0,0,3,69,82,49,37,50,25,318
UCL622031,0,7,9,62,87,52,57,78,67,393
UCL622032,3,3,9,72,107,57,50,83,43,412
UCL622033,0,0,0,42,78,41,35,33,13,242
UCL622034,0,0,0,26,31,23,22,38,10,139
UCL622035,0,0,0,37,39,17,25,51,23,196
UCL622036,3,3,6,26,58,38,39,47,30,244
UCL631777,310,163,926,14698,21984,12331,10500,13979,7619,81103
UCL679997,0,0,0,7,6,3,10,36,8,73
UCL699994,0,0,3,153,152,50,40,256,178,835
UCL703001,280,101,572,21957,24894,8532,6039,19969,13416,94796
UCL712001,81,27,156,4194,5122,1804,1097,3782,2704,18708
UCL714001,16,19,38,1007,1081,381,278,961,1208,4911
UCL715001,0,0,0,682,413,59,28,192,46,1421
UCL715002,0,0,0,227,282,44,59,120,127,865
UCL715003,0,0,3,445,564,145,70,175,300,1694
UCL715004,0,0,0,343,162,108,29,228,16,893
UCL715005,0,0,0,274,67,77,13,179,168,779
UCL715006,0,0,0,508,662,214,139,262,429,2217
UCL715007,7,3,7,541,516,194,100,586,406,2351
UCL715008,0,0,0,394,367,181,61,296,263,1554
UCL715009,0,0,4,213,222,85,21,570,65,1173
UCL721001,0,0,0,149,210,60,50,75,87,629
UCL721002,0,0,0,128,147,119,91,38,125,645
UCL721003,0,0,0,164,179,90,13,115,54,621
UCL721004,0,0,0,51,137,30,22,92,28,373
UCL721005,0,0,0,32,16,14,13,306,279,652
UCL721006,0,0,0,67,154,57,4,102,74,457
UCL721007,0,0,5,99,144,61,49,90,48,489
UCL721008,0,0,0,81,139,52,42,80,104,503
UCL721009,0,0,0,185,203,84,40,136,180,821
UCL721010,0,0,0,130,66,38,5,75,62,377
UCL721011,0,0,0,79,55,23,36,149,45,388
UCL721012,0,0,0,258,90,11,57,83,43,540
UCL721013,0,0,3,237,170,16,3,151,47,622
UCL721014,0,0,3,104,126,60,8,62,30,391
UCL721015,0,0,0,138,40,7,14,141,42,369
UCL721016,0,0,0,157,115,18,16,57,12,361
UCL721017,0,0,0,181,161,75,82,56,25,581
UCL721018,0,0,3,136,156,64,57,48,74,542
UCL721019,0,0,3,259,211,50,29,258,221,1015
UCL722001,3,0,5,34,47,26,13,41,39,201
UCL722002,5,0,5,103,61,9,8,122,41,343
UCL722003,0,0,0,126,39,12,10,97,16,294
UCL722004,3,0,3,68,33,22,15,26,20,178
UCL722005,0,0,0,34,148,57,4,16,18,276
UCL722006,0,0,0,14,40,46,3,28,12,139
UCL722007,0,0,0,23,61,30,0,17,30,161
UCL722008,0,0,0,20,27,41,22,27,15,146
UCL722009,0,0,0,151,45,0,5,33,12,250
UCL722010,0,0,8,54,92,25,20,79,82,360
UCL722011,0,0,3,78,7,0,0,37,9,131
UCL722012,0,0,0,75,80,5,0,16,13,195
UCL722013,0,0,0,57,18,13,0,19,21,127
UCL722014,0,0,0,37,130,18,8,18,12,222
UCL722015,0,0,0,10,23,34,86,18,16,183
UCL722016,0,0,0,56,96,42,17,38,45,304
UCL722017,0,0,0,80,14,24,7,65,24,206
UCL722018,0,0,0,96,40,9,7,64,96,323
UCL722019,0,0,0,37,21,50,3,29,18,162
UCL722020,0,0,0,45,44,33,13,43,91,266
UCL722021,0,0,0,82,58,96,3,46,9,295
UCL722022,0,0,0,3,103,13,23,10,7,164
UCL722023,0,0,0,56,62,22,10,40,71,264
UCL722024,0,0,0,66,60,23,17,48,41,252
UCL722025,0,0,0,55,43,97,32,26,0,245
UCL722026,0,0,0,73,39,16,12,15,5,162
UCL722027,0,0,0,36,98,57,13,36,55,295
UCL722028,0,0,0,48,56,28,16,60,52,257
UCL722029,0,0,0,78,23,5,46,61,56,274
UCL722030,0,0,0,45,22,20,0,49,5,145
UCL722031,0,0,0,50,39,12,8,49,36,197
UCL722032,0,0,0,26,51,19,0,42,42,183
UCL722033,0,0,3,81,123,68,46,53,25,394
UCL722034,0,0,0,50,117,44,13,38,46,306
UCL722035,0,0,0,23,103,47,21,20,50,270
UCL722036,0,0,0,81,40,31,0,48,8,210
UCL722037,0,0,0,36,23,7,4,31,8,117
UCL722038,0,0,0,71,22,25,18,16,58,209
UCL722039,0,0,3,18,30,40,51,4,14,159
UCL731777,36,13,88,5036,6652,3033,2134,4178,5357,26395
UCL779997,0,0,0,0,0,0,4,43,23,72
UCL799994,0,0,0,334,366,137,92,522,839,2281
UCL802001,2194,1335,6151,82161,101816,39271,22523,53765,22042,321581
UCL822001,0,3,4,59,53,39,27,21,18,217
UCL831777,0,0,3,138,205,79,42,70,75,610
UCL879997,0,0,0,0,0,0,0,0,0,0
UCL899994,3,0,3,133,94,23,10,138,118,506
UCL915001,3,0,3,242,299,94,86,303,263,1285
UCL921001,3,3,20,116,187,89,64,113,70,639
UCL922001,0,0,0,47,35,21,21,148,40,318
UCL922002,0,0,0,32,37,5,14,44,26,157
UCL922003,0,0,0,19,36,13,9,16,18,107
UCL931777,10,4,29,165,290,143,109,142,361,1207
UCL979997,0,0,0,0,0,0,0,3,0,6
UCL999994,0,0,0,5,11,0,3,22,4,46