SA4_CODE_2016,Sme_Usl_ad_1_yr_ago_as_2016_M,Sme_Usl_ad_1_yr_ago_as_2016_F,Sme_Usl_ad_1_yr_ago_as_2016_P,Dif_Usl_ad_1_yr_ago_Sme_SA2_M,Dif_Usl_ad_1_yr_ago_Sme_SA2_F,Dif_Usl_ad_1_yr_ago_Sme_SA2_P,Dif_Us_ad_1_ago_Dif_SA2_NSW_M,Dif_Us_ad_1_ago_Dif_SA2_NSW_F,Dif_Us_ad_1_ago_Dif_SA2_NSW_P,Dif_Us_ad_1_ago_Dif_SA2_Vic_M,Dif_Us_ad_1_ago_Dif_SA2_Vic_F,Dif_Us_ad_1_ago_Dif_SA2_Vic_P,Dif_Us_ad_1_ago_Dif_SA2_Qld_M,Dif_Us_ad_1_ago_Dif_SA2_Qld_F,Dif_Us_ad_1_ago_Dif_SA2_Qld_P,Dif_Us_ad_1_ago_Dif_SA2_SA_M,Dif_Us_ad_1_ago_Dif_SA2_SA_F,Dif_Us_ad_1_ago_Dif_SA2_SA_P,Dif_Us_ad_1_ago_Dif_SA2_WA_M,Dif_Us_ad_1_ago_Dif_SA2_WA_F,Dif_Us_ad_1_ago_Dif_SA2_WA_P,Dif_Us_ad_1_ago_Dif_SA2_Tas_M,Dif_Us_ad_1_ago_Dif_SA2_Tas_F,Dif_Us_ad_1_ago_Dif_SA2_Tas_P,Dif_Us_ad_1_ago_Dif_SA2_NT_M,Dif_Us_ad_1_ago_Dif_SA2_NT_F,Dif_Us_ad_1_ago_Dif_SA2_NT_P,Dif_Us_ad_1_ago_Dif_SA2_ACT_M,Dif_Us_ad_1_ago_Dif_SA2_ACT_F,Dif_Us_ad_1_ago_Dif_SA2_ACT_P,Dif_Us_ad_1_ago_Dif_SA2_OT_M,Dif_Us_ad_1_ago_Dif_SA2_OT_F,Dif_Us_ad_1_ago_Dif_SA2_OT_P,Dif_Us_ad_1_ago_Dif_SA2_Tot_M,Dif_Us_ad_1_ago_Dif_SA2_Tot_F,Dif_Us_ad_1_ago_Dif_SA2_Tot_P,Difnt_Usl_add_1_yr_ago_OS_M,Difnt_Usl_add_1_yr_ago_OS_F,Difnt_Usl_add_1_yr_ago_OS_P,Difnt_Usl_add_1_yr_ago_Ns_M,Difnt_Usl_add_1_yr_ago_Ns_F,Difnt_Usl_add_1_yr_ago_Ns_P,Difnt_Usl_add_1_yr_ago_Tot_M,Difnt_Usl_add_1_yr_ago_Tot_F,Difnt_Usl_add_1_yr_ago_Tot_P,N_stated_M,N_stated_F,N_stated_P,Tot_M,Tot_F,Tot_P
101,83433,84325,167758,4688,5033,9726,5703,5943,11639,478,455,940,450,469,919,102,87,187,126,130,261,44,45,86,75,78,152,1695,1763,3459,0,3,7,8674,8982,17649,604,586,1188,253,211,466,14215,14812,29026,10321,9496,19813,107975,108632,216598
102,123670,131278,254948,4432,4993,9422,14315,15439,29760,159,158,314,424,456,888,50,70,121,136,126,257,29,25,55,48,53,104,66,81,148,3,0,3,15226,16421,31649,800,935,1730,363,365,727,20819,22709,43534,12439,13263,25704,156933,167248,324183
103,77009,78303,155311,5322,5721,11044,6342,6734,13080,125,125,255,376,384,763,65,56,117,104,90,190,22,34,54,32,42,68,77,85,162,0,0,0,7149,7541,14691,327,411,739,222,181,408,13021,13855,26881,11386,10083,21471,101416,102249,203665
104,50451,52851,103301,3114,3531,6647,4419,4689,9105,204,206,406,755,779,1535,51,51,99,117,120,237,29,27,55,62,56,121,42,42,85,3,0,3,5674,5969,11643,351,470,820,196,175,373,9338,10140,19481,6119,6075,12194,65899,69073,134970
105,42182,42949,85135,2658,3014,5678,3119,3378,6489,121,145,267,244,278,524,113,88,197,63,73,132,10,14,23,28,31,61,26,25,50,3,0,4,3721,4032,7748,221,252,468,162,122,285,6760,7418,14176,6788,6213,13003,55727,56590,112312
106,99722,101790,201513,5959,6444,12404,9484,10069,19558,212,204,415,669,624,1296,95,69,162,170,160,328,36,39,74,90,86,175,60,57,119,0,3,4,10815,11309,22126,422,460,880,299,315,617,17493,18530,36023,11821,10937,22760,129045,131255,260299
107,114038,118071,232111,4016,4123,8143,11480,12202,23679,171,183,353,352,317,670,55,38,97,135,109,249,29,29,61,49,38,88,131,136,271,3,0,3,12405,13061,25470,1674,1489,3161,291,247,541,18389,18926,37308,10391,10405,20801,142818,147401,290219
108,78938,83442,162381,4816,5426,10243,7330,7777,15108,175,183,353,665,674,1335,43,53,96,94,101,192,45,37,82,48,38,88,52,61,112,3,0,3,8447,8923,17369,325,367,700,275,279,550,13871,14995,28870,9536,9563,19094,102344,107999,210346
109,43300,44205,87507,2449,2700,5148,2509,2754,5259,1619,1791,3408,238,254,483,108,92,193,85,76,159,16,28,44,56,49,110,35,42,80,0,0,3,4659,5081,9745,265,313,571,180,143,323,7558,8235,15789,5534,5665,11199,56390,58106,114497
110,66900,68939,135841,4849,5524,10369,5195,5650,10847,123,118,243,846,871,1715,60,54,110,74,71,148,25,15,40,52,48,103,50,41,98,3,3,5,6430,6875,13309,546,537,1082,247,207,449,12067,13140,25210,9201,9165,18367,88177,91239,179414
111,137250,142911,280158,5067,5195,10262,16640,17904,34544,292,292,587,613,604,1219,118,95,208,178,180,358,45,55,93,77,86,169,107,112,213,7,3,4,18070,19323,37393,1493,1629,3125,399,361,759,25038,26505,51538,11628,11746,23375,173917,181162,355076
112,87582,92595,180171,4713,5222,9934,7061,7877,14940,431,489,920,2377,2592,4968,77,79,155,166,177,342,63,62,130,88,105,193,54,56,114,6,4,12,10337,11436,21771,702,761,1462,338,378,716,16085,17798,33885,11454,11842,23303,115116,122241,237354
113,57901,58930,116836,3744,4034,7779,4800,5127,9926,404,422,821,503,493,990,123,102,228,119,112,234,37,37,74,63,57,115,119,132,257,0,0,3,6166,6476,12646,559,542,1103,158,129,283,10619,11190,21809,8214,7155,15367,76740,77274,154015
114,54733,57725,112455,2946,3307,6257,5495,5912,11406,132,135,271,275,296,573,26,37,65,74,71,149,38,40,79,46,32,76,155,158,311,10,10,20,6250,6703,12956,377,405,784,174,185,358,9748,10597,20345,6877,6322,13201,71360,74640,146000
115,92511,95123,187633,1872,1914,3781,8833,9063,17895,169,158,329,216,221,432,51,58,105,108,93,198,4,7,18,16,13,31,62,52,112,4,0,3,9468,9660,19129,1408,1628,3035,123,134,261,12866,13339,26200,5923,5818,11739,111295,114278,225580
116,132217,135149,267361,3324,3304,6633,14745,14444,29190,195,160,357,335,283,611,96,92,182,143,117,264,19,8,32,39,36,76,58,64,120,0,0,4,15634,15210,30840,2665,3093,5760,285,224,513,21915,21836,43754,12330,11234,23566,166465,168214,334678
117,101333,96985,198317,5560,5552,11116,18651,18505,37159,857,843,1700,775,794,1563,210,201,409,467,406,868,71,55,132,80,66,143,309,334,640,3,3,3,21408,21206,42617,9444,10731,20177,481,420,908,36902,37914,74821,21251,18095,39347,159490,152998,312483
118,89117,95997,185116,3869,4075,7946,12416,13561,25977,469,534,1008,432,534,968,95,118,213,269,259,523,24,26,54,52,46,95,153,172,327,19,5,21,13930,15252,29183,5729,6317,12044,285,247,537,23809,25894,49706,14947,14136,29087,127882,136032,263913
119,220438,227277,447717,6690,6349,13040,22290,22142,44429,353,298,650,434,395,827,153,127,278,221,210,434,28,28,57,60,39,94,113,119,236,3,0,5,23661,23362,47017,7486,8002,15492,558,456,1011,38395,38163,76559,20164,19740,39901,278991,285184,564176
120,103820,111413,215236,4445,4410,8857,13922,14490,28413,471,412,879,434,463,898,130,106,237,217,180,394,36,41,69,47,39,90,118,162,279,3,0,3,15381,15890,31270,5086,5313,10399,309,311,625,25217,25924,51143,11654,11813,23472,140693,149149,289843
121,148745,161221,309966,5211,5560,10770,17794,19133,36929,468,483,950,516,554,1072,167,183,346,299,284,589,27,50,73,58,44,105,172,189,364,3,3,4,19514,20923,40436,5722,6569,12295,261,283,549,30707,33339,64043,12976,13836,26813,192429,208396,400825
122,97140,101663,198799,3570,3664,7234,9440,10006,19449,172,168,340,224,230,452,41,45,79,105,97,202,19,13,35,32,35,68,57,55,107,0,0,0,10093,10648,20732,2222,2388,4608,229,230,452,16113,16923,33034,8799,9321,18127,122060,127904,249965
123,101559,105199,206754,2968,3177,6141,11524,11820,23343,130,123,246,251,248,499,34,44,80,89,79,166,12,10,25,42,43,79,44,44,85,0,0,0,12125,12402,24531,984,1214,2197,251,232,482,16324,17024,33353,8996,9398,18392,126876,131617,258493
124,118206,123555,241759,3864,4095,7965,12670,13174,25842,145,165,310,315,336,652,55,64,124,117,107,227,19,26,53,37,43,76,49,58,104,0,0,3,13413,13979,27388,935,1013,1947,314,270,582,18527,19356,37879,11647,11598,23248,148383,154506,302892
125,169029,169077,338107,6461,5681,12138,19508,17368,36880,664,424,1092,603,424,1027,355,170,518,414,233,649,36,41,79,69,41,108,124,111,232,10,3,13,21773,18817,40593,7861,7782,15647,534,399,933,36632,32675,69310,18574,15849,34424,224233,217609,441838
126,68155,71977,140136,2439,2536,4973,8084,8224,16307,196,199,394,239,201,441,86,93,183,124,98,226,20,15,33,11,8,23,68,68,136,0,0,0,8830,8905,17735,3166,3601,6767,145,119,261,14580,15153,29735,5156,5234,10390,87894,92365,180266
127,159816,164560,324370,3777,3816,7593,15750,16082,31835,283,218,506,362,316,683,70,67,138,116,64,180,12,0,13,56,37,94,70,43,113,4,0,4,16723,16837,33560,2800,3326,6129,349,262,607,23651,24248,47896,14467,13911,28379,197932,202714,400642
128,87505,92020,179521,2150,2238,4392,7505,7878,15389,100,97,195,214,205,419,25,23,45,76,69,146,9,8,15,22,16,31,43,46,91,0,3,0,7991,8345,16332,770,857,1626,174,200,381,11091,11645,22732,6543,6567,13106,105136,110229,215358
197,138,182,322,0,0,0,6,19,29,0,0,4,0,0,0,0,0,3,0,0,0,0,0,0,0,0,0,0,0,0,0,0,0,9,23,31,7,3,6,0,0,0,14,21,43,22,32,52,171,239,412
199,1571,849,2420,430,257,688,1715,1489,3200,142,134,269,234,218,450,41,40,80,79,59,140,18,18,38,12,20,32,32,22,54,3,0,4,2271,1994,4263,508,493,1001,151,96,243,3356,2845,6200,2379,1210,3591,7308,4904,12213
201,59138,62006,121143,2426,2671,5098,196,208,400,6482,7158,13638,192,233,430,107,108,207,95,84,178,38,39,79,44,51,102,22,19,38,0,0,0,7173,7900,15073,354,405,763,114,124,238,10069,11098,21165,6667,6778,13442,75874,79876,155752
202,57367,60075,117440,2184,2444,4632,270,277,543,5897,6715,12614,185,178,369,100,107,211,101,105,202,53,61,112,55,55,117,16,17,32,0,0,0,6672,7525,14199,345,412,754,139,115,258,9340,10494,19836,7209,6932,14137,73915,77496,151412
203,103470,109547,213017,5282,5791,11069,370,406,774,11202,12240,23434,378,379,760,133,141,273,198,197,395,59,76,133,96,100,195,55,69,120,0,0,0,12486,13596,26084,1235,1185,2425,238,242,478,19243,20812,40059,11498,11201,22696,134207,141562,275771
204,64542,66406,130950,3880,4136,8020,1071,1123,2192,4357,4678,9035,615,486,1100,117,108,222,155,160,311,54,62,117,100,95,197,73,54,129,0,0,0,6545,6758,13306,394,453,848,136,128,265,10956,11487,22442,7517,7575,15090,83015,85463,168483
205,102364,106120,208482,6646,7558,14207,427,449,873,7484,8210,15697,439,463,906,111,114,223,193,211,396,60,61,121,99,100,201,49,37,90,8,0,9,8859,9651,18511,465,526,990,268,244,509,16238,17982,34221,13051,12775,25829,131646,136880,268529
206,185332,198279,383611,8929,9719,18650,2439,2590,5027,34396,37710,72114,1753,1967,3720,678,740,1422,1226,1201,2423,328,356,687,191,196,387,420,500,923,9,3,18,41443,45270,86718,14868,17010,31877,726,694,1425,65977,72691,138663,31378,31845,63218,282683,302805,585495
207,133496,145352,278852,3566,3818,7386,526,543,1071,15943,16807,32749,396,423,816,263,259,519,299,298,596,82,91,180,35,50,85,123,142,259,4,0,3,17664,18618,36284,5257,5868,11120,240,223,461,26726,28532,55258,10963,11496,22459,171188,185379,356569
208,150094,162620,312711,4120,4357,8472,634,632,1263,17920,18975,36898,460,488,945,159,177,339,302,268,567,71,83,157,48,51,101,79,81,159,7,5,11,19675,20759,40437,4068,4797,8863,294,305,600,28158,30217,58372,13671,14596,28268,191918,207425,399345
209,190958,197657,388623,4684,4754,9435,723,713,1442,20997,21601,42593,572,561,1131,264,229,496,275,276,553,89,110,195,118,116,233,92,88,189,0,3,6,23134,23695,46830,4006,4415,8425,383,337,717,32201,33203,65404,16964,17641,34602,240121,248505,488630
210,140410,143883,284295,4514,4385,8903,586,576,1156,14567,14502,29067,365,359,723,150,161,309,181,149,330,53,50,100,53,42,91,39,65,108,5,0,5,15993,15902,31895,2987,3208,6198,288,260,550,23784,23764,47546,13255,13171,26434,177449,180821,358273
211,199529,208604,408133,3263,3551,6816,425,461,885,19179,20420,39595,398,445,845,174,168,339,207,220,427,49,67,118,60,50,110,57,47,103,4,4,5,20556,21886,42439,2360,2701,5059,398,319,718,26577,28457,55027,15110,15762,30865,241214,252813,494026
212,289283,293615,582901,8740,8463,17206,1055,970,2027,34492,33448,67938,791,704,1501,454,398,858,496,458,950,158,180,339,128,120,249,126,140,265,4,0,4,37713,36423,74130,8904,9920,18824,704,544,1248,56065,55343,111410,26023,25033,51051,371369,373993,745365
213,276733,281571,558308,8573,8696,17270,1469,1452,2918,30794,30331,61127,944,935,1884,536,495,1025,564,531,1090,169,179,351,167,166,336,157,153,311,3,4,7,34796,34241,69045,6863,7537,14406,586,565,1152,50826,51044,101870,29132,27011,56144,356691,359619,716316
214,109195,115909,225109,4102,4549,8651,541,400,938,11553,12302,23857,505,432,934,73,66,143,206,167,372,60,64,124,72,64,131,41,40,75,0,0,3,13058,13528,26584,799,924,1728,285,270,548,18243,19272,37512,11216,12146,23365,138654,147331,285982
215,57508,58263,115769,3392,3761,7154,429,443,877,3361,3661,7023,193,179,368,289,284,570,121,123,247,24,27,50,69,73,142,11,20,26,0,0,3,4499,4806,9307,466,470,934,163,147,318,8526,9181,17711,7833,7081,14913,73864,74524,148392
216,49784,50486,100272,2952,3168,6124,444,489,933,3264,3476,6742,221,224,443,55,58,112,92,69,157,40,47,83,53,32,80,10,8,22,0,0,0,4169,4408,8577,379,464,837,143,132,276,7648,8167,15810,6274,6123,12395,63704,64781,128481
217,47733,48860,96594,2809,2940,5752,140,165,308,3041,3366,6402,168,181,349,128,156,281,93,101,190,36,34,73,50,54,104,10,10,20,0,0,0,3664,4067,7732,361,304,660,104,105,208,6934,7417,14351,5179,5263,10447,59844,61539,121385
297,13,0,12,0,0,0,0,0,0,4,0,4,3,0,3,0,0,0,4,0,5,0,0,0,0,0,0,0,0,0,0,0,0,12,0,11,0,0,0,0,0,0,12,0,11,3,0,3,28,4,29
299,810,544,1354,300,188,486,94,89,185,1046,961,2005,103,111,216,28,24,54,57,42,106,16,15,31,10,15,28,5,11,18,0,3,3,1368,1270,2645,331,340,666,94,64,159,2095,1859,3954,1374,795,2164,4279,3200,7480
301,84442,88098,172538,2685,2940,5627,650,694,1345,264,287,557,10965,11646,22617,101,74,177,158,163,318,34,30,64,79,66,141,47,42,91,3,0,3,12297,13009,25308,861,962,1821,264,236,498,16109,17146,33252,7402,7452,14861,107952,112698,220652
302,75389,80122,155511,1857,1935,3797,535,591,1124,298,309,613,11755,12315,24071,107,105,216,132,127,256,48,46,97,101,84,190,63,64,125,0,0,0,13039,13647,26686,1367,1592,2961,284,242,519,16546,17414,33963,6945,7419,14365,98881,104955,203837
303,122165,127417,249585,3526,3596,7123,938,942,1882,468,466,935,20623,20883,41508,176,181,353,238,227,464,40,51,91,118,103,222,87,89,175,0,3,8,22697,22947,45641,4622,5200,9819,462,432,894,31306,32172,63473,11860,11541,23398,165323,171126,336450
304,66138,69800,135939,2143,2251,4392,680,642,1318,388,318,706,9064,9398,18463,119,114,227,181,138,323,30,32,64,73,64,138,116,106,219,0,0,0,10651,10805,21459,2127,2456,4577,184,172,350,15099,15681,30784,5235,5217,10451,86469,90704,177172
305,78552,79392,157946,3545,3678,7222,1314,1328,2644,694,707,1398,19700,20066,39767,205,181,384,346,304,643,83,91,167,137,114,246,156,152,307,0,0,4,22622,22943,45563,5439,6008,11452,397,341,737,32004,32966,64966,12747,12015,24764,123310,124373,247680
306,85402,86110,171516,4532,4881,9411,678,736,1420,574,583,1159,10525,11296,21826,217,249,471,371,389,755,93,98,186,331,336,676,54,52,103,0,0,0,12849,13741,26588,1443,1643,3087,413,383,792,19238,20650,39880,13217,12882,26107,117856,119643,237501
307,47763,46795,94558,3596,3855,7453,470,447,919,69,94,159,4199,4268,8470,47,40,88,59,60,122,11,14,30,51,57,103,5,9,18,0,0,0,4909,4999,9905,207,279,486,143,141,286,8857,9267,18128,6329,5762,12093,62950,61825,124778
308,81894,79457,161347,4845,5162,10007,460,466,929,233,226,455,10145,10712,20857,93,90,181,163,177,336,51,60,114,110,108,215,18,16,33,0,0,3,11275,11849,23121,584,732,1314,352,346,704,17062,18086,35148,11877,9650,21528,110832,107192,218026
309,196018,206449,402470,8427,9081,17509,4246,4699,8940,1405,1446,2856,29846,32673,62524,364,363,723,568,584,1157,203,256,461,233,227,464,209,235,447,4,13,18,37081,40502,77578,4853,5495,10349,916,736,1653,51275,55813,107089,26752,27521,54270,274047,289785,563834
310,116466,119420,235883,4973,5144,10115,1030,1047,2071,385,370,755,16388,17367,33753,178,176,350,209,205,413,68,70,142,219,176,393,90,90,176,7,0,7,18567,19501,38069,1443,1578,3022,506,410,923,25490,26632,52127,16606,13913,30519,158564,159966,318530
311,117078,119865,236940,3728,3898,7626,864,831,1690,382,349,727,16887,17755,34645,114,116,228,180,156,337,74,65,144,63,68,134,52,34,86,3,0,3,18615,19377,37989,1639,1826,3461,546,422,967,24521,25524,50046,12995,13043,26037,154591,158430,313022
312,62199,59378,121577,3815,4086,7894,475,532,1005,244,318,562,7348,7793,15141,90,81,176,186,186,372,60,62,127,59,66,128,26,18,45,0,0,0,8493,9064,17553,549,653,1201,210,183,394,13060,13987,27051,10781,8061,18837,86043,81427,167469
313,85360,89506,174871,3430,3976,7405,752,845,1596,268,314,581,11885,12829,24717,104,81,186,124,128,251,51,44,99,96,91,187,49,61,112,4,0,11,13336,14394,27731,874,949,1825,392,277,671,18028,19597,37633,10637,10477,21112,114033,119582,233610
314,73092,75552,148642,2831,3035,5863,579,599,1177,278,291,565,9912,10649,20562,93,106,199,149,161,309,55,46,104,113,97,209,55,53,112,0,0,0,11237,11997,23236,829,985,1815,260,271,525,15156,16286,31444,6158,6043,12200,94408,97877,192287
315,29924,28163,58089,2226,2371,4599,193,171,368,73,78,151,2361,2337,4699,51,46,101,108,93,197,18,11,27,98,114,213,12,7,15,0,5,5,2921,2865,5781,177,223,394,246,238,493,5564,5696,11262,5325,3833,9155,40812,37698,78509
316,122167,131123,253293,5735,6237,11978,1441,1615,3055,867,953,1820,18631,20459,39090,220,220,440,356,374,730,147,159,308,165,167,331,105,132,242,3,3,5,21939,24080,46023,1653,1922,3572,489,455,945,29818,32690,62509,13721,13882,27605,165709,177695,343409
317,52953,56835,109791,2181,2338,4517,431,479,907,144,136,285,8292,9086,17378,49,53,106,84,82,163,19,29,53,80,72,150,37,39,79,0,0,0,9143,9973,19114,773,802,1573,193,181,377,12295,13291,25584,6055,6333,12390,71300,76463,147763
318,82509,82965,165474,3542,3832,7377,838,760,1596,575,528,1105,12005,12785,24786,181,187,365,223,230,451,82,78,166,266,220,493,130,121,255,4,0,4,14300,14904,29206,785,938,1718,353,268,620,18976,19948,38922,11694,10124,21810,113178,113026,226209
319,106114,109066,215180,4765,5481,10250,864,894,1760,415,455,866,12693,13681,26377,128,125,249,202,184,384,88,105,194,140,137,280,49,60,109,3,0,4,14587,15632,30224,751,781,1527,443,398,839,20545,22290,42838,14210,13151,27364,140872,144511,285376
397,52,57,102,0,0,0,3,0,5,0,0,0,4,4,12,3,3,3,0,0,0,0,0,0,0,0,0,0,0,0,0,0,0,5,12,21,0,6,3,0,0,0,6,17,22,6,17,21,66,84,152
399,1610,1127,2737,558,343,903,308,318,619,171,192,367,1677,1520,3196,48,57,106,161,146,306,28,35,59,54,41,100,7,14,25,3,0,3,2455,2331,4783,436,549,983,148,97,243,3598,3312,6907,1702,1098,2805,6908,5543,12454
401,108481,115706,224187,3353,3688,7046,486,561,1049,444,461,909,331,351,680,12345,13027,25373,214,179,394,45,55,94,142,157,295,72,59,135,0,0,0,14077,14857,28931,3256,3473,6727,235,196,429,20926,22215,43138,9903,9676,19580,139311,147603,286912
402,164079,167660,331740,4298,4460,8752,530,554,1080,548,478,1026,432,479,915,17982,18700,36681,225,164,385,46,64,106,179,177,353,90,69,162,0,0,0,20036,20677,40711,2392,2639,5033,465,372,838,27189,28151,55337,15546,15009,30555,206820,210817,417631
403,136854,145635,282493,3256,3526,6780,394,458,853,406,446,851,335,332,666,14479,15501,29982,196,167,364,37,47,81,162,180,342,67,50,113,0,3,4,16074,17188,33266,1883,2199,4078,349,302,653,21566,23214,44776,11852,12398,24259,170270,181246,351518
404,86541,91057,177592,2371,2469,4843,325,291,619,330,308,635,239,217,459,9918,10186,20098,127,116,243,38,29,65,93,95,187,32,41,70,0,0,0,11102,11271,22377,1893,2226,4114,230,189,414,15599,16153,31753,8001,8011,16016,110135,115224,225360
405,45045,44617,89663,2081,2283,4364,101,110,214,80,72,152,110,100,210,2861,3015,5873,86,83,164,9,21,26,79,64,146,5,6,12,0,0,0,3332,3471,6802,110,131,242,111,100,207,5636,5987,11619,4124,4043,8164,54801,54642,109443
406,31892,30685,62576,2778,2978,5755,111,78,192,77,70,146,146,133,284,1552,1474,3021,132,105,238,23,18,35,69,75,146,0,4,3,0,0,0,2115,1957,4076,106,168,275,108,99,209,5109,5203,10309,4984,3929,8913,41980,39819,81801
407,72242,72444,144690,4278,4621,8897,241,223,468,451,422,872,246,265,508,4904,5128,10028,162,162,322,38,41,80,105,130,233,14,15,29,0,0,0,6156,6382,12542,553,575,1128,219,177,393,11202,11746,22951,8227,7121,15351,91675,91315,182989
497,6,0,3,0,0,0,0,0,0,0,0,0,0,0,0,0,0,0,0,0,0,0,0,0,0,0,0,0,0,0,0,0,0,0,0,0,0,0,0,0,0,0,0,0,0,0,0,0,6,0,3
499,366,183,552,144,83,221,35,26,64,25,30,58,54,52,102,461,380,839,21,15,44,8,6,12,13,13,30,0,0,0,0,0,0,618,528,1142,102,82,185,40,14,52,899,699,1592,466,238,700,1724,1122,2847
501,65638,67142,132787,4390,4869,9254,109,114,220,120,137,254,170,152,318,38,56,89,6412,6912,13321,21,27,50,45,64,109,3,5,12,7,9,14,6919,7464,14387,640,712,1353,179,185,372,12133,13231,25362,8349,7804,16153,86117,88184,174299
502,34518,36489,71005,1729,1981,3715,99,110,200,85,82,167,137,133,274,33,36,72,5027,5457,10484,29,45,72,35,42,76,3,6,7,0,0,3,5442,5912,11359,384,421,805,119,117,234,7676,8434,16108,4411,4147,8558,46598,49065,95667
503,57362,59413,116770,3267,3244,6512,368,362,736,334,352,685,278,269,546,113,100,211,9088,9308,18397,31,28,62,61,56,123,37,30,68,3,5,7,10315,10515,20832,3212,3442,6652,171,180,355,16971,17385,34355,8449,8088,16533,82782,84880,167662
504,93831,95296,189132,3137,3230,6369,201,206,404,217,229,442,192,199,387,90,76,165,12372,12500,24878,19,25,43,63,64,125,25,37,64,0,0,3,13184,13331,26516,1529,1771,3301,298,259,559,18156,18582,36735,11870,9952,21823,123859,123832,247688
505,201550,208629,410179,6763,6999,13764,483,523,1010,430,449,878,439,416,853,152,140,292,25486,26318,51806,44,66,105,101,118,222,49,44,92,5,9,13,27194,28076,55276,4274,4577,8857,491,427,921,38726,40078,78810,19734,19454,39184,260012,268155,528167
506,180694,181900,362594,7151,7094,14244,422,446,869,431,361,799,367,351,719,200,171,369,25058,24571,49634,40,34,76,165,114,276,35,35,65,12,3,15,26728,26090,52820,5277,5923,11198,559,483,1044,39713,39582,79296,21243,18755,40001,241653,240243,481894
507,147641,153898,301535,5645,5959,11606,484,442,926,471,444,922,457,475,932,188,186,379,19687,20895,40582,60,86,150,145,146,292,61,74,134,12,6,19,21572,22755,44333,2647,2965,5614,372,360,737,30239,32045,62289,18051,16278,34332,195935,202219,398156
509,51929,50567,102492,2920,3015,5937,63,71,131,69,65,132,98,110,205,55,55,113,4706,4723,9426,18,25,48,29,37,74,0,8,11,0,0,0,5046,5101,10148,441,460,901,150,119,267,8558,8696,17253,7817,6370,14189,68303,65631,133934
510,31970,25250,57220,4119,4020,8141,401,247,645,355,232,585,954,453,1408,154,90,245,4855,3568,8416,69,50,122,167,148,315,16,8,23,4,3,6,6966,4796,11763,513,496,1005,409,387,796,11998,9702,21700,8599,4980,13577,52570,39927,92501
511,43444,41010,84455,3052,3067,6112,158,139,295,132,122,255,247,210,456,126,107,231,4774,4626,9404,60,41,98,84,77,167,6,6,10,3,3,9,5591,5333,10926,403,463,863,291,273,562,9335,9135,18471,7800,6271,14069,60578,56415,116994
597,259,11,272,0,0,0,3,0,3,3,0,3,4,0,6,0,0,0,45,7,53,0,0,0,0,0,0,0,0,0,0,0,0,62,8,69,11,0,15,0,0,0,73,12,84,71,8,80,408,26,434
599,814,434,1248,245,154,396,99,104,201,67,62,132,142,130,274,45,37,78,808,594,1395,15,15,22,32,17,52,4,7,13,0,0,0,1209,962,2166,189,195,387,44,36,84,1691,1346,3036,1020,617,1636,3518,2398,5915
601,83025,88501,171526,2608,2819,5430,484,541,1028,655,695,1351,600,606,1205,133,131,269,254,271,523,8391,9098,17490,90,87,171,58,68,131,0,3,3,10668,11498,22164,1116,1297,2418,248,200,449,14643,15818,30462,8971,8926,17893,106637,113251,219888
602,53134,55333,108468,1823,2066,3883,338,356,692,350,373,727,398,442,840,88,83,166,227,181,404,4823,5402,10231,59,48,113,21,24,46,0,0,0,6310,6912,13224,550,469,1017,108,127,232,8786,9570,18361,6055,6090,12145,67976,71002,138977
603,15242,14392,29638,583,613,1194,122,131,253,69,75,139,124,130,254,47,44,89,90,102,189,767,833,1600,7,16,27,6,3,12,0,0,0,1230,1334,2565,68,81,150,33,28,61,1919,2055,3971,1627,1560,3183,18787,18009,36792
604,41841,43786,85624,1788,1968,3758,240,226,466,250,247,495,338,359,695,73,72,144,141,174,313,3306,3614,6918,28,31,61,10,13,24,4,3,7,4401,4723,9123,175,181,358,123,102,226,6482,6983,13464,4406,4488,8890,52724,55254,107978
697,32,16,47,0,0,0,0,0,0,3,0,3,0,0,0,0,0,0,0,0,0,3,3,9,0,0,0,0,0,0,0,0,0,10,7,13,3,0,3,0,0,0,11,7,22,4,0,9,49,21,68
699,112,66,176,46,30,72,10,16,32,19,10,31,25,31,59,3,6,13,9,13,24,127,126,253,5,0,4,4,0,4,0,0,0,207,205,415,20,21,39,3,3,8,279,258,540,128,63,188,516,391,909
701,45097,41819,86924,1519,1442,2959,794,698,1489,775,697,1471,1514,1302,2814,443,423,865,813,699,1512,66,59,119,7284,7132,14415,101,90,190,4,3,4,11792,11100,22889,1463,1594,3061,263,207,464,15030,14342,29369,10733,7755,18488,70858,63916,134773
702,32322,32204,64521,1241,1289,2532,394,417,810,341,349,687,663,611,1278,273,272,542,214,236,444,25,22,47,1982,2000,3986,39,39,79,3,0,3,3924,3948,7876,439,515,949,439,457,894,6041,6201,12247,6251,5125,11377,44619,43532,88152
797,45,10,52,0,0,0,0,0,0,0,0,0,3,0,3,0,0,0,0,0,0,0,0,0,0,0,0,0,0,0,0,0,0,3,0,3,0,0,0,0,0,0,3,0,7,10,4,19,61,14,70
799,370,269,639,92,73,167,73,73,145,64,68,126,114,105,215,27,18,46,56,60,116,4,8,8,118,109,222,3,4,7,0,0,0,452,450,900,34,64,94,9,6,21,588,591,1185,361,290,654,1321,1151,2476
801,144451,150035,294482,2801,2880,5682,4627,4945,9576,1232,1255,2485,1256,1321,2577,396,424,821,515,476,998,127,146,267,228,200,434,16763,17116,33878,17,15,34,25161,25901,51060,4557,4844,9397,381,326,713,32909,33952,66855,15403,14982,30386,192763,198963,391730
897,0,0,0,0,0,0,0,0,0,0,0,0,0,0,0,0,0,0,0,0,0,0,0,0,0,0,0,0,0,0,0,0,0,0,0,0,0,0,0,0,0,0,0,0,0,0,0,0,0,0,0
899,60,41,98,31,14,47,20,28,43,3,3,6,10,8,18,3,3,7,0,5,6,0,0,0,0,0,0,61,61,122,0,0,0,103,110,211,21,23,45,8,5,14,165,153,319,86,35,125,312,226,538
901,1597,1575,3171,60,64,125,55,45,101,13,8,22,41,24,63,7,9,15,49,43,89,0,0,0,10,9,12,19,17,36,3,3,5,198,145,345,33,36,70,9,3,13,294,258,550,523,236,756,2422,2061,4477
997,4,0,4,0,0,0,0,0,0,0,0,0,0,0,0,0,0,0,0,0,0,0,0,0,0,0,0,0,0,0,0,0,0,0,0,3,0,0,0,0,0,0,0,0,3,0,0,0,3,0,6
999,13,8,21,0,0,0,0,0,0,0,4,10,3,0,8,0,0,0,4,0,6,0,0,0,0,0,0,0,0,0,0,0,0,5,13,20,0,4,4,0,3,3,5,22,28,0,3,9,24,28,50