SA4_CODE_2016,M_PoDe_PoDe_NFD_Mng,M_PoDe_PoDe_NFD_Pro,M_PoDe_PoDe_NFD_TTW,M_PoDe_PoDe_NFD_CPS,M_PoDe_PoDe_NFD_CA,M_PoDe_PoDe_NFD_Sal,M_PoDe_PoDe_NFD_MOD,M_PoDe_PoDe_NFD_Lab,M_PoDe_PoDe_NFD_IDNS,M_PoDe_PoDe_NFD_Tot,M_PoDe_DoctDe_Mng,M_PoDe_DoctDe_Pro,M_PoDe_DoctDe_TTW,M_PoDe_DoctDe_CPS,M_PoDe_DoctDe_CA,M_PoDe_DoctDe_Sal,M_PoDe_DoctDe_MOD,M_PoDe_DoctDe_Lab,M_PoDe_DoctDe_IDNS,M_PoDe_DoctDe_Tot,M_PoDe_MasDe_Mng,M_PoDe_MasDe_Pro,M_PoDe_MasDe_TTW,M_PoDe_MasDe_CPS,M_PoDe_MasDe_CA,M_PoDe_MasDe_Sal,M_PoDe_MasDe_MOD,M_PoDe_MasDe_Lab,M_PoDe_MasDe_IDNS,M_PoDe_MasDe_Tot,M_GrDiGrCer_GrDiGrCerNFD_Mng,M_GrDiGrCer_GrDiGrCerNFD_Pro,M_GrDiGrCer_GrDiGrCerNFD_TTW,M_GrDiGrCer_GrDiGrCerNFD_CPS,M_GrDiGrCer_GrDiGrCerNFD_CA,M_GrDiGrCer_GrDiGrCerNFD_Sal,M_GrDiGrCer_GrDiGrCerNFD_MOD,M_GrDiGrCer_GrDiGrCerNFD_Lab,M_GrDiGrCer_GrDiGrCerNFD_IDNS,M_GrDiGrCer_GrDiGrCerNFD_Tot,M_GrDi_GrCer_GrDi_Mng,M_GrDi_GrCer_GrDi_Pro,M_GrDi_GrCer_GrDi_TTW,M_GrDi_GrCer_GrDi_CPS,M_GrDi_GrCer_GrDi_CA,M_GrDi_GrCer_GrDi_Sal,M_GrDi_GrCer_GrDi_MOD,M_GrDi_GrCer_GrDi_Lab,M_GrDi_GrCer_GrDi_IDNS,M_GrDi_GrCer_GrDi_Tot,M_GrDi_GrCer_GradCer_Mng,M_GrDi_GrCer_GradCer_Pro,M_GrDi_GrCer_GradCer_TTW,M_GrDi_GrCer_GradCer_CPS,M_GrDi_GrCer_GradCer_CA,M_GrDi_GrCer_GradCer_Sal,M_GrDi_GrCer_GradCer_MOD,M_GrDi_GrCer_GradCer_Lab,M_GrDi_GrCer_GradCer_IDNS,M_GrDi_GrCer_GradCer_Tot,M_BaDe_BaDe_Mng,M_BaDe_BaDe_Pro,M_BaDe_BaDe_TTW,M_BaDe_BaDe_CPS,M_BaDe_BaDe_CA,M_BaDe_BaDe_Sal,M_BaDe_BaDe_MOD,M_BaDe_BaDe_Lab,M_BaDe_BaDe_IDNS,M_BaDe_BaDe_Tot,M_AdvDi_Di_AdvDi_Di_NFD_Mng,M_AdvDi_Di_AdvDi_Di_NFD_Pro,M_AdvDi_Di_AdvDi_Di_NFD_TTW,M_AdvDi_Di_AdvDi_Di_NFD_CPS,M_AdvDi_Di_AdvDi_Di_NFD_CA,M_AdvDi_Di_AdvDi_Di_NFD_Sal,M_AdvDi_Di_AdvDi_Di_NFD_MOD,M_AdvDi_Di_AdvDi_Di_NFD_Lab,M_AdvDi_Di_AdvDi_Di_NFD_IDNS,M_AdvDi_Di_AdvDi_Di_NFD_Tot,M_AdvDi_Di_AdvDi_AsDe_Mng,M_AdvDi_Di_AdvDi_AsDe_Pro,M_AdvDi_Di_AdvDi_AsDe_TTW,M_AdvDi_Di_AdvDi_AsDe_CPS,M_AdvDi_Di_AdvDi_AsDe_CA,M_AdvDi_Di_AdvDi_AsDe_Sal,M_AdvDi_Di_AdvDi_AsDe_MOD,M_AdvDi_Di_AdvDi_AsDe_Lab,M_AdvDi_Di_AdvDi_AsDe_IDNS,M_AdvDi_Di_AdvDi_AsDe_Tot,M_AdvDi_Di_Dip_Mng,M_AdvDi_Di_Dip_Pro,M_AdvDi_Di_Dip_TTW,M_AdvDi_Di_Dip_CPS,M_AdvDi_Di_Dip_CA,M_AdvDi_Di_Dip_Sal,M_AdvDi_Di_Dip_MOD,M_AdvDi_Di_Dip_Lab,M_AdvDi_Di_Dip_IDNS,M_AdvDi_Di_Dip_Tot,M_Cert_CertIII_IV_Mng,M_Cert_CertIII_IV_Pro,M_Cert_CertIII_IV_TTW,M_Cert_CertIII_IV_CPS,M_Cert_CertIII_IV_CA,M_Cert_CertIII_IV_Sal,M_Cert_CertIII_IV_MOD,M_Cert_CertIII_IV_Lab,M_Cert_CertIII_IV_IDNS,M_Cert_CertIII_IV_Tot,M_Cert_CertI_II_Mng,M_Cert_CertI_II_Pro,M_Cert_CertI_II_TTW,M_Cert_CertI_II_CPS,M_Cert_CertI_II_CA,M_Cert_CertI_II_Sal,M_Cert_CertI_II_MOD,M_Cert_CertI_II_Lab,M_Cert_CertI_II_IDNS,M_Cert_CertI_II_Tot,M_Cert_Cert_nfd_Mng,M_Cert_Cert_nfd_Pro,M_Cert_Cert_nfd_TTW,M_Cert_Cert_nfd_CPS,M_Cert_Cert_nfd_CA,M_Cert_Cert_nfd_Sal,M_Cert_Cert_nfd_MOD,M_Cert_Cert_nfd_Lab,M_Cert_Cert_nfd_IDNS,M_Cert_Cert_nfd_Tot,M_LE_ID_Mng,M_LE_ID_Pro,M_LE_ID_TTW,M_LE_ID_CPS,M_LE_ID_CA,M_LE_ID_Sal,M_LE_ID_MOD,M_LE_ID_Lab,M_LE_ID_IDNS,M_LE_ID_Tot,M_LE_NS_Mng,M_LE_NS_Pro,M_LE_NS_TTW,M_LE_NS_CPS,M_LE_NS_CA,M_LE_NS_Sal,M_LE_NS_MOD,M_LE_NS_Lab,M_LE_NS_IDNS,M_LE_NS_Tot,M_Tot_Mng,M_Tot_Pro,M_Tot_TTW,M_Tot_CPS,M_Tot_CA,M_Tot_Sal,M_Tot_MOD,M_Tot_Lab,M_Tot_IDNS,M_Tot_Tot,F_PoDe_PoDe_NFD_Mng,F_PoDe_PoDe_NFD_Pro,F_PoDe_PoDe_NFD_TTW,F_PoDe_PoDe_NFD_CPS,F_PoDe_PoDe_NFD_CA,F_PoDe_PoDe_NFD_Sal,F_PoDe_PoDe_NFD_MOD,F_PoDe_PoDe_NFD_Lab,F_PoDe_PoDe_NFD_IDNS,F_PoDe_PoDe_NFD_Tot,F_PoDe_DoctDe_Mng,F_PoDe_DoctDe_Pro,F_PoDe_DoctDe_TTW,F_PoDe_DoctDe_CPS,F_PoDe_DoctDe_CA,F_PoDe_DoctDe_Sal,F_PoDe_DoctDe_MOD,F_PoDe_DoctDe_Lab,F_PoDe_DoctDe_IDNS,F_PoDe_DoctDe_Tot,F_PoDe_MasDe_Mng,F_PoDe_MasDe_Pro,F_PoDe_MasDe_TTW,F_PoDe_MasDe_CPS,F_PoDe_MasDe_CA,F_PoDe_MasDe_Sal,F_PoDe_MasDe_MOD,F_PoDe_MasDe_Lab,F_PoDe_MasDe_IDNS,F_PoDe_MasDe_Tot,F_GrDiGrCer_GrDiGrCerNFD_Mng,F_GrDiGrCer_GrDiGrCerNFD_Pro,F_GrDiGrCer_GrDiGrCerNFD_TTW,F_GrDiGrCer_GrDiGrCerNFD_CPS,F_GrDiGrCer_GrDiGrCerNFD_CA,F_GrDiGrCer_GrDiGrCerNFD_Sal,F_GrDiGrCer_GrDiGrCerNFD_MOD,F_GrDiGrCer_GrDiGrCerNFD_Lab,F_GrDiGrCer_GrDiGrCerNFD_IDNS,F_GrDiGrCer_GrDiGrCerNFD_Tot
101,3,15,0,0,4,0,0,0,0,21,102,278,12,9,14,3,0,6,7,423,644,764,52,77,162,46,23,25,43,1832,18,36,3,0,9,0,3,0,3,67,171,310,23,36,52,9,3,13,5,621,64,71,6,26,21,3,0,0,3,206,1397,2562,333,376,378,181,83,198,87,5588,8,3,4,4,3,3,0,6,0,36,543,407,259,251,144,85,65,100,34,1892,616,398,418,414,219,130,100,146,45,2486,2638,518,7361,945,650,720,1672,1826,287,16620,80,32,71,71,46,48,60,135,3,547,190,77,106,110,53,78,98,147,10,858,66,61,42,26,14,15,20,37,4,295,209,64,220,72,55,95,173,251,97,1239,6734,5598,8902,2422,1820,1421,2306,2884,640,32729,12,38,0,3,10,0,0,0,0,59,75,210,0,5,23,3,0,3,12,332,421,1044,22,93,155,27,0,17,27,1815,18,50,0,6,17,0,0,0,3,100
102,9,35,0,0,0,0,0,0,0,47,46,310,9,3,11,3,0,0,5,383,508,1026,59,61,102,44,11,20,28,1863,20,41,0,3,6,8,0,0,0,69,87,377,24,37,31,11,4,7,7,584,65,87,14,14,20,3,3,4,0,206,1437,4457,486,559,451,324,132,233,96,8167,6,8,8,6,3,4,0,3,0,44,655,707,419,386,222,174,117,120,42,2845,857,783,663,562,330,293,158,198,68,3900,2901,1080,11815,1332,1015,1143,2215,2569,397,24478,90,61,95,80,48,81,91,154,9,716,185,146,188,208,95,158,193,217,19,1394,77,110,74,33,23,28,44,69,6,475,177,115,276,116,64,109,208,299,169,1523,7107,9334,14128,3404,2426,2383,3186,3900,842,46710,9,60,0,3,4,0,0,0,0,79,22,210,5,4,9,3,0,0,6,266,292,1436,40,82,170,35,7,11,28,2102,12,76,0,3,11,0,0,0,0,97
103,0,14,3,0,0,0,0,0,0,15,42,184,3,0,16,0,0,3,3,256,242,501,35,19,43,13,9,23,9,895,12,20,3,0,3,0,0,0,0,33,85,218,17,23,13,6,4,3,0,378,59,62,11,13,6,0,9,0,0,163,1009,2267,279,273,186,127,98,156,41,4428,4,3,0,4,0,3,0,0,0,10,397,266,185,196,68,72,86,71,14,1349,504,267,377,286,121,100,120,128,22,1938,2528,433,7186,688,486,602,2412,1668,241,16244,117,16,78,41,31,76,104,121,9,598,218,46,91,66,40,84,158,138,16,852,52,40,27,14,9,20,34,35,3,232,262,40,197,54,18,79,235,222,105,1216,5544,4363,8490,1686,1032,1184,3270,2569,467,28601,10,22,0,0,0,0,0,0,0,35,16,151,5,5,11,0,0,0,4,195,183,769,15,51,94,17,0,9,11,1144,7,46,0,3,3,0,0,0,0,69
104,4,11,0,0,0,0,0,0,0,20,16,124,0,3,4,0,0,0,3,152,127,303,16,17,27,7,7,10,8,519,0,14,0,0,0,0,0,0,3,16,32,194,12,14,14,3,3,8,0,281,20,22,0,5,4,0,0,6,0,64,563,1693,165,173,169,82,39,114,32,3034,4,0,3,4,0,0,0,0,0,15,212,224,118,129,64,53,54,38,14,903,233,240,180,185,114,90,56,82,21,1204,1167,275,4005,610,316,466,909,1156,154,9049,34,14,45,46,13,51,33,97,3,342,90,34,52,55,23,48,83,119,9,509,22,33,19,8,9,9,19,35,6,154,80,39,104,47,20,48,115,144,61,654,2613,3222,4723,1292,782,858,1312,1804,315,16916,7,22,0,0,3,0,0,0,0,34,16,79,0,0,14,0,0,0,0,109,94,478,4,32,36,6,0,8,0,666,4,29,0,5,0,0,0,0,0,42
105,0,10,0,0,0,0,0,0,0,16,3,52,0,0,0,0,0,3,0,65,88,188,18,24,23,25,9,29,3,419,6,6,0,0,3,0,0,0,0,15,37,126,7,10,8,3,5,0,3,193,23,22,0,7,6,4,0,0,0,61,515,1051,108,153,83,62,45,97,7,2113,4,4,3,3,0,0,0,0,0,17,237,106,67,115,29,34,14,27,9,646,290,129,120,180,65,68,50,66,4,963,1366,239,3517,443,282,358,988,856,137,8187,71,13,28,21,20,24,36,68,0,294,117,24,57,38,28,43,72,70,11,465,26,20,27,5,3,10,13,18,0,129,152,32,101,41,29,46,119,141,66,729,2939,2028,4053,1048,580,682,1353,1385,252,14306,3,18,0,0,0,0,0,0,0,25,4,38,0,0,3,0,0,0,0,49,96,390,7,24,46,22,0,15,4,603,4,26,0,3,0,0,0,0,0,32
106,3,15,0,0,3,0,0,0,0,24,35,156,4,3,3,0,0,0,0,196,338,505,48,22,55,22,14,18,12,1043,5,28,3,4,0,0,0,0,0,41,97,205,23,11,19,7,11,4,3,378,36,46,11,9,6,3,3,3,0,109,951,2397,337,213,206,159,124,147,46,4576,0,6,3,3,0,0,3,0,0,25,469,449,411,187,116,87,108,84,29,1940,609,491,678,318,186,120,231,118,52,2806,2302,701,11851,940,637,662,4095,1948,431,23556,64,20,94,80,34,75,151,154,8,685,148,61,135,92,45,88,208,157,12,942,47,42,54,21,15,18,43,52,4,302,131,79,211,76,25,55,273,248,104,1199,5242,5190,13858,1974,1352,1297,5268,2940,705,37822,11,30,0,3,0,0,0,0,0,48,16,116,3,7,13,0,0,0,0,149,209,783,16,36,90,17,9,9,5,1177,4,38,0,3,3,0,0,0,0,56
107,14,39,0,3,0,0,0,0,0,59,81,813,14,10,8,6,4,7,3,949,675,1391,109,94,148,84,39,64,36,2632,22,53,0,3,6,3,0,0,3,83,104,543,35,48,38,8,7,9,6,791,60,85,11,16,18,7,7,4,3,209,1637,5018,555,644,563,379,201,294,109,9405,7,4,11,6,4,8,3,8,0,45,495,596,478,370,147,132,102,132,41,2497,764,721,935,597,313,212,227,217,55,4043,2206,773,10951,1093,808,816,2801,2098,329,21874,48,42,75,78,45,73,109,133,8,609,158,112,135,160,86,98,200,169,24,1139,66,102,70,44,20,25,58,65,13,463,101,112,221,80,38,79,192,202,135,1157,6428,10409,13594,3245,2255,1910,3944,3389,773,45952,8,81,0,3,0,0,0,0,0,100,57,527,9,6,21,0,0,3,5,630,466,2045,33,150,240,63,0,21,24,3030,10,88,0,10,3,3,0,0,0,117
108,0,12,0,0,0,0,0,0,0,13,18,128,3,0,0,0,0,0,0,150,163,411,22,29,38,14,4,9,7,696,6,23,3,0,0,0,0,0,0,27,47,216,13,11,5,8,8,3,3,314,25,54,5,5,3,0,0,0,0,97,614,2262,147,229,163,93,52,82,32,3672,4,4,0,3,0,0,0,0,0,16,274,330,155,170,83,69,46,69,16,1214,340,324,259,285,107,132,61,102,23,1634,1836,437,6148,807,431,730,1358,1789,227,13772,48,24,63,54,30,86,63,135,4,513,107,62,84,106,34,94,110,159,15,760,39,52,26,15,13,17,19,41,3,226,131,63,167,88,44,79,179,226,108,1089,3655,4396,7103,1804,951,1326,1901,2615,446,24205,6,31,0,5,0,0,0,0,0,44,9,91,0,0,4,0,0,0,0,112,117,645,4,36,49,12,4,5,11,879,3,28,0,3,4,0,0,0,0,53
109,3,8,0,0,0,0,0,0,0,12,14,77,0,0,3,3,3,0,0,103,138,231,11,13,26,6,6,17,0,441,7,17,0,0,0,0,0,0,0,26,50,147,19,21,14,7,0,3,0,253,15,25,0,9,5,0,0,0,0,53,659,1261,131,142,123,62,56,92,27,2552,3,0,0,0,0,0,0,0,0,15,316,171,107,97,34,49,46,56,8,883,299,207,182,168,67,66,81,91,15,1169,1604,289,3864,313,274,358,1043,1003,135,8879,59,19,35,16,19,27,49,66,4,295,109,32,45,36,19,50,65,75,7,451,30,25,15,8,4,13,19,24,6,129,150,46,115,46,15,57,127,135,47,723,3441,2555,4529,859,593,692,1492,1566,257,15980,0,29,0,0,0,0,0,0,0,38,17,86,3,0,3,0,0,0,0,113,116,376,10,48,41,11,3,13,3,611,3,36,0,3,5,0,0,0,0,47
110,3,5,0,0,0,0,0,0,0,13,48,403,4,3,9,0,0,4,0,476,205,397,26,16,28,21,4,46,6,749,9,22,0,3,3,0,0,0,0,32,71,205,6,9,20,4,3,7,0,331,24,37,9,9,4,0,3,3,0,84,935,1845,179,249,165,96,66,192,44,3774,6,0,3,3,3,3,0,0,0,24,457,252,124,150,57,47,55,75,16,1230,481,268,216,213,75,66,64,141,28,1553,2307,384,5413,462,347,503,1551,1524,204,12704,92,30,58,27,23,60,83,139,8,512,169,36,85,59,29,90,121,143,9,739,45,37,29,18,13,23,27,55,6,249,243,51,195,47,32,77,215,273,107,1241,5100,3961,6354,1266,813,994,2199,2585,430,23710,0,21,0,0,3,0,0,3,0,34,28,283,7,4,8,0,0,3,0,334,131,663,13,39,74,15,3,23,10,974,11,35,0,0,3,0,0,0,0,49
111,12,46,3,4,5,0,0,0,0,72,102,997,8,11,20,5,3,3,8,1155,805,1682,96,61,176,72,22,45,17,2977,37,80,4,4,4,0,0,0,0,128,142,529,39,43,41,7,10,12,12,829,86,158,17,25,20,4,3,4,6,322,2077,7589,747,695,695,373,201,297,124,12798,0,14,7,3,3,3,0,3,0,43,628,894,590,360,231,145,136,120,48,3151,863,995,921,573,396,241,234,217,56,4485,2647,1107,12993,1407,1154,1186,3052,2534,438,26514,64,46,99,111,60,85,106,160,4,738,179,130,217,152,91,140,195,201,20,1325,68,131,67,38,24,37,49,67,9,491,89,135,227,100,58,85,195,197,149,1224,7798,14537,16032,3587,2970,2374,4214,3862,881,56258,10,85,0,10,9,0,0,0,0,114,49,701,7,9,17,3,0,0,9,803,457,2370,50,143,271,56,8,30,28,3411,28,111,0,7,15,3,0,0,3,168
112,8,22,0,0,3,0,0,0,0,38,39,299,4,3,6,6,0,4,3,371,275,685,36,41,46,19,5,25,16,1143,11,42,8,0,3,4,0,0,3,63,97,395,28,34,22,11,4,10,3,615,31,69,4,13,4,7,0,3,0,140,1222,3325,398,417,315,257,105,252,76,6364,10,4,8,9,0,3,0,3,0,38,353,468,254,230,99,89,61,104,24,1685,456,400,385,405,165,139,90,173,43,2253,2126,508,7518,851,540,733,1482,2008,263,16021,68,23,58,49,23,66,55,162,11,521,160,71,115,119,41,94,131,197,14,947,48,60,51,22,21,21,24,50,3,301,162,91,175,82,48,90,153,234,118,1152,5054,6469,9045,2285,1339,1529,2128,3225,567,31649,7,61,0,4,8,3,0,0,0,86,26,254,3,11,11,0,0,0,3,306,202,1045,17,82,107,37,0,25,16,1526,12,53,0,5,5,0,0,4,4,88
113,5,5,0,0,0,0,0,0,0,12,29,212,4,3,3,3,0,0,0,263,170,313,32,20,31,7,11,24,0,608,3,16,3,0,0,0,0,0,0,18,67,180,15,16,17,5,3,3,4,308,24,36,3,3,8,0,0,3,0,86,822,1711,256,204,142,109,61,218,35,3564,9,7,0,3,0,3,4,0,0,23,316,235,152,135,47,44,39,65,13,1052,371,215,223,215,108,63,56,97,13,1365,2167,461,5422,555,366,516,1334,1402,182,12409,86,24,60,51,24,48,73,103,3,461,161,41,72,62,33,53,108,128,11,667,32,31,36,3,0,14,29,53,8,196,201,56,130,30,31,59,185,232,87,1013,4466,3537,6416,1310,814,913,1904,2332,362,22055,5,28,0,0,3,0,0,0,0,35,26,130,6,3,4,0,0,0,0,167,123,516,6,38,45,7,0,25,8,761,7,25,0,0,3,0,0,0,0,39
114,8,12,0,0,0,0,0,0,0,25,39,151,3,3,5,0,0,4,4,212,256,486,40,29,42,20,7,6,14,898,8,24,0,0,0,0,0,0,0,31,57,228,16,17,13,6,7,12,11,363,22,27,8,3,4,3,0,0,0,73,675,1727,220,209,135,108,43,114,52,3284,3,3,4,3,0,3,0,0,0,21,306,307,204,141,56,57,42,68,18,1199,302,249,311,242,96,74,67,82,24,1456,1439,380,5405,589,295,487,948,1131,180,10854,30,24,49,42,18,42,36,75,3,323,77,56,81,85,31,46,72,102,7,548,24,36,39,17,5,15,25,25,3,188,73,52,111,41,8,47,104,135,59,631,3310,3772,6488,1415,718,910,1354,1745,367,20080,3,26,0,3,3,0,0,0,0,33,14,103,3,0,7,3,0,0,0,137,162,680,15,58,75,16,3,10,4,1031,7,29,0,0,4,0,0,0,0,46
115,28,51,3,3,8,3,0,0,0,98,110,528,7,6,27,10,5,4,3,702,1732,2822,240,80,435,192,72,47,70,5692,75,115,7,0,18,6,3,0,5,232,216,361,34,26,62,23,7,8,10,751,78,82,7,16,23,6,3,3,0,206,3575,6548,777,471,1094,682,281,300,203,13944,6,7,3,4,4,4,3,4,0,44,920,792,452,227,255,225,128,100,45,3141,862,696,482,278,291,268,118,146,39,3171,2485,744,6491,480,588,739,1011,984,241,13765,73,40,43,28,38,50,33,38,0,346,274,156,147,72,83,141,92,111,18,1099,129,175,78,22,31,46,33,37,21,574,155,130,140,46,61,67,78,76,122,870,10720,13242,8919,1759,3009,2475,1872,1866,786,44638,19,58,0,0,15,0,0,0,0,104,50,380,10,4,21,4,0,0,9,480,740,2672,78,159,654,147,3,24,54,4524,33,104,3,8,25,3,0,0,0,177
116,14,27,3,0,4,0,4,0,0,53,60,273,19,15,24,3,5,4,0,404,1187,2769,363,215,698,244,364,172,90,6102,43,98,8,8,33,8,12,4,3,228,126,315,37,33,71,27,36,14,4,656,56,74,12,8,21,8,0,3,3,193,2044,6029,1437,810,1599,719,1262,766,207,14875,18,12,20,15,6,5,14,7,0,88,621,664,742,315,347,215,504,257,46,3716,802,792,920,478,483,377,616,341,72,4885,1697,734,8369,815,1017,791,2496,1705,334,17949,68,42,77,66,84,48,186,127,14,706,173,141,201,154,146,121,366,236,35,1569,110,183,133,57,71,47,169,95,16,888,123,134,264,107,118,76,353,291,215,1683,7140,12275,12602,3106,4716,2701,6383,4030,1049,53992,4,54,0,4,11,3,0,0,0,78,21,231,10,8,17,4,0,0,3,293,461,2446,103,365,890,233,67,126,83,4777,24,109,10,16,37,11,0,4,3,206
117,36,87,0,3,12,7,0,0,0,146,246,1870,18,21,50,6,3,7,17,2243,2490,6174,407,316,883,453,145,192,177,11239,65,179,10,8,24,11,3,10,4,303,352,997,53,67,122,46,10,17,12,1680,115,203,21,24,43,10,0,8,5,433,5677,15598,1771,1642,2397,1590,564,1201,434,30874,13,15,18,3,10,4,3,7,0,78,844,1047,685,437,267,347,140,257,49,4069,974,1156,1004,655,487,435,158,399,83,5345,1306,838,4693,774,642,521,618,809,167,10377,82,73,71,64,51,66,38,50,4,498,231,224,132,139,111,132,88,135,11,1208,140,284,134,71,64,59,40,78,26,896,176,226,203,114,64,81,99,168,228,1359,12753,28961,9229,4337,5220,3784,1895,3337,1224,70738,29,119,0,11,18,3,0,0,0,180,173,1447,18,18,60,6,0,4,13,1742,2090,6400,200,531,1443,524,25,125,111,11449,59,199,3,16,35,11,0,3,9,336
118,34,82,3,0,8,9,0,4,3,143,229,1674,24,9,29,15,3,11,17,2010,2306,4529,192,168,539,267,77,84,144,8303,63,154,0,14,21,15,6,5,9,285,261,685,38,43,80,32,19,23,12,1179,69,113,4,11,33,10,3,3,3,259,5548,12181,937,933,1500,1346,371,541,417,23774,11,10,6,3,6,3,3,4,0,50,756,838,361,247,187,267,90,110,49,2901,724,682,513,347,241,297,90,179,57,3124,1215,521,4234,591,379,396,457,690,139,8626,44,43,33,44,28,39,23,28,4,293,168,176,116,121,94,159,55,96,21,1009,142,268,83,42,43,63,30,56,26,762,181,239,138,91,57,86,67,100,137,1091,11754,22206,6682,2660,3236,2994,1297,1931,1039,53797,34,153,0,6,16,4,0,0,0,219,149,1247,14,13,51,9,0,0,12,1497,1688,5028,78,305,879,311,7,50,89,8428,48,156,6,11,43,9,0,4,3,281
119,15,74,4,3,8,3,3,5,0,119,130,917,24,30,28,14,18,4,6,1183,1842,4683,689,477,1036,725,574,581,182,10788,55,170,29,24,36,37,24,24,8,406,189,603,68,64,94,40,53,40,9,1151,73,124,19,26,39,8,8,10,12,308,4476,11606,2627,1626,2683,1903,1735,1905,495,29054,16,13,25,11,10,15,14,5,7,118,1150,1091,1253,521,536,497,635,458,100,6237,1435,1111,1711,819,782,739,702,683,132,8118,2609,975,11742,1107,1349,1046,2423,2260,477,23990,121,60,112,108,109,92,130,128,17,883,338,224,363,251,256,271,404,309,40,2455,221,318,246,97,137,113,201,208,38,1581,228,274,454,142,158,174,386,427,393,2637,12898,22251,19374,5321,7253,5678,7310,7031,1917,89028,14,77,0,0,17,7,0,0,0,123,67,568,5,14,33,6,0,4,0,717,1081,4995,160,651,1466,632,20,202,110,9319,43,170,3,22,41,29,3,8,8,318
120,29,94,3,3,13,5,0,0,3,137,176,1196,17,19,22,12,8,12,18,1471,2177,5053,348,231,858,479,128,222,135,9628,70,193,16,6,19,17,3,7,10,335,320,801,47,32,91,23,24,20,17,1370,87,148,12,10,20,11,7,7,10,303,4814,11781,1411,1005,1865,1368,605,905,361,24112,13,7,11,7,0,9,0,4,0,49,775,845,534,246,250,251,176,185,66,3335,914,871,795,387,400,361,175,296,71,4277,1399,640,4428,542,579,590,595,757,172,9696,65,63,53,57,43,60,38,54,13,442,226,175,167,97,114,161,105,104,21,1167,171,279,105,53,63,90,40,68,20,877,153,200,152,68,60,79,81,142,187,1113,11388,22344,8099,2753,4394,3505,1975,2784,1079,58325,29,102,0,3,20,9,0,0,0,165,136,1068,7,11,37,4,0,4,5,1282,1757,5566,154,383,1378,390,20,108,136,9895,79,173,4,18,45,6,0,3,8,330
121,84,150,9,0,14,5,0,0,6,266,440,2158,30,18,52,21,7,11,32,2775,4775,8827,448,225,1118,530,120,123,254,16422,152,288,7,3,35,14,5,8,18,531,587,1249,65,57,146,66,11,29,27,2234,127,207,14,12,37,13,4,3,5,425,9711,19949,1570,1082,2620,1813,387,686,655,38475,8,9,10,9,3,3,3,3,0,53,1355,1473,583,276,325,401,122,183,77,4790,1181,1291,701,401,405,433,150,232,75,4871,1733,908,4253,525,524,601,471,678,167,9853,84,80,71,35,44,53,29,46,6,453,326,312,155,131,122,197,93,105,27,1473,283,465,101,44,81,80,39,45,28,1155,209,336,123,57,64,69,36,77,186,1157,21064,37712,8138,2868,5593,4314,1471,2224,1553,84929,58,178,0,4,32,4,0,0,9,288,224,1530,29,34,71,12,0,6,19,1932,2918,8365,193,438,1802,482,6,60,193,14458,111,333,0,16,63,18,0,0,7,547
122,34,49,0,0,7,3,0,0,0,93,182,500,9,9,16,3,0,0,11,729,1866,2645,116,116,312,201,40,62,93,5459,77,109,0,5,3,15,0,3,6,222,269,523,41,29,47,23,5,17,12,974,72,113,6,17,21,8,6,0,3,245,4967,7995,839,737,997,972,297,420,258,17478,4,5,7,7,3,3,3,0,0,32,1074,1135,477,263,208,279,111,151,58,3753,929,859,640,342,262,334,133,160,57,3718,2392,803,7096,609,527,703,730,992,194,14048,71,66,60,47,31,57,38,60,8,433,285,263,176,126,102,155,92,91,21,1305,155,196,77,52,37,42,37,38,18,650,153,193,152,53,52,85,74,87,115,970,12530,15446,9686,2406,2626,2890,1579,2093,840,50093,16,88,0,10,12,0,0,0,0,129,77,391,3,12,24,3,3,0,13,527,1116,2862,71,201,485,139,7,28,73,4980,43,154,4,8,30,4,0,0,6,257
123,9,24,0,0,0,0,0,0,0,31,42,234,11,7,13,3,4,3,5,336,492,1106,144,116,259,122,131,74,24,2467,18,45,9,3,10,3,4,0,0,94,87,252,26,31,30,18,16,9,7,473,44,31,8,12,15,8,0,0,0,118,1165,3129,582,552,610,340,442,329,96,7245,14,11,9,5,4,4,9,10,3,61,482,517,431,298,206,139,208,128,46,2469,613,563,649,495,345,241,323,225,52,3495,2220,794,9652,749,1029,882,2864,1829,337,20367,76,24,78,61,57,53,125,110,12,593,159,94,153,118,107,111,278,188,29,1242,80,94,86,33,36,36,93,66,4,536,130,76,226,63,71,76,291,214,143,1294,5622,7004,12059,2550,2795,2037,4794,3198,762,40820,6,40,0,3,5,0,0,0,0,59,14,158,6,9,4,0,0,3,3,201,240,1524,47,172,291,119,11,46,15,2455,4,60,0,9,6,0,0,0,0,87
124,8,28,0,0,4,0,0,0,0,47,56,391,11,3,13,3,7,3,3,497,582,1469,110,110,234,83,82,54,29,2750,21,41,3,5,6,5,4,0,0,87,136,370,33,46,39,16,7,10,10,664,57,88,19,21,23,3,5,4,5,228,1465,4120,617,684,674,352,367,329,121,8715,12,9,3,9,4,0,6,7,0,42,579,704,447,410,243,153,173,114,31,2853,832,748,775,611,435,257,281,233,65,4240,2704,1049,11654,1119,1290,1000,3100,2244,438,24597,69,49,91,71,49,85,131,143,10,703,237,143,196,153,144,120,281,206,28,1509,84,100,92,48,50,45,91,96,16,614,123,89,226,80,77,72,312,199,155,1329,6954,9399,14277,3369,3281,2201,4855,3639,907,48880,13,54,0,0,9,0,0,0,0,82,33,376,3,7,21,0,0,0,0,444,406,2259,38,166,321,69,15,31,46,3351,11,83,0,7,18,7,0,0,0,126
125,21,82,3,6,13,0,5,3,0,127,118,716,21,12,25,3,7,7,9,917,2007,5728,675,374,1242,720,460,440,188,11837,66,202,13,14,35,20,24,8,3,393,161,524,70,51,112,21,50,40,13,1044,56,111,22,8,24,7,6,4,4,247,3772,11295,2285,1197,2340,1532,1446,1460,439,25751,5,10,25,8,8,12,6,13,7,98,812,722,962,394,406,348,509,383,96,4629,1051,931,1320,535,642,494,585,519,125,6214,1737,702,8020,773,962,734,1682,1541,354,16513,67,47,118,87,71,55,104,125,7,677,197,168,285,162,168,160,273,244,39,1701,179,339,263,70,93,108,160,126,49,1389,204,214,399,97,130,100,286,315,288,2024,10457,21792,14490,3787,6269,4312,5599,5241,1617,73568,15,76,3,7,14,0,0,0,0,123,49,506,13,19,22,9,0,3,3,623,955,4578,189,585,1585,520,76,205,124,8815,34,157,3,12,44,15,0,3,4,278
126,17,47,4,0,10,3,0,3,0,88,143,923,21,11,26,11,3,8,5,1144,1562,3692,279,123,571,289,90,96,83,6788,54,105,7,6,18,11,3,0,3,206,164,405,27,26,57,23,11,11,11,740,49,79,6,8,10,9,0,0,0,166,2987,7379,980,511,1175,753,320,415,208,14736,0,8,5,0,3,0,0,0,0,22,474,536,367,129,168,148,80,99,31,2039,503,519,444,204,194,196,101,142,31,2332,882,395,2590,304,329,322,368,414,94,5690,39,26,34,16,28,26,13,30,3,212,129,95,70,72,68,91,50,56,7,638,114,182,74,34,47,35,21,38,14,559,91,121,74,37,40,30,41,60,89,581,7208,14507,4987,1486,2726,1958,1103,1368,591,35931,16,67,0,3,11,3,0,0,0,102,75,595,11,17,29,4,0,4,3,737,882,3571,94,249,981,253,3,49,66,6141,33,139,6,7,30,3,0,3,3,222
127,11,22,0,0,3,0,0,0,0,36,43,208,7,3,12,6,3,0,0,284,514,1443,163,113,227,102,132,59,37,2788,20,59,3,0,5,3,5,0,6,105,67,218,22,28,38,12,21,8,8,417,31,49,10,5,11,0,3,0,0,115,1743,5080,1127,658,1328,600,717,564,213,12035,8,13,14,8,0,8,13,10,10,70,616,519,794,288,334,217,386,270,64,3498,752,718,1082,523,522,354,526,343,115,4930,2068,667,10046,852,1104,834,2606,2003,428,20619,94,42,109,73,82,66,151,132,20,771,199,99,282,154,165,151,342,261,42,1694,106,155,163,59,75,63,166,105,18,909,150,126,373,94,96,106,357,322,251,1878,6414,9427,14194,2865,4012,2520,5415,4096,1214,50155,4,58,0,3,5,0,0,0,0,76,9,118,0,4,6,3,0,4,0,146,297,1994,49,161,347,118,12,42,45,3055,9,76,0,5,13,7,0,0,0,115
128,17,23,0,0,4,0,3,0,0,52,58,386,8,3,10,0,0,5,5,480,957,1478,91,75,205,87,29,26,48,3003,26,54,4,9,6,0,0,0,3,112,157,379,28,37,59,16,10,3,6,693,71,59,12,17,28,8,6,0,3,198,2551,5061,520,625,780,475,177,202,135,10524,5,5,10,7,4,10,0,3,0,48,790,783,431,373,240,230,88,95,31,3057,931,763,633,450,351,301,127,143,49,3752,2720,921,8505,781,934,811,1205,1244,269,17406,66,49,50,45,43,36,43,45,7,386,209,161,167,109,139,121,131,114,18,1176,88,138,69,22,46,28,29,30,10,459,132,126,107,55,50,83,70,78,115,815,8791,10400,10622,2608,2900,2213,1912,1992,704,42148,12,58,0,3,5,0,0,0,0,80,47,288,7,5,17,6,0,0,5,371,520,2020,39,117,279,72,4,11,32,3094,10,84,0,10,12,0,0,0,0,119
197,0,0,0,0,0,0,0,0,0,0,0,0,0,0,0,0,0,0,0,0,0,0,0,0,0,0,0,0,0,0,0,0,0,0,0,0,0,0,0,0,0,0,0,0,0,0,0,0,0,0,0,0,0,0,0,0,0,0,0,0,0,0,0,0,0,0,0,0,0,6,0,0,0,0,0,0,0,0,0,0,0,0,0,0,0,0,0,0,0,0,0,0,0,0,0,0,0,0,0,3,0,0,11,0,0,0,4,3,0,20,0,0,0,0,0,0,0,0,0,0,0,0,0,0,0,0,0,0,0,0,0,0,0,0,0,0,0,0,0,0,0,0,0,0,0,0,0,0,0,4,0,7,13,0,0,0,7,6,0,33,0,0,0,0,0,0,0,0,0,0,0,0,0,0,0,0,0,0,0,0,0,0,0,0,0,0,0,0,0,0,0,0,0,0,0,0,0,0,0,0
199,0,3,0,0,0,0,0,0,0,3,3,16,0,0,0,0,0,0,0,19,18,53,0,8,3,3,3,3,0,95,0,0,0,0,0,0,0,0,0,3,0,14,0,0,0,0,0,3,0,20,0,0,0,0,0,0,0,0,0,0,45,128,19,36,21,13,13,33,8,316,0,0,0,0,0,0,0,0,0,0,3,8,3,9,4,0,3,3,0,39,9,12,20,18,5,8,12,14,3,94,33,25,219,29,14,20,80,71,6,502,5,0,3,4,0,3,8,9,0,26,8,3,3,5,0,6,6,4,0,39,3,0,0,0,0,0,3,5,0,13,3,4,8,7,3,4,11,16,12,80,126,273,286,117,60,59,131,167,36,1251,0,0,0,0,0,0,0,0,0,0,0,6,0,0,0,0,0,0,0,6,10,48,0,4,12,3,0,9,0,84,0,0,0,0,0,0,0,0,0,3
201,10,23,0,0,0,0,0,0,0,35,37,245,3,3,0,0,3,3,3,294,267,552,44,29,57,27,15,23,14,1031,13,32,0,3,0,0,0,3,0,60,130,370,22,51,30,17,9,16,5,651,33,58,4,13,8,3,0,0,3,115,849,2354,261,307,242,135,85,163,65,4457,0,3,3,0,0,0,0,0,0,13,287,341,195,148,90,74,73,65,19,1287,358,305,322,250,147,109,75,118,34,1713,1538,341,5311,538,363,475,1105,1194,171,11036,39,14,55,46,19,42,48,83,3,341,80,45,76,75,26,41,75,86,8,517,36,32,32,12,7,11,22,10,6,171,136,48,175,44,31,69,123,141,73,842,3814,4752,6506,1521,1018,1002,1634,1906,412,22556,10,36,0,0,0,4,0,0,0,52,33,196,3,4,9,0,0,0,3,245,198,845,19,57,96,21,5,13,18,1261,9,78,0,3,3,0,0,0,0,102
202,3,24,0,0,3,0,0,0,0,27,28,222,6,8,5,0,0,3,9,280,232,519,26,25,43,9,7,17,8,884,6,32,0,3,3,3,0,0,0,52,136,403,31,61,33,11,5,13,4,705,30,53,4,13,11,0,5,9,4,114,848,2437,252,250,249,150,72,181,33,4465,3,0,3,3,9,0,0,0,0,23,270,342,183,150,77,56,45,68,15,1214,355,320,304,257,129,98,69,115,27,1678,1560,379,5145,651,389,467,1092,1251,141,11075,43,18,49,27,15,24,52,89,3,327,93,38,74,58,25,45,81,96,5,515,30,51,32,16,8,15,22,31,5,208,123,58,129,59,27,68,111,153,62,792,3753,4898,6243,1591,1026,945,1561,2020,320,22355,3,49,0,3,0,0,0,0,0,55,28,210,3,5,13,0,0,0,3,264,187,847,19,55,89,18,4,19,8,1243,9,74,0,3,8,0,0,0,0,97
203,6,38,3,3,5,0,0,0,0,59,63,654,6,5,9,4,0,3,3,754,539,1059,85,70,94,63,48,51,27,2045,25,57,3,9,8,0,0,3,0,107,202,616,52,81,51,17,13,29,11,1068,52,111,8,17,16,0,3,3,3,227,1962,5000,633,587,647,459,234,401,129,10046,4,3,17,5,7,4,7,0,0,43,561,693,544,297,163,162,137,179,32,2763,711,690,763,495,255,234,196,249,56,3649,2278,679,9808,1163,638,815,1790,2127,315,19622,49,35,95,52,31,75,79,136,8,557,155,88,143,111,53,93,157,135,16,960,55,88,66,25,18,22,42,44,3,359,154,133,262,103,49,96,191,233,144,1361,6821,9937,12479,3035,2054,2041,2904,3593,758,43620,19,103,0,5,13,0,0,0,0,145,46,414,15,7,26,7,0,4,6,520,343,1473,35,151,174,47,3,28,19,2269,26,132,4,10,22,5,0,0,3,206
204,4,9,0,0,0,0,0,0,0,14,34,133,0,3,8,0,0,3,3,181,226,349,17,29,31,14,7,12,7,694,14,18,3,0,0,0,0,0,3,39,121,307,17,45,21,5,6,12,4,546,31,46,6,11,5,4,0,4,0,111,854,1717,218,224,176,119,83,151,35,3571,4,7,0,5,4,0,0,3,0,28,478,284,206,174,81,59,53,91,25,1460,569,333,341,395,149,121,95,139,25,2159,2146,435,6324,693,436,548,1602,1636,235,14060,54,9,73,46,20,36,70,100,5,422,131,40,92,68,38,55,121,113,10,667,38,25,52,18,13,9,35,36,12,234,190,49,207,52,25,67,185,178,120,1069,4893,3762,7568,1773,1006,1044,2266,2481,480,25256,10,24,0,4,3,0,0,0,0,44,20,112,0,3,5,0,0,0,0,146,193,631,14,53,57,12,0,26,8,992,11,42,0,3,3,0,0,0,0,64
205,3,17,0,4,0,0,0,3,0,29,39,176,3,0,7,0,0,5,0,229,258,486,32,31,36,20,13,21,7,905,12,45,3,4,0,0,0,0,0,67,131,390,21,61,30,9,12,18,4,681,35,61,14,7,7,0,3,3,0,136,1080,2611,334,300,257,127,75,169,45,4995,12,10,3,10,0,5,0,3,0,41,477,422,326,202,96,83,79,120,23,1816,626,479,519,395,184,137,132,186,40,2694,3216,540,10459,843,618,766,2548,2578,356,21921,78,27,90,57,29,64,72,141,15,580,158,67,144,89,45,79,160,155,18,918,54,44,63,19,15,16,40,57,8,322,296,87,296,92,47,108,240,330,167,1671,6466,5459,12310,2120,1366,1420,3374,3787,703,37007,7,51,0,3,3,0,0,0,0,69,28,172,0,9,4,0,0,0,3,211,183,824,16,76,76,26,0,13,5,1216,15,71,0,12,6,0,0,0,0,102
206,57,211,9,9,17,11,0,0,5,325,536,3830,31,40,86,16,9,9,48,4597,4080,10288,553,538,1313,640,152,368,285,18212,136,374,22,17,46,23,11,15,22,665,899,2833,127,157,319,109,38,57,45,4576,200,428,27,44,84,30,10,12,3,829,11020,30207,2814,2937,4574,3060,775,1678,821,57880,23,18,24,24,11,22,7,16,0,135,1418,1943,1049,639,485,503,160,300,103,6604,1683,1869,1635,1002,743,658,253,509,94,8459,2535,1342,7987,1422,1072,1099,824,1336,275,17896,105,88,103,131,71,100,48,105,11,766,309,302,225,238,147,242,94,163,28,1750,231,492,142,106,78,63,38,82,40,1275,318,460,298,151,123,152,105,185,282,2070,23549,54677,15054,7460,9173,6719,2516,4836,2062,126038,61,318,3,14,42,12,0,0,3,465,435,3518,35,38,136,27,7,8,33,4227,3618,12358,323,890,2183,686,26,209,266,20549,174,564,7,38,88,23,3,12,18,933
207,47,114,8,3,14,7,0,3,0,194,316,2164,17,15,60,18,7,10,13,2622,2790,5207,378,212,813,444,102,207,162,10324,122,238,7,11,32,16,7,5,7,446,600,1336,74,69,160,78,22,37,31,2401,117,170,18,21,23,12,0,6,5,370,6656,14348,1495,1093,2124,1634,425,749,404,28923,14,10,4,6,7,3,0,3,3,49,975,1061,572,276,287,342,123,195,49,3877,924,852,768,434,375,409,149,277,57,4236,1610,618,4328,575,467,693,449,758,173,9677,73,33,58,41,38,50,31,38,5,367,207,147,120,107,70,124,52,77,12,910,162,255,95,47,54,54,22,36,21,750,177,217,154,76,65,91,56,99,144,1079,14786,26762,8096,2980,4586,3990,1455,2498,1089,66239,28,153,0,8,24,4,0,3,0,220,199,1471,10,13,63,10,0,7,16,1796,1525,5215,155,365,1160,351,16,79,124,8980,93,315,0,24,64,12,0,4,0,519
208,47,98,4,3,10,3,0,0,3,169,287,1595,25,19,38,8,10,5,19,2006,2819,4673,294,206,700,373,105,165,131,9459,153,229,16,7,43,16,0,3,11,478,639,1410,70,100,161,68,27,32,26,2536,123,142,12,36,28,19,3,3,4,376,7844,14811,1492,1135,2090,1751,424,660,416,30620,10,16,9,9,8,4,0,5,3,63,1316,1380,749,314,391,446,164,206,51,5020,1435,1193,995,548,479,498,189,265,93,5696,2578,922,7846,849,756,929,874,1205,246,16200,76,58,63,61,50,73,40,76,9,490,280,208,173,140,117,193,114,97,18,1332,196,294,109,43,70,70,38,52,40,905,232,296,213,89,96,126,100,105,177,1428,18029,27321,12070,3565,5029,4573,2078,2884,1239,76793,51,174,9,5,25,4,0,0,0,271,202,1290,14,22,48,12,0,3,27,1606,1587,5294,118,400,1041,312,16,94,108,8967,95,369,9,24,70,20,0,7,7,597
209,20,89,4,3,8,8,0,0,0,127,187,1307,17,15,28,15,8,11,7,1601,1602,3355,355,280,613,371,294,316,110,7292,70,165,12,18,40,17,10,12,3,338,428,1185,94,128,156,43,32,50,21,2144,102,166,21,39,31,8,3,8,9,388,4299,10283,1651,1302,2000,1231,944,1060,285,23053,17,11,13,22,11,8,11,19,4,107,1129,1207,1046,550,476,401,409,344,71,5629,1372,1189,1539,842,653,485,551,539,83,7257,3229,1088,15365,1459,1288,1272,2618,2680,429,29428,106,66,109,92,91,87,118,152,10,831,255,174,282,201,167,178,258,239,32,1790,127,209,174,67,61,58,111,94,37,926,253,234,484,134,127,166,346,351,244,2335,13200,20716,21160,5157,5747,4341,5710,5878,1352,83245,20,148,0,14,22,0,0,0,0,200,106,1026,20,24,62,4,0,3,7,1256,846,4011,144,505,831,278,22,190,66,6886,49,307,3,31,47,15,0,5,6,463
210,13,45,7,3,8,0,3,0,0,79,61,446,13,4,16,10,4,5,10,568,801,1778,202,194,334,206,278,201,69,4059,48,77,5,9,11,3,11,4,8,178,191,573,47,67,77,31,37,21,9,1065,53,98,12,19,24,13,3,4,3,226,2461,5590,1065,789,1218,704,821,750,191,13593,7,11,22,5,7,5,9,5,4,73,659,758,726,330,357,233,388,266,70,3787,951,742,1074,524,509,327,529,389,75,5125,2245,706,10938,1037,1003,849,2385,2157,341,21666,70,37,108,73,49,50,126,122,6,642,190,96,188,166,143,122,235,152,14,1312,101,147,122,58,54,46,121,77,12,737,165,154,384,114,94,113,324,237,199,1782,8008,11274,14913,3389,3917,2702,5277,4399,1015,54885,14,101,0,6,9,0,0,3,0,138,42,349,9,10,26,3,0,0,9,441,410,1862,66,297,428,145,8,96,33,3352,29,151,4,14,23,4,0,4,5,235
211,35,70,5,8,7,3,3,3,0,133,197,972,19,21,34,5,0,7,14,1270,1508,3258,280,154,528,265,91,125,79,6290,79,144,12,11,20,8,0,7,8,275,458,1321,108,114,119,50,21,45,18,2271,134,174,29,56,41,12,10,4,6,468,4785,10883,1643,1012,1870,1186,502,729,246,22855,12,12,18,18,7,13,6,6,0,93,1287,1474,1035,500,441,394,255,301,79,5764,1698,1452,1505,874,613,566,369,453,84,7612,4671,1554,19334,1407,1393,1537,2728,3143,542,36301,121,67,172,72,77,97,105,151,13,880,310,231,289,178,158,220,184,209,26,1802,130,230,150,53,69,53,65,70,23,849,278,233,451,145,91,145,259,267,243,2109,15709,22069,25048,4608,5482,4559,4603,5527,1382,88987,27,150,0,15,28,4,0,3,0,229,95,761,19,18,49,3,3,5,11,961,813,3642,114,300,872,249,12,69,64,6134,49,274,3,19,27,16,0,0,6,388
212,26,89,3,0,10,5,3,9,3,148,187,1501,43,25,49,15,10,18,24,1883,2169,4839,645,351,1032,602,453,428,143,10669,108,223,24,11,47,25,19,10,9,470,363,1101,109,110,160,56,59,48,23,2037,104,172,25,23,47,13,19,13,11,433,5167,12949,2795,1487,2953,1911,1704,1892,422,31288,21,27,46,25,14,10,26,17,0,186,1488,1365,1880,601,675,583,924,744,129,8387,1872,1451,2513,1169,1006,758,1269,1082,152,11266,4580,1420,21486,1729,1800,1871,5073,4678,678,43325,136,84,221,137,94,162,240,278,19,1380,383,162,444,290,211,245,489,362,52,2637,229,342,286,76,127,125,249,198,48,1673,342,289,762,186,189,235,591,593,467,3642,17178,26004,31291,6223,8420,6617,11124,10382,2185,119409,26,149,4,3,26,3,0,0,0,207,110,969,31,24,59,11,0,9,9,1208,952,4488,226,750,1520,508,44,258,113,8852,45,305,9,35,68,25,0,5,8,497
213,30,86,5,6,6,7,5,3,0,149,146,971,37,19,35,10,8,14,15,1257,2237,5061,602,460,1201,689,608,488,178,11534,103,202,24,29,43,29,29,20,11,477,395,1224,91,114,172,80,74,58,20,2228,108,238,18,26,45,9,11,11,0,465,5386,12746,2670,1742,3228,1881,2025,1796,517,31990,21,14,29,17,11,16,34,21,10,168,1310,1314,1619,669,731,474,855,564,112,7648,1758,1515,2245,1133,1162,729,1375,971,172,11075,3697,1437,18223,2058,1962,1531,5367,4380,661,39311,134,58,172,140,117,122,293,274,24,1345,322,207,376,337,243,251,637,387,58,2809,229,273,240,114,145,89,264,166,43,1550,316,293,681,235,185,217,742,543,434,3641,16185,25646,27044,7091,9281,6134,12315,9705,2250,115652,23,140,3,12,19,11,0,0,0,211,93,776,19,27,33,12,0,5,12,972,1196,4625,219,787,1499,513,70,300,132,9328,68,343,10,32,61,16,0,5,3,548
214,12,32,6,3,0,0,0,0,0,50,47,272,7,9,8,7,0,0,3,343,508,824,58,49,84,49,28,28,19,1655,33,47,3,3,4,6,3,0,4,106,194,494,31,63,41,27,14,16,15,894,50,83,15,16,12,5,0,10,4,199,1814,3812,567,432,459,431,196,270,97,8083,6,15,16,5,5,9,5,3,0,53,717,717,576,308,225,201,148,192,51,3124,856,681,752,481,313,290,188,251,65,3867,2827,809,12342,958,740,1004,1800,2223,330,23031,68,34,113,52,35,79,80,104,8,576,188,101,182,156,86,135,135,136,26,1143,75,70,83,36,21,29,53,41,12,422,152,144,354,107,54,111,179,232,139,1465,7542,8124,15099,2673,2097,2373,2826,3506,766,45005,6,68,0,10,5,3,0,0,0,97,31,235,4,3,12,3,0,0,3,293,306,1327,21,98,143,53,0,17,13,1979,20,94,0,16,14,6,0,4,0,146
215,8,3,0,0,0,0,0,0,0,9,21,80,0,0,0,0,0,0,4,102,97,160,12,8,18,11,10,3,3,317,7,19,0,0,3,0,0,0,0,28,69,172,11,27,10,3,0,4,0,299,28,26,4,10,3,0,0,0,0,73,619,1343,113,149,96,60,36,113,26,2556,5,0,5,9,0,4,0,8,0,30,376,212,115,144,51,45,51,63,15,1079,394,223,184,203,81,59,59,126,21,1353,2479,350,4298,504,260,483,1103,1275,167,10919,76,13,45,40,18,49,54,94,8,386,146,33,62,71,22,51,74,103,5,564,38,29,22,12,8,12,19,37,3,174,269,55,174,50,22,63,160,221,93,1110,4624,2725,5039,1233,578,839,1574,2047,348,19006,0,22,0,0,0,0,0,0,0,30,12,46,0,4,0,0,0,0,0,69,94,371,0,34,24,10,0,12,0,538,9,29,0,3,0,0,0,0,0,45
216,0,10,0,0,0,0,0,0,0,13,11,72,0,0,0,0,0,0,0,86,129,232,17,14,22,7,4,13,3,439,8,18,3,0,0,0,0,0,0,23,55,228,10,22,16,4,0,7,3,336,15,25,0,3,3,0,0,4,0,61,571,1220,119,116,97,70,44,94,15,2341,0,3,3,5,0,3,5,3,0,21,299,179,107,68,48,35,54,71,8,878,347,202,213,141,77,67,58,113,18,1240,1719,237,4113,322,245,406,1043,1393,142,9603,38,8,29,23,11,34,36,86,0,274,95,27,68,48,14,35,66,80,4,439,31,27,23,10,6,3,13,33,5,148,169,38,146,31,25,50,138,192,93,882,3495,2522,4851,804,557,708,1460,2094,297,16790,3,16,0,0,0,0,0,0,0,25,10,62,0,4,3,0,0,0,0,74,94,360,3,29,40,10,0,13,0,560,7,21,0,3,3,0,0,0,0,38
217,4,13,0,0,0,3,0,0,0,19,17,97,3,0,5,0,0,0,3,123,133,213,18,14,17,5,0,7,5,419,6,16,4,0,0,0,0,0,0,24,52,186,18,16,11,4,5,12,3,311,23,26,7,3,4,0,0,0,3,75,589,1364,133,134,119,87,47,144,25,2636,3,0,0,3,0,0,0,3,0,12,404,205,115,103,44,49,46,61,16,1038,333,158,164,139,73,62,67,105,17,1120,1996,246,4104,341,218,358,1131,1246,136,9773,57,15,41,31,17,29,40,88,3,308,109,27,55,50,23,34,87,97,4,489,36,23,23,6,5,5,16,26,5,151,213,43,145,36,19,32,155,188,71,905,3972,2634,4822,873,553,670,1592,1994,296,17408,3,18,0,0,0,0,0,0,0,26,15,88,0,3,0,0,0,0,0,111,97,384,10,20,34,7,0,3,0,555,9,36,0,0,3,0,0,0,0,46
297,0,0,0,0,0,0,0,0,0,0,0,0,0,0,0,0,0,0,0,0,0,0,0,0,0,0,0,0,0,0,0,0,0,0,0,0,0,0,0,0,0,0,0,0,0,0,0,0,0,0,0,0,0,0,0,0,0,0,0,0,0,0,0,0,0,0,0,0,0,3,0,0,0,0,0,0,0,0,0,0,0,0,0,0,0,0,0,0,0,0,0,0,0,0,0,0,0,0,0,3,0,0,9,0,0,0,0,4,0,12,0,0,0,0,0,0,0,0,0,0,0,0,0,0,0,0,0,0,0,0,0,0,0,0,0,0,0,0,0,0,0,0,0,0,0,0,0,0,0,0,0,4,9,0,0,0,0,4,0,22,0,0,0,0,0,0,0,0,0,0,0,0,0,0,0,0,0,0,0,0,0,0,0,0,0,0,0,0,0,0,0,0,0,0,0,0,0,0,0,0
299,0,0,0,0,0,0,0,0,0,0,4,10,0,0,0,0,0,0,0,12,11,29,4,5,3,0,0,3,3,66,0,0,0,0,0,0,0,0,0,3,3,12,0,3,0,0,0,0,0,25,0,0,0,0,0,0,0,0,0,0,26,75,11,23,7,10,10,22,5,178,0,0,0,0,0,0,0,0,0,0,5,14,3,4,7,3,4,0,0,37,7,9,14,8,0,0,3,8,0,62,24,17,139,17,12,9,27,48,5,288,0,0,5,0,0,3,3,0,0,13,0,0,0,5,0,0,5,3,0,18,0,7,4,0,0,0,0,0,0,12,6,3,10,3,0,0,7,11,12,48,88,178,189,67,30,30,63,97,21,761,0,0,0,0,0,0,0,0,0,3,0,8,0,0,0,0,0,0,0,8,3,18,3,4,7,0,0,3,0,40,0,0,0,0,0,0,0,0,0,3
301,17,19,0,0,3,0,0,0,0,42,60,298,3,4,8,0,0,0,3,375,573,873,62,38,132,49,21,27,17,1784,13,22,3,3,7,0,0,0,0,57,149,301,32,37,42,9,14,9,10,599,69,109,15,19,19,5,0,3,4,247,1654,3688,474,395,525,316,136,220,82,7490,7,3,11,6,0,4,0,6,0,36,557,595,422,141,146,109,89,93,29,2170,870,686,587,391,350,247,180,179,46,3539,2276,836,8898,676,792,842,1644,1758,268,17987,50,39,73,49,38,69,73,109,4,505,163,81,132,89,61,86,137,147,25,916,54,72,68,21,24,19,36,47,8,355,121,84,206,45,49,63,135,139,105,938,6631,7713,10976,1915,2192,1812,2472,2737,596,37039,8,42,0,6,8,3,0,0,0,67,28,246,4,0,22,3,0,0,0,309,315,1169,32,76,198,33,5,8,18,1855,15,67,0,6,5,0,0,0,0,99
302,7,30,3,0,0,4,0,0,0,50,63,404,9,7,18,0,3,5,8,507,672,1478,105,83,205,76,73,66,33,2787,29,76,5,3,15,6,5,3,3,143,160,474,43,44,67,19,13,14,9,847,90,121,14,20,36,4,0,3,4,289,1849,5601,758,552,910,462,270,360,111,10883,7,4,7,3,9,3,4,5,0,40,379,507,390,208,165,89,119,100,36,1992,737,656,690,452,445,295,239,253,36,3808,1405,638,6410,764,797,648,1198,1265,208,13322,45,35,56,63,49,59,60,124,8,501,94,79,108,88,83,79,106,120,9,773,56,127,68,34,27,24,35,42,11,416,71,102,158,43,45,58,103,113,115,804,5678,10340,8816,2369,2860,1819,2233,2470,588,37175,7,56,3,5,8,0,0,0,0,85,31,359,9,5,22,3,0,0,6,431,422,1643,44,157,323,89,6,51,33,2764,20,88,3,5,8,0,0,3,0,135
303,20,83,0,0,7,3,3,0,0,115,168,1425,27,10,22,10,10,10,16,1699,1560,3629,331,265,590,406,226,270,99,7373,57,129,9,8,25,18,6,8,3,256,255,951,72,52,112,37,26,32,20,1561,113,212,26,23,58,9,11,9,3,457,3577,11012,1534,1061,1744,1190,744,1060,315,22239,7,13,17,8,10,4,8,8,0,70,609,698,621,237,236,166,215,246,45,3062,995,922,1104,631,527,458,420,519,63,5641,1893,813,7791,844,897,860,1363,1642,260,16362,74,52,110,73,54,67,82,110,8,629,141,133,175,116,85,127,151,158,13,1106,105,200,124,72,46,53,88,90,24,796,126,146,204,72,56,86,158,207,153,1210,9697,20422,12138,3469,4476,3485,3501,4364,1020,62575,18,96,4,6,12,4,0,0,0,143,86,1037,14,13,42,6,0,3,3,1213,928,3770,111,402,1054,377,18,145,82,6892,32,186,7,12,39,6,0,6,3,290
304,28,50,0,0,3,4,0,3,3,92,229,1637,26,9,24,5,4,14,18,1971,1178,2213,127,105,273,81,29,75,45,4125,43,79,3,6,14,3,7,0,0,157,242,615,26,40,70,25,4,18,11,1051,77,125,13,14,36,5,0,4,8,285,2715,6933,603,551,921,491,155,293,166,12832,0,0,4,3,4,0,0,0,0,21,442,572,266,130,136,97,59,52,34,1792,603,559,420,297,246,167,97,132,42,2567,1060,451,3378,572,391,397,456,577,106,7381,15,29,28,51,31,30,26,57,3,271,103,81,70,66,54,63,45,52,8,543,60,114,46,24,17,13,10,19,18,320,80,121,70,37,39,33,29,49,65,531,6878,13587,5084,1900,2265,1427,923,1353,515,33931,7,76,0,4,10,0,0,0,0,103,116,1059,22,12,52,4,0,6,3,1281,512,2257,44,159,395,88,13,49,40,3554,22,98,0,6,13,4,0,0,5,152
305,33,100,7,0,7,0,0,3,3,153,178,1540,17,8,27,14,7,3,16,1809,1803,3849,189,191,457,197,55,174,95,7008,50,153,4,3,14,11,0,14,3,262,331,1099,31,56,119,47,13,22,17,1725,145,239,17,24,45,16,6,7,3,507,4516,13011,1153,979,1709,1111,315,888,266,23956,5,8,10,13,3,0,0,12,0,55,598,765,360,154,187,138,84,116,41,2450,850,953,744,493,415,336,149,295,69,4305,1550,728,4346,726,656,657,536,827,159,10184,50,55,63,61,45,70,40,78,7,471,130,130,109,100,76,99,67,87,9,809,83,198,75,47,39,43,29,57,12,594,112,200,128,65,59,67,31,101,122,889,10427,23033,7259,2922,3867,2807,1343,2692,824,55181,36,120,0,6,12,3,0,0,0,181,161,1341,8,15,51,6,0,7,7,1599,1079,3977,85,287,674,184,5,114,57,6461,59,169,5,23,33,11,0,7,3,305
306,0,18,0,3,0,0,0,0,0,24,32,302,9,5,8,0,0,3,0,362,278,537,41,68,57,29,15,24,13,1058,12,31,0,0,4,0,0,4,0,55,87,328,14,47,17,8,14,10,3,527,33,65,9,10,14,5,0,3,0,138,1025,2979,437,561,311,208,127,255,67,5967,6,4,11,7,3,3,0,5,0,37,410,576,285,234,117,83,101,116,41,1953,577,481,522,531,185,176,171,195,61,2899,2390,758,8926,1015,613,789,1886,1981,305,18660,63,46,101,90,34,81,86,183,7,686,134,115,140,134,37,76,126,173,20,962,60,83,75,38,10,22,39,78,10,419,184,132,271,122,44,97,224,287,144,1508,5294,6455,10825,2865,1465,1578,2795,3305,671,35254,3,52,0,3,0,0,0,3,0,70,36,220,3,9,13,3,0,0,4,291,210,988,14,102,143,49,0,35,14,1556,7,74,0,8,5,0,0,0,0,99
307,0,7,0,0,0,0,0,0,0,6,8,23,3,3,3,0,0,0,0,43,93,131,5,6,16,11,4,16,3,292,5,3,0,0,0,0,0,0,0,13,35,104,10,4,3,3,0,4,4,173,15,17,0,3,4,0,0,0,0,35,567,938,168,113,79,59,44,116,18,2100,8,0,0,0,0,3,0,3,0,11,286,134,88,67,31,29,55,47,14,748,426,161,234,150,64,68,111,119,8,1347,1567,199,4223,222,201,298,1286,1244,140,9380,73,5,48,27,9,36,67,130,9,398,165,21,69,29,13,41,133,103,12,574,20,20,21,9,3,3,26,20,10,128,175,31,157,26,23,53,181,210,85,949,3444,1806,5022,659,448,593,1908,2013,297,16198,0,10,0,0,3,0,0,0,0,16,12,35,0,3,3,3,0,0,0,49,49,282,3,15,27,8,0,12,0,396,0,7,0,0,3,0,0,0,0,13
308,10,15,3,0,0,0,0,0,0,29,25,203,3,0,4,0,0,0,3,244,197,454,57,34,36,12,20,16,4,818,13,24,3,3,3,3,4,0,0,46,73,243,31,33,16,0,8,5,0,423,35,45,33,12,13,0,3,10,3,148,740,2266,456,254,215,72,158,138,35,4335,6,3,3,7,3,0,3,3,0,35,272,275,316,120,56,34,91,64,15,1226,430,311,511,304,152,63,188,135,43,2140,1828,568,10929,581,512,469,3171,1676,271,20008,58,37,107,53,21,92,136,190,9,692,142,36,133,66,26,45,261,154,13,891,35,37,66,14,11,12,80,74,9,345,135,62,241,42,31,54,323,258,115,1271,3998,4580,12888,1540,1109,860,4442,2722,513,32659,3,32,0,0,3,0,0,0,0,43,17,138,0,0,7,0,0,0,0,168,122,580,16,45,60,6,0,10,0,840,7,46,0,3,10,0,0,3,0,62
309,14,70,3,0,5,4,0,0,0,95,95,932,8,7,19,11,3,13,6,1093,1060,2300,186,161,249,213,67,114,63,4400,28,105,12,5,16,4,4,3,4,185,242,775,55,69,57,37,25,29,15,1307,84,161,15,28,29,12,6,3,4,341,3584,8839,1306,1174,1122,1187,434,766,275,18692,17,17,23,20,6,8,4,11,3,107,1222,1203,842,507,309,385,207,270,83,5023,1730,1463,1608,1233,673,754,447,666,130,8704,5330,1730,20690,2104,1507,2428,3325,4733,701,42555,116,83,169,116,56,172,144,261,24,1134,396,216,417,310,156,352,304,380,50,2579,159,214,185,83,75,79,94,129,34,1051,330,305,613,194,108,249,327,437,310,2881,14415,18407,26137,6017,4375,5887,5383,7820,1699,90153,20,120,4,7,12,3,0,3,0,167,52,677,4,11,21,12,0,3,11,791,724,3176,55,287,439,214,4,108,46,5054,30,191,4,11,18,3,0,10,3,277
310,6,16,3,7,0,0,0,0,0,35,50,308,8,5,3,5,3,3,0,388,351,936,81,65,148,65,57,59,26,1786,18,44,0,4,7,6,0,3,0,82,83,322,22,46,52,11,7,11,8,555,65,87,11,17,24,8,10,7,4,239,1144,3605,548,504,549,271,288,330,93,7331,5,5,10,17,3,7,3,9,3,64,378,451,371,225,170,78,150,124,31,1991,764,661,841,663,408,235,332,326,75,4308,2055,782,10549,1332,985,917,2879,2490,371,22368,54,29,144,102,59,99,176,227,20,906,137,79,171,135,83,97,308,250,36,1293,54,71,90,25,34,22,73,61,17,457,138,70,315,89,65,81,353,341,193,1641,5304,7473,13183,3220,2601,1904,4641,4246,874,43443,4,34,0,6,12,0,0,0,0,57,22,266,3,4,11,3,0,3,0,313,252,1237,37,143,217,42,0,39,21,1984,6,56,3,0,11,3,0,0,0,85
311,8,24,3,0,4,0,0,0,0,32,31,179,6,3,12,5,3,0,3,239,285,687,78,63,96,50,74,54,20,1408,12,39,5,5,10,0,6,0,0,77,66,265,27,33,31,9,20,3,0,465,31,71,10,12,20,0,0,0,6,147,983,2781,531,336,509,308,300,280,83,6117,3,5,10,4,0,3,9,8,0,44,364,349,411,171,148,98,164,110,21,1839,676,580,726,479,385,281,383,338,47,3892,2303,856,11901,942,1040,995,3261,3072,334,24702,64,23,141,63,54,100,164,219,10,848,153,80,196,122,83,104,356,251,25,1363,49,77,113,29,31,34,102,91,17,542,121,80,374,87,58,74,372,309,198,1679,5156,6102,14541,2356,2466,2063,5212,4748,764,43399,3,35,0,0,11,0,0,0,0,53,16,170,7,3,12,0,0,3,0,210,205,878,18,89,183,59,3,23,19,1472,11,66,0,0,7,5,0,0,3,97
312,3,9,0,0,0,0,0,0,0,18,13,87,3,0,0,3,0,0,0,102,146,276,36,17,26,7,16,14,7,535,14,12,0,0,3,0,0,0,0,31,51,150,38,13,14,0,12,7,5,284,17,33,6,5,8,0,6,3,0,83,575,1646,310,185,108,65,136,125,44,3200,7,0,6,0,3,4,0,0,0,21,227,255,216,87,40,29,94,51,9,991,425,235,434,185,90,52,170,103,30,1711,1769,542,9706,342,403,409,3103,1390,274,17940,42,36,56,34,17,41,93,100,8,437,94,49,118,36,22,35,206,104,8,680,27,35,52,8,8,5,55,42,4,236,125,64,258,40,24,45,301,199,103,1156,3535,3431,11228,953,763,689,4186,2145,488,27414,0,22,0,0,3,0,0,0,0,22,3,63,0,0,0,0,0,3,0,73,92,369,4,47,44,18,4,9,0,583,3,34,0,0,3,0,0,0,0,39
313,6,10,0,3,0,3,0,0,0,27,11,107,0,0,8,0,3,3,0,134,162,341,39,21,36,21,8,17,13,661,16,16,0,0,7,3,3,3,0,40,61,193,10,36,23,4,10,7,3,348,29,51,3,9,16,0,4,0,0,110,552,1746,288,210,230,138,81,199,44,3493,6,0,10,6,7,0,3,5,0,44,296,349,290,174,107,79,81,85,21,1479,503,455,470,398,256,160,165,199,39,2644,1746,608,8525,799,786,838,2064,2275,275,17913,41,32,72,67,50,82,103,183,3,637,118,48,132,95,58,84,168,179,23,907,48,45,63,20,15,16,33,73,7,322,97,81,273,59,51,75,256,245,136,1280,3698,4090,10185,1893,1627,1511,2981,3474,569,30033,7,26,0,3,5,0,0,3,0,40,11,105,3,4,7,0,0,0,0,127,121,576,15,47,54,22,0,17,12,859,7,38,0,0,3,0,0,0,0,52
314,6,14,0,5,3,3,0,0,3,32,50,242,11,0,13,3,0,0,4,324,460,826,57,54,131,37,35,21,20,1638,21,44,3,3,3,0,4,3,0,81,126,335,32,43,38,16,4,14,7,610,79,94,15,22,23,7,0,3,7,251,1409,3460,434,382,585,240,140,187,91,6933,6,3,4,9,5,3,0,0,0,34,475,498,334,183,177,116,85,72,23,1971,785,687,624,525,387,241,157,157,38,3594,1722,742,7785,870,872,758,1425,1416,224,15809,56,39,79,51,45,73,82,97,5,522,120,81,115,102,67,68,136,130,17,833,35,73,62,30,20,18,35,41,6,327,84,84,146,57,41,58,111,121,83,781,5427,7219,9706,2342,2411,1635,2213,2253,529,33741,7,47,3,0,9,0,0,0,0,69,35,191,4,3,14,3,0,0,0,256,240,971,26,97,139,36,3,15,17,1544,10,47,0,4,12,3,0,0,0,84
315,0,3,0,0,0,0,0,0,0,3,3,23,0,0,0,0,0,0,0,35,78,129,10,15,13,0,3,7,3,251,3,7,0,0,0,0,0,0,0,13,18,66,8,7,3,0,0,0,0,101,15,10,6,7,0,0,0,0,0,31,254,667,87,102,54,25,30,41,9,1262,0,3,0,4,0,0,0,0,0,15,115,101,68,64,20,6,24,21,0,423,151,96,116,136,42,8,58,36,11,660,767,244,3073,206,179,111,1015,647,114,6361,41,18,51,27,15,22,41,73,8,304,74,30,58,20,10,10,58,44,3,313,19,9,15,3,7,4,10,26,0,98,97,43,107,44,35,20,136,145,71,694,1635,1448,3600,635,375,209,1378,1039,221,10557,0,11,0,0,0,0,0,0,0,14,7,12,0,3,3,0,0,0,0,26,75,234,12,23,15,0,0,7,0,377,3,18,0,0,0,0,0,0,0,14
316,13,45,0,3,6,3,0,0,0,76,52,473,3,5,10,6,0,7,5,564,494,1076,52,59,98,49,19,53,28,1929,25,66,3,9,3,3,0,0,3,104,155,562,41,47,45,21,13,20,6,913,61,108,16,21,12,18,4,9,3,244,1734,5341,639,591,492,444,163,316,122,9847,7,11,12,10,3,6,3,10,3,58,673,837,498,324,154,213,137,148,42,3029,906,826,860,647,309,369,206,320,55,4503,3313,971,13335,1157,855,1383,2144,2906,409,26468,61,47,93,77,50,109,81,183,8,719,202,120,227,159,64,160,207,217,18,1372,85,100,93,37,25,47,40,73,13,508,179,149,351,96,40,112,191,246,145,1513,7952,10737,16230,3237,2160,2941,3205,4508,857,51836,12,83,0,6,10,5,0,0,0,114,45,352,8,6,22,5,0,3,3,446,307,1591,33,118,191,52,4,46,15,2353,26,113,7,11,20,8,0,5,0,181
317,3,23,0,0,0,0,0,0,0,28,53,379,0,0,11,0,0,7,0,456,228,544,37,35,55,33,17,70,4,1021,10,25,0,4,0,0,0,0,0,40,68,225,9,27,22,6,3,8,3,374,25,65,15,8,18,3,0,0,0,138,703,2438,281,235,234,151,81,261,46,4435,0,0,8,0,4,0,0,5,0,18,201,233,146,104,60,44,49,45,9,898,374,346,371,249,178,91,131,119,30,1893,1228,393,5514,566,410,514,1126,1104,123,10978,39,11,62,38,23,73,61,138,3,446,84,32,63,70,29,58,89,91,3,524,22,31,29,17,9,13,18,29,4,175,67,33,127,45,24,49,115,138,55,644,3115,4791,6668,1404,1074,1036,1696,2015,284,22077,7,19,0,0,6,0,0,0,0,26,27,236,3,8,4,0,0,0,3,280,160,836,17,44,89,13,0,28,4,1196,5,43,0,3,5,0,0,0,0,49
318,3,29,0,0,0,0,0,0,0,32,56,419,0,0,4,0,3,3,3,485,311,564,59,39,53,14,13,35,9,1088,11,42,4,0,0,0,0,0,0,66,83,270,22,31,25,10,6,8,3,446,40,55,8,10,10,0,4,3,3,133,864,3090,367,395,291,149,144,178,61,5540,5,3,3,3,0,0,0,3,0,24,303,303,285,191,87,51,76,46,13,1344,576,445,495,553,229,108,149,133,48,2740,1958,614,9140,1379,633,668,2410,1742,258,18811,47,29,87,102,34,58,91,118,4,571,102,61,93,91,32,56,141,129,8,718,47,61,51,31,7,13,45,34,20,307,107,77,199,76,34,70,189,195,102,1046,4515,6058,10816,2909,1430,1208,3264,2624,525,33351,8,51,0,0,5,0,0,0,0,64,34,360,5,7,13,0,0,3,0,428,192,932,25,61,99,15,0,11,13,1343,4,64,0,5,6,3,0,0,0,87
319,0,17,0,0,0,0,0,0,0,15,17,164,4,0,8,3,0,0,3,198,152,424,27,15,25,17,3,19,5,691,3,26,0,0,3,0,0,0,0,33,58,247,23,40,10,9,3,8,3,399,29,45,9,8,4,3,0,10,5,119,628,2263,205,266,151,77,67,155,33,3851,7,3,0,6,0,0,3,6,0,28,292,322,182,199,54,65,60,71,9,1254,477,374,344,435,161,120,161,189,34,2292,2152,508,8269,954,500,806,2225,2432,258,18108,72,34,97,59,34,121,128,257,6,800,152,61,127,122,42,69,176,200,13,949,41,51,56,27,21,17,47,59,0,313,200,53,226,77,33,81,231,337,130,1370,4282,4583,9556,2205,1038,1393,3102,3743,498,30410,0,29,0,0,3,0,0,0,0,34,5,98,0,0,0,0,0,0,0,108,104,621,11,37,61,13,0,12,11,851,11,54,0,3,8,0,0,0,0,79
397,0,0,0,0,0,0,0,0,0,0,0,0,0,0,0,0,0,0,0,0,0,0,0,0,0,0,0,0,0,0,0,0,0,0,0,0,0,0,0,0,0,0,0,0,0,0,0,0,0,0,0,0,0,0,0,0,0,0,0,0,0,0,0,0,0,0,0,0,0,0,0,0,0,0,0,0,0,0,0,0,0,0,0,0,0,0,0,0,0,0,3,0,0,0,0,0,0,0,0,3,0,0,3,0,0,0,0,0,0,4,0,0,0,0,0,0,0,0,0,0,0,0,0,0,0,0,0,0,0,0,0,0,0,0,0,0,0,0,0,0,0,0,0,0,0,0,0,0,0,0,3,0,3,0,0,0,0,3,0,10,0,0,0,0,0,0,0,0,0,0,0,0,0,0,0,0,0,0,0,0,0,0,0,0,0,0,0,0,0,0,0,0,0,0,0,0,0,0,0,0
399,0,0,0,0,0,0,0,0,0,0,0,19,3,0,0,0,0,0,0,21,5,17,4,3,0,0,3,6,0,39,0,0,0,0,0,0,0,0,0,0,0,7,0,0,0,0,0,0,0,13,0,3,0,0,0,0,0,0,0,7,30,82,6,24,11,6,11,66,0,243,0,0,3,0,0,0,0,0,0,3,7,10,4,3,3,0,8,7,3,43,5,15,8,9,3,0,5,16,0,69,40,20,208,25,17,11,70,106,17,512,0,0,7,5,0,0,3,5,0,18,4,0,4,3,0,0,5,5,0,18,0,3,0,3,0,0,5,3,4,26,0,3,16,9,0,3,10,10,11,58,95,180,264,79,37,29,113,234,41,1070,0,3,0,0,0,0,0,0,0,3,0,4,0,0,0,0,0,0,0,7,9,25,0,9,0,0,0,7,0,49,0,0,0,0,0,0,0,0,0,0
401,26,89,3,9,6,7,0,0,0,141,255,1838,21,18,23,12,5,11,16,2191,1276,2699,195,191,323,172,86,168,50,5159,47,146,7,11,12,0,0,4,0,225,346,924,48,53,114,27,14,33,14,1579,113,161,19,17,36,15,0,0,3,361,3361,10276,958,875,1148,723,306,644,212,18504,5,9,16,0,3,9,5,4,0,42,684,907,392,266,211,195,103,135,46,2936,927,900,651,414,350,295,152,209,47,3951,1990,713,6018,814,638,760,832,1118,190,13067,71,42,66,71,43,71,48,106,3,519,185,159,144,150,78,150,93,94,13,1062,108,176,83,44,51,34,35,57,14,610,166,169,175,60,50,83,89,127,95,1007,9561,19195,8803,2986,3092,2535,1756,2709,709,51345,22,124,0,9,23,3,0,4,3,190,163,1336,20,29,48,5,0,3,9,1612,805,2982,73,334,549,145,6,95,47,5034,33,184,0,15,20,3,0,0,3,264
402,0,40,4,6,3,0,0,5,3,58,55,581,19,13,15,4,6,7,3,707,503,1265,196,183,233,164,187,208,35,2959,16,53,8,3,8,0,3,4,0,105,126,421,33,45,69,17,14,19,4,764,78,103,18,12,25,0,3,8,3,252,1471,5084,841,792,796,484,498,777,103,10841,16,14,15,8,6,5,6,5,0,71,565,693,578,399,249,153,185,149,46,3017,1012,901,1003,701,486,342,351,363,86,5252,2550,1088,13309,1729,1375,1337,2921,2926,477,27721,111,51,184,140,90,155,230,356,25,1341,201,121,235,237,143,147,263,227,32,1607,84,108,153,56,40,36,110,122,28,748,145,111,345,132,89,109,328,323,198,1780,6933,10634,16933,4458,3625,2959,5121,5506,1055,57223,5,73,0,6,9,0,0,0,0,99,29,324,7,12,15,7,0,3,0,394,275,1390,78,305,309,103,11,146,31,2641,20,84,3,13,9,5,0,0,3,140
403,9,51,0,5,4,3,3,3,0,82,131,989,15,15,32,4,8,9,4,1217,773,1551,116,153,205,89,60,115,33,3108,30,62,4,3,14,3,4,3,4,123,211,727,39,58,87,30,14,22,7,1198,113,161,18,25,36,5,4,6,3,379,2300,6869,813,924,937,598,253,545,131,13379,13,8,7,8,3,3,3,4,0,59,730,943,521,477,298,178,128,148,50,3469,1054,1020,966,659,506,315,193,264,56,5031,2655,1113,11781,1554,1288,1235,1778,2231,323,23939,92,62,140,135,83,149,104,199,11,971,208,157,227,222,124,161,153,202,28,1478,85,146,107,55,45,35,51,79,22,617,149,141,264,107,75,112,147,178,124,1301,8551,14002,15033,4402,3740,2914,2909,4007,797,56352,15,121,3,6,14,6,0,0,0,161,70,763,11,13,37,3,0,0,4,908,463,2142,51,282,301,76,3,67,32,3414,25,138,3,17,20,3,0,0,3,205
404,7,48,0,3,3,0,0,0,0,62,62,427,9,5,7,5,0,10,3,523,496,992,127,149,223,96,108,153,21,2366,18,58,4,4,4,0,6,0,0,104,133,382,31,50,44,22,11,13,8,701,57,77,18,14,11,3,4,4,5,204,1472,4577,680,656,764,463,347,559,92,9610,5,4,8,6,8,3,0,0,0,34,377,513,358,270,169,117,116,103,35,2059,611,570,631,399,316,206,202,230,46,3218,1536,648,6426,918,735,678,1203,1274,198,13618,50,36,75,75,52,74,77,112,9,563,139,90,115,148,77,86,115,125,22,923,52,97,72,40,36,22,50,67,11,436,109,123,188,66,42,72,122,152,93,968,5124,8649,8741,2800,2501,1852,2368,2808,543,35385,11,76,0,7,9,6,0,0,0,107,38,352,9,12,13,3,0,0,0,437,327,1378,48,256,249,108,7,97,31,2498,18,82,0,11,4,3,0,0,0,128
405,3,8,0,0,0,0,0,0,0,12,17,42,0,0,0,0,0,0,0,71,78,122,6,4,11,4,0,9,3,238,4,4,0,0,0,0,0,0,0,11,45,94,11,7,9,3,4,3,3,175,12,22,0,0,9,0,0,0,3,47,460,900,82,55,71,43,40,98,13,1762,4,0,4,0,0,0,0,0,0,7,188,177,82,100,44,34,28,33,9,697,285,150,145,86,54,51,51,73,14,907,1410,238,3427,280,208,258,906,1137,108,7983,71,13,49,30,17,31,61,97,3,370,155,22,54,43,24,38,84,142,10,582,37,12,18,3,14,11,15,35,8,152,171,44,123,24,16,40,132,149,45,746,2936,1859,3997,634,477,518,1328,1789,222,13755,5,17,0,0,0,0,0,0,0,26,10,44,0,3,3,0,0,0,0,58,58,214,0,6,22,4,0,4,0,316,0,21,0,0,0,0,0,0,0,22
406,0,4,0,0,0,0,0,0,0,7,8,43,0,0,0,0,0,0,0,50,49,117,9,7,4,6,6,4,3,210,0,7,0,0,0,0,0,0,0,6,26,63,3,8,0,0,4,3,0,111,9,9,5,3,0,0,0,0,0,31,259,745,107,75,60,28,33,43,20,1371,0,0,0,3,0,0,0,0,0,8,99,90,41,70,16,13,30,18,8,388,158,114,123,85,41,22,58,33,14,657,795,224,3153,347,165,189,1028,687,131,6722,50,19,39,20,14,23,67,67,9,304,83,46,38,37,13,25,75,74,8,392,15,18,22,7,6,9,23,26,3,128,93,34,85,36,14,17,99,111,50,546,1663,1537,3623,703,332,334,1423,1067,244,10926,0,18,0,0,0,0,0,0,0,18,5,26,0,0,3,0,0,0,0,34,43,179,6,10,13,4,0,3,6,265,3,18,0,0,0,0,0,0,0,21
407,3,12,4,0,3,0,0,0,0,19,27,83,0,3,0,0,0,4,0,127,111,181,13,23,12,7,7,22,3,378,4,6,0,0,0,0,0,0,0,20,64,160,14,14,9,6,3,10,3,283,26,26,4,4,3,0,0,5,0,64,673,1348,130,156,103,60,51,246,24,2801,6,4,0,8,0,0,0,0,0,22,354,229,100,118,52,49,60,96,16,1077,442,246,197,169,95,99,87,147,15,1503,2193,375,5621,606,329,588,1362,1799,175,13055,115,31,81,39,11,73,99,211,5,666,213,51,98,89,42,57,138,190,17,889,52,24,54,16,4,9,33,97,5,301,252,53,199,50,26,72,197,321,103,1272,4536,2830,6517,1297,701,1033,2036,3153,366,22475,3,23,0,7,0,0,0,0,0,38,18,71,3,0,8,0,0,0,0,96,87,378,3,31,46,4,0,12,3,568,0,26,0,0,0,0,0,0,0,34
497,0,0,0,0,0,0,0,0,0,0,0,0,0,0,0,0,0,0,0,0,0,0,0,0,0,0,0,0,0,0,0,0,0,0,0,0,0,0,0,0,0,0,0,0,0,0,0,0,0,0,0,0,0,0,0,0,0,0,0,0,0,0,0,0,0,0,0,0,0,0,0,0,0,0,0,0,0,0,0,0,0,0,0,0,0,0,0,0,0,0,0,0,0,0,0,0,0,0,0,0,0,0,0,0,0,0,0,0,0,0,0,0,0,0,0,0,0,0,0,0,0,0,0,0,0,0,0,0,0,0,0,0,0,0,0,0,0,0,0,0,0,0,0,0,0,0,0,0,0,0,0,0,0,0,0,0,0,0,0,3,0,0,0,0,0,0,0,0,0,0,0,0,0,0,0,0,0,0,0,0,0,0,0,0,0,0,0,0,0,0,0,0,0,0,0,0,0,0,0,0
499,0,0,0,0,0,0,0,0,0,0,0,3,0,0,0,0,0,0,0,4,0,11,0,0,0,0,0,3,0,15,0,0,0,0,0,0,0,0,0,0,0,0,0,0,0,0,0,3,0,7,0,0,0,0,0,0,0,0,0,0,6,17,0,3,3,0,0,14,0,53,0,0,0,0,0,0,0,0,0,0,3,3,3,0,0,0,3,0,0,8,0,3,4,0,3,0,3,4,0,18,6,0,58,7,7,10,18,27,3,127,0,0,0,0,0,0,0,3,0,4,0,0,3,0,0,0,0,4,0,8,0,0,0,0,0,0,3,0,0,8,4,0,3,0,0,0,8,9,4,27,23,50,65,11,9,9,36,65,7,279,0,0,0,0,0,0,0,0,0,0,0,3,0,0,0,0,0,0,0,3,0,3,0,0,0,0,0,0,0,3,0,0,0,0,0,0,0,0,0,0
501,3,15,0,0,4,0,0,0,0,23,24,118,3,3,3,0,0,3,0,158,142,295,24,19,15,9,22,27,6,559,11,30,0,0,0,0,0,0,0,40,73,225,9,17,8,9,5,19,7,371,17,33,8,9,16,4,3,3,0,89,815,2029,311,167,135,124,124,300,36,4036,3,6,5,0,0,0,3,0,0,26,355,303,279,98,70,68,120,113,21,1420,378,273,436,146,100,101,152,149,20,1747,1441,430,8174,383,323,436,1873,1469,260,14790,58,30,86,29,20,71,81,150,7,523,123,60,129,59,33,60,151,129,12,764,43,38,50,14,8,15,52,47,9,275,132,43,176,38,31,42,199,199,92,950,3619,3916,9702,985,773,927,2784,2607,462,25777,13,43,0,4,3,0,0,0,0,71,8,85,5,0,0,3,0,3,3,101,94,377,10,45,42,23,0,22,3,621,5,51,0,3,0,0,0,3,0,62
502,0,12,0,0,0,0,0,0,0,16,6,40,4,0,0,0,0,3,0,59,85,116,25,12,18,13,8,18,7,308,3,10,0,0,0,0,0,0,0,17,24,78,12,4,8,0,4,0,0,134,13,11,3,3,4,0,0,0,3,38,298,703,147,83,75,68,83,80,13,1551,0,3,3,0,0,0,3,0,0,16,167,159,129,52,44,29,52,40,11,684,163,142,241,85,48,63,74,57,14,887,591,226,4097,222,206,240,1004,667,136,7395,15,5,50,31,9,23,60,55,4,250,30,36,78,34,11,28,77,58,14,360,12,23,25,6,9,11,13,28,6,120,29,21,94,14,21,26,77,59,34,370,1437,1586,4905,564,443,494,1451,1066,245,12204,0,17,3,0,0,0,0,0,0,20,5,33,0,0,3,0,0,0,0,43,45,170,8,27,29,18,3,10,0,319,3,23,0,0,3,0,0,0,0,29
503,32,93,5,0,3,0,0,3,0,139,208,1494,14,11,20,9,8,0,14,1777,1364,2522,130,103,295,123,46,120,65,4764,63,111,6,8,6,6,3,0,0,207,287,704,34,35,58,22,12,14,7,1167,52,92,11,11,20,5,0,5,3,206,3461,9256,730,622,1023,658,224,514,214,16695,3,4,8,3,0,0,0,6,0,29,455,630,289,129,112,129,69,96,23,1931,466,428,395,224,152,146,85,148,28,2068,745,342,2337,354,235,233,232,367,87,4930,26,22,26,31,17,28,17,34,0,210,93,50,69,70,30,39,31,46,7,430,79,157,52,30,30,18,15,27,16,423,89,159,87,38,28,28,33,60,64,583,7428,16061,4184,1666,2039,1451,768,1447,534,35567,25,108,0,5,16,3,0,0,4,168,97,1039,8,17,41,11,0,0,10,1228,675,2394,61,157,362,127,3,61,53,3884,36,151,3,6,31,7,0,0,10,253
504,18,28,4,3,4,0,0,0,3,58,55,293,3,7,8,3,4,7,3,387,433,966,113,89,165,60,82,59,24,1990,26,66,3,4,16,0,3,4,0,120,153,438,29,34,61,13,27,14,3,774,52,103,5,28,21,4,4,8,3,226,1604,4260,789,566,678,439,405,399,104,9237,9,4,9,4,3,9,6,8,3,49,512,578,561,252,189,117,212,144,40,2603,661,617,907,370,293,234,336,257,32,3712,1757,774,9935,897,823,706,2106,1564,342,18908,46,31,92,81,45,68,113,153,7,635,119,81,176,112,62,58,195,137,12,954,81,96,103,26,39,28,63,42,23,496,100,107,265,76,56,70,227,152,104,1162,5634,8437,13007,2549,2450,1813,3776,2947,715,41324,15,56,0,4,13,0,0,0,0,91,41,279,4,12,15,3,0,3,5,365,275,1097,36,161,229,92,5,61,25,1983,13,83,3,12,15,6,0,3,5,143
505,41,95,5,6,9,9,0,5,0,169,155,924,8,25,24,8,8,8,13,1163,1513,2795,287,192,391,203,168,142,52,5747,80,143,9,9,26,10,5,4,5,289,394,1093,82,91,127,50,22,21,20,1899,165,211,26,69,47,9,7,6,8,552,4885,11969,1781,1335,1728,1140,791,1034,294,24962,22,12,31,13,8,5,16,16,7,125,1402,1593,1267,599,426,349,348,336,98,6427,1485,1510,1890,774,604,524,489,529,122,7933,3875,1599,21289,1676,1531,1445,3045,3308,638,38420,104,66,207,150,84,156,144,265,27,1209,284,210,402,257,136,182,281,291,37,2082,212,285,247,89,68,75,100,168,24,1268,224,278,457,158,103,142,265,339,235,2202,14832,22775,27988,5458,5312,4315,5706,6480,1590,94455,27,193,3,16,31,3,0,3,3,287,81,712,14,15,45,8,0,11,4,885,668,2817,110,305,539,216,16,115,46,4824,36,265,6,15,46,10,0,3,0,383
506,21,66,5,10,8,8,0,5,0,120,161,1156,29,11,27,12,14,16,14,1437,1191,2883,390,295,518,265,320,254,69,6187,52,124,10,11,25,13,10,7,0,251,277,889,84,70,95,44,41,24,19,1545,91,163,28,32,39,3,7,9,9,392,3524,10125,2105,1199,1741,1004,1116,1220,268,22295,11,9,34,16,5,6,21,10,0,112,915,1022,1131,418,367,233,465,314,70,4936,1113,1088,1741,704,551,438,752,585,102,7065,2946,1196,17030,1402,1379,1123,3645,2713,553,31986,81,42,206,162,82,139,181,282,17,1192,232,165,362,202,147,136,346,252,27,1870,131,215,231,72,75,52,132,113,25,1054,198,195,438,133,121,115,364,319,221,2105,10946,19339,23814,4742,5191,3586,7408,6132,1391,82561,23,139,7,4,20,4,0,3,0,199,84,735,25,12,35,5,4,11,6,914,637,2676,147,447,762,231,29,176,47,5142,35,173,3,11,30,21,0,4,6,282
507,26,60,0,8,6,4,0,0,0,113,151,972,28,14,30,4,6,3,11,1213,1111,2078,158,125,284,101,82,91,43,4062,41,107,8,9,12,3,12,5,0,184,282,813,44,43,91,29,18,17,14,1362,116,135,17,44,33,5,4,4,3,363,3372,8402,1344,789,1032,644,526,597,208,16910,8,11,20,5,3,3,8,7,0,68,975,1084,922,336,314,200,243,196,68,4354,1054,959,1257,564,400,359,376,335,101,5411,2828,1270,15616,1339,1072,941,2867,2460,566,28953,73,63,195,129,64,100,127,210,8,972,201,172,326,197,91,118,242,199,29,1576,140,198,177,41,52,38,74,88,11,825,174,189,352,113,79,91,288,248,192,1735,10558,16510,20465,3754,3563,2632,4880,4470,1264,68094,27,137,3,6,12,8,0,0,0,198,80,754,9,14,26,10,0,0,6,900,534,2234,80,199,435,112,9,46,40,3690,42,194,0,9,33,7,0,0,0,285
509,3,9,0,0,0,0,0,0,0,11,11,92,0,0,5,0,0,4,0,120,93,164,18,15,17,7,7,12,4,334,4,10,0,3,0,0,0,0,0,17,48,141,3,19,7,3,13,10,0,234,18,26,0,7,0,0,0,0,0,55,772,1073,182,112,73,61,62,140,23,2508,5,0,3,0,0,0,0,7,0,13,381,204,106,104,46,36,75,68,16,1037,343,170,201,145,47,47,64,97,19,1146,1644,332,4537,384,224,306,1199,1209,169,10005,70,17,70,26,9,40,68,138,10,447,189,37,79,44,26,28,101,104,9,621,55,17,33,8,7,8,20,38,4,194,193,35,148,34,13,51,190,193,52,908,3836,2326,5376,900,481,593,1805,2020,312,17648,0,26,3,0,7,0,0,0,0,32,16,61,3,0,6,0,0,3,0,100,96,250,9,23,37,9,0,9,0,440,7,21,0,0,4,0,0,0,0,32
510,3,0,0,3,0,0,0,0,0,9,16,42,3,0,0,0,3,0,0,62,146,273,51,13,42,4,14,13,7,559,10,12,0,0,0,3,0,0,0,30,36,123,19,11,5,0,7,5,0,204,21,34,13,3,0,0,3,0,0,76,478,1292,367,145,131,40,140,125,34,2764,3,7,7,5,0,0,0,3,0,25,169,198,242,84,37,13,84,46,9,890,214,178,388,147,71,27,165,100,31,1315,733,394,7101,318,317,126,1714,977,261,11950,23,33,66,39,7,20,69,98,7,367,53,50,111,41,12,20,135,94,12,523,11,20,27,9,4,5,35,44,3,161,61,47,116,57,30,31,178,121,74,709,1978,2714,8517,883,662,283,2551,1621,444,19645,0,10,0,0,0,0,0,0,0,16,5,20,0,0,3,0,0,0,0,38,90,295,13,40,48,12,3,13,3,515,4,28,0,3,7,0,0,0,0,44
511,0,6,0,3,0,0,0,0,0,17,13,72,0,3,0,0,0,0,0,94,126,236,28,16,21,7,20,15,5,469,6,13,0,0,0,0,0,0,0,16,55,135,6,17,4,3,3,3,0,233,15,18,12,11,3,0,0,0,0,57,528,1188,180,106,72,40,117,75,29,2338,3,0,5,3,0,0,0,3,0,14,197,186,146,93,40,24,75,39,14,820,243,224,233,146,48,43,113,72,21,1147,1132,381,5689,314,244,245,1573,951,198,10731,48,37,57,24,21,35,86,123,8,436,83,53,84,38,20,24,116,78,17,514,20,30,28,4,6,10,40,38,4,178,92,46,128,40,20,26,202,123,79,749,2567,2627,6606,818,503,453,2352,1530,373,17813,3,19,0,0,0,0,0,0,0,29,3,37,0,0,4,0,0,0,0,46,57,250,9,27,41,11,0,4,0,395,3,27,0,0,4,0,0,0,0,33
597,0,0,0,0,0,0,0,0,0,0,0,0,0,0,0,0,0,0,0,0,0,4,0,0,0,0,0,0,0,9,0,0,0,0,0,0,0,0,0,0,0,0,0,0,0,0,0,0,0,3,0,0,0,0,0,0,0,0,0,0,3,16,3,0,0,0,0,7,0,25,0,0,0,0,0,0,0,0,0,0,0,20,9,0,3,0,0,5,0,32,0,11,0,0,0,0,3,0,0,17,3,11,59,0,0,0,9,35,3,121,0,0,0,0,0,0,0,0,0,3,0,3,0,0,0,0,3,3,0,13,0,0,0,0,0,0,0,0,0,0,0,0,0,0,0,0,0,3,3,12,5,76,69,0,5,0,21,50,9,234,0,0,0,0,0,0,0,0,0,0,0,0,0,0,0,0,0,0,0,0,0,0,0,0,0,0,0,0,0,0,0,0,0,0,0,0,0,0,0,0
599,0,0,0,0,0,0,0,0,0,3,0,3,0,0,0,0,0,0,0,6,4,15,0,0,0,0,4,6,5,31,0,0,0,0,0,0,0,0,0,0,0,7,0,0,0,0,0,0,0,8,0,0,0,0,0,0,0,0,0,0,6,55,9,12,6,4,13,24,4,136,0,0,0,0,0,0,0,0,0,0,3,10,3,0,0,0,5,8,3,26,0,8,10,6,3,0,9,8,0,40,17,7,216,12,13,4,69,52,12,409,0,3,0,0,0,0,4,8,0,18,3,0,3,5,0,0,7,5,0,21,0,3,0,0,0,0,6,0,0,13,3,0,4,0,0,0,7,7,0,29,42,109,245,36,27,17,117,123,25,740,0,0,0,0,0,0,0,0,0,0,0,3,0,0,0,0,0,0,0,3,5,13,3,8,0,0,0,3,0,27,0,0,0,0,0,0,0,0,0,0
601,14,34,0,0,0,0,0,0,0,52,101,855,24,10,23,3,3,7,14,1026,453,1027,74,82,141,48,37,52,22,1935,15,63,8,5,7,0,0,0,0,107,138,453,33,42,59,14,7,11,4,758,84,124,9,39,36,0,0,0,9,301,1344,4443,480,518,614,250,115,221,102,8099,0,11,3,3,0,0,4,0,0,19,371,444,275,142,176,78,46,59,25,1614,572,506,440,290,290,168,89,118,47,2515,1813,607,6806,1004,793,640,1001,1113,251,14035,48,36,62,76,53,80,49,136,8,548,103,67,104,135,69,64,66,105,21,737,48,76,52,27,30,15,28,31,10,305,96,82,182,76,48,63,130,137,95,908,5202,8833,8558,2436,2332,1423,1582,1995,599,32959,4,58,0,5,6,0,0,0,0,79,62,718,13,14,44,3,0,6,7,861,338,1545,43,180,236,49,3,37,28,2469,18,73,0,3,14,0,0,0,3,113
602,3,12,0,3,6,0,0,0,0,26,26,248,0,0,10,0,0,0,3,293,135,361,33,22,27,14,6,16,4,623,12,18,3,3,0,0,0,0,0,29,53,167,8,8,12,3,3,0,6,262,23,54,4,27,7,0,0,0,0,116,604,1871,191,184,163,90,47,111,35,3301,3,0,3,3,0,0,0,0,0,11,254,254,145,76,78,37,32,55,14,954,312,276,220,155,112,92,68,76,18,1331,1574,338,4277,438,379,471,1051,920,130,9577,44,17,52,46,19,37,47,104,3,373,61,38,59,78,31,39,78,65,7,468,30,33,23,7,11,11,20,26,3,161,119,49,149,47,20,42,145,145,66,788,3253,3730,5170,1095,874,850,1511,1532,292,18309,3,26,0,5,3,0,0,0,0,36,16,147,5,8,13,0,0,0,3,192,96,598,17,27,56,13,0,10,5,826,4,26,0,0,3,0,0,0,0,31
603,5,3,0,0,0,0,0,0,0,5,8,55,0,3,0,0,0,0,0,71,29,66,7,5,15,0,3,3,0,135,0,0,0,0,0,0,0,0,0,8,5,47,7,7,3,0,0,3,0,77,10,8,0,0,7,0,0,0,0,27,190,283,48,34,41,13,8,42,7,671,3,0,0,0,0,0,0,0,0,6,88,56,55,29,18,8,6,19,6,288,76,58,53,46,14,21,15,31,3,324,413,109,1133,114,75,74,275,326,45,2564,16,3,21,13,8,9,15,33,0,107,35,26,23,17,4,11,18,32,0,163,7,12,12,3,3,3,5,3,0,39,44,21,43,6,5,12,39,63,24,274,922,746,1409,278,198,154,389,562,93,4758,0,6,0,0,0,0,0,0,0,10,15,48,0,5,10,0,0,0,0,75,32,130,0,7,14,3,0,10,3,200,0,12,0,0,0,0,0,0,0,8
604,0,14,0,0,0,0,0,0,0,14,4,68,0,0,5,0,0,0,0,84,86,156,6,3,19,0,3,8,3,288,3,17,0,0,0,0,0,0,0,21,32,93,5,5,6,0,8,0,0,147,29,30,4,6,7,5,3,0,0,84,317,1004,82,84,59,20,26,56,15,1663,8,3,0,3,0,0,0,0,0,18,178,160,104,48,49,14,29,28,9,620,218,174,166,111,79,50,49,56,12,914,1276,251,3894,352,302,322,947,932,171,8454,30,13,36,32,18,32,58,104,3,327,60,34,48,68,24,17,52,95,10,398,14,20,10,9,0,6,14,20,6,104,82,23,108,36,25,36,131,134,51,616,2334,2056,4471,761,598,502,1305,1432,283,13754,0,10,0,0,3,0,0,0,0,16,8,44,0,0,6,0,0,0,0,61,50,273,0,10,22,11,0,0,3,378,6,25,0,0,6,0,0,0,0,32
697,0,0,0,0,0,0,0,0,0,0,0,0,0,0,0,0,0,0,0,0,0,0,0,0,0,0,0,0,0,0,0,0,0,0,0,0,0,0,0,0,0,0,0,0,0,0,0,0,0,0,0,0,0,0,0,0,0,0,0,0,0,3,0,0,0,0,0,0,0,3,0,0,0,0,0,0,0,0,0,0,0,0,0,0,0,0,0,0,0,3,0,0,0,0,0,0,0,0,0,0,0,5,9,0,0,0,0,5,0,20,0,0,0,0,0,0,0,0,0,0,0,0,0,0,0,0,0,0,0,0,0,0,0,0,0,0,0,0,0,0,0,0,0,0,0,0,0,0,0,0,0,12,9,3,0,0,0,6,0,28,0,0,0,0,0,0,0,0,0,0,0,0,0,0,0,0,0,0,0,0,0,0,0,0,0,0,0,0,0,0,0,0,0,0,0,0,0,0,0,0
699,0,0,0,0,0,0,0,0,0,0,0,0,0,0,0,0,0,0,0,0,0,7,0,0,0,0,0,0,0,9,0,0,0,0,0,0,0,0,0,0,0,0,0,0,0,0,0,0,0,0,0,0,0,0,0,0,0,0,0,0,0,11,0,0,0,0,0,0,0,20,0,0,0,0,0,0,0,0,0,0,0,0,0,0,0,0,3,0,0,9,0,0,0,0,0,0,0,0,0,4,4,0,20,3,0,0,3,5,0,44,0,0,0,0,0,0,0,0,0,5,0,0,0,0,0,0,0,0,0,3,0,0,0,0,0,0,0,0,0,0,0,0,0,0,0,0,0,0,0,0,6,19,25,12,4,0,4,14,0,87,0,0,0,0,0,0,0,0,0,0,0,0,0,0,0,0,0,0,0,3,0,7,0,0,0,0,0,0,0,7,0,0,0,0,0,0,0,0,0,0
701,5,12,0,0,0,0,0,0,0,21,50,248,9,0,11,3,0,0,3,329,362,719,91,135,127,57,38,42,15,1586,18,35,4,9,7,0,0,0,3,73,103,260,23,25,36,3,5,3,0,456,39,72,9,22,11,0,3,0,5,165,1006,2312,544,405,398,187,205,298,66,5418,6,0,10,4,0,0,0,7,3,33,305,279,261,173,88,43,71,56,22,1289,454,352,531,482,197,77,111,120,40,2367,1295,493,6817,922,514,329,1076,1012,277,12746,31,50,86,92,29,38,68,72,3,469,93,62,117,99,49,26,78,89,15,630,31,57,87,23,20,7,22,43,13,298,96,77,210,74,34,51,126,146,119,942,3895,5034,8798,2469,1527,833,1796,1891,581,26815,4,39,0,4,3,0,0,0,0,51,41,245,3,5,11,0,0,0,3,311,290,952,29,115,216,44,0,27,16,1685,23,64,0,3,10,0,0,0,0,96
702,6,7,0,0,0,0,0,0,0,10,19,55,5,6,3,0,0,0,0,91,123,228,22,44,41,5,8,3,13,478,7,15,0,0,7,0,0,0,0,29,32,116,8,17,4,0,0,0,3,188,19,28,3,8,3,0,3,4,0,71,292,951,121,218,93,27,29,75,29,1834,3,0,6,6,0,0,0,0,0,12,110,141,67,117,30,16,18,18,15,532,170,138,134,249,74,22,41,41,14,895,585,293,1935,500,171,125,401,468,123,4612,30,47,26,73,17,17,19,65,18,314,50,40,41,83,12,15,39,53,23,353,12,21,13,15,8,5,13,20,6,113,70,80,81,84,25,18,65,122,101,662,1536,2171,2462,1420,492,263,646,878,338,10197,0,24,0,3,0,0,0,0,0,34,3,64,0,3,7,0,0,0,0,80,103,465,10,61,55,8,0,8,3,715,6,24,0,6,0,3,0,0,0,46
797,0,0,0,0,0,0,0,0,0,0,0,0,0,0,0,0,0,0,0,0,0,0,0,0,0,0,0,0,0,0,0,0,0,0,0,0,0,0,0,0,0,0,0,0,0,0,0,0,0,0,0,0,0,0,0,0,0,0,0,0,0,0,0,0,0,0,0,3,0,3,0,0,0,0,0,0,0,0,0,0,0,0,0,0,0,0,0,0,0,0,0,0,0,0,0,0,0,0,0,0,0,0,3,0,0,0,0,0,0,3,0,0,0,0,0,0,0,0,0,0,0,0,0,0,0,0,0,0,0,0,0,0,0,0,0,0,0,0,0,0,0,0,0,0,0,0,0,0,0,0,0,4,4,0,0,0,0,5,0,15,0,0,0,0,0,0,0,0,0,0,0,0,0,0,0,0,0,0,0,0,0,0,0,0,0,0,0,0,0,0,0,0,0,0,0,0,0,0,0,0
799,0,0,0,0,0,0,0,0,0,0,0,0,0,0,0,0,0,0,0,0,3,3,0,0,0,0,0,0,0,10,0,0,0,0,0,0,0,0,0,0,0,0,0,0,0,0,0,0,0,5,0,0,0,0,0,0,0,0,0,0,0,16,3,3,3,0,0,3,0,28,0,0,0,0,0,0,0,0,0,0,0,0,0,0,0,0,0,6,0,11,3,3,3,0,0,0,4,3,0,14,7,7,51,4,3,3,21,15,0,104,0,0,7,0,0,0,0,0,0,12,0,0,10,3,0,0,0,0,0,12,0,0,3,0,0,0,0,0,0,4,0,3,0,0,0,0,0,8,0,8,13,34,73,16,10,3,25,26,5,207,0,0,0,0,0,0,0,0,0,0,0,0,0,0,0,0,0,0,0,0,4,8,0,0,0,0,0,3,0,17,0,0,0,0,0,0,0,0,0,0
801,31,99,0,4,7,0,0,0,3,143,625,2725,48,28,182,13,9,13,47,3690,3086,5510,275,354,1141,196,92,183,291,11126,77,180,4,10,44,3,0,8,13,340,733,1624,78,111,259,35,23,30,66,2963,287,340,27,52,127,12,3,3,26,880,5082,12412,1196,1331,2625,704,291,651,619,24910,19,14,13,15,3,5,7,0,3,74,953,1100,535,443,506,191,104,148,109,4081,1392,1398,1016,767,815,258,163,256,169,6235,2330,1285,8005,1359,1262,669,966,1255,366,17497,106,78,115,173,109,100,60,110,15,857,206,187,127,163,134,86,87,115,31,1132,138,263,106,57,55,42,31,50,26,766,138,182,241,100,87,76,71,142,182,1222,15191,27398,11785,4964,7365,2388,1903,2962,1967,75924,31,121,0,3,14,4,0,0,3,173,411,1704,32,20,171,7,0,8,35,2392,2176,5323,146,537,1354,215,11,94,246,10090,69,225,0,18,43,4,0,10,5,375
897,0,0,0,0,0,0,0,0,0,0,0,0,0,0,0,0,0,0,0,0,0,0,0,0,0,0,0,0,0,0,0,0,0,0,0,0,0,0,0,0,0,0,0,0,0,0,0,0,0,0,0,0,0,0,0,0,0,0,0,0,0,0,0,0,0,0,0,0,0,0,0,0,0,0,0,0,0,0,0,0,0,0,0,0,0,0,0,0,0,0,0,0,0,0,0,0,0,0,0,0,0,0,0,0,0,0,0,0,0,0,0,0,0,0,0,0,0,0,0,0,0,0,0,0,0,0,0,0,0,0,0,0,0,0,0,0,0,0,0,0,0,0,0,0,0,0,0,0,0,0,0,0,0,0,0,0,0,0,0,0,0,0,0,0,0,0,0,0,0,0,0,0,0,0,0,0,0,0,0,0,0,0,0,0,0,0,0,0,0,0,0,0,0,0,0,0,0,0,0,0
899,0,0,0,0,0,0,0,0,0,0,0,0,0,0,0,0,0,0,0,0,5,4,0,0,0,0,0,0,0,8,0,0,0,0,0,0,0,0,0,0,0,0,0,0,0,0,0,0,0,4,0,0,0,0,0,0,0,0,0,0,0,9,0,0,0,0,0,0,3,17,0,0,0,0,0,0,0,0,0,0,0,0,3,0,0,0,0,0,0,3,0,3,0,0,0,0,0,0,3,4,0,0,5,0,0,0,3,4,0,21,0,0,0,0,0,0,0,0,0,0,0,0,0,0,0,0,0,0,0,0,0,0,0,0,0,0,0,0,0,0,0,0,0,0,0,0,0,0,3,7,5,21,9,6,7,0,3,4,9,65,0,0,0,0,0,0,0,0,0,0,0,3,0,0,0,0,0,0,0,3,0,6,0,0,3,0,0,0,0,10,0,0,0,0,0,0,0,0,0,0
901,0,0,0,0,0,0,0,0,0,0,0,0,0,0,0,0,0,0,0,0,12,11,0,3,0,0,0,0,0,25,0,0,0,0,0,0,0,0,0,0,6,5,0,0,0,0,0,0,0,14,0,0,0,0,3,0,0,0,0,6,36,42,4,16,4,3,0,4,6,117,0,0,0,0,0,0,0,0,0,0,15,7,12,3,0,5,3,3,0,42,10,8,10,14,3,0,0,3,0,50,55,15,195,25,11,4,30,30,11,380,0,3,5,7,0,0,3,7,0,26,8,0,5,3,0,0,4,3,0,32,0,0,3,0,0,0,0,0,3,10,12,6,8,5,3,0,10,13,3,53,152,89,247,68,28,20,62,69,25,748,0,0,0,0,0,0,0,0,0,0,0,0,0,0,0,0,0,0,0,4,10,14,0,0,3,0,0,0,0,30,0,0,0,0,0,0,0,0,0,3
997,0,0,0,0,0,0,0,0,0,0,0,0,0,0,0,0,0,0,0,0,0,0,0,0,0,0,0,0,0,0,0,0,0,0,0,0,0,0,0,0,0,0,0,0,0,0,0,0,0,0,0,0,0,0,0,0,0,0,0,0,0,0,0,0,0,0,0,0,0,0,0,0,0,0,0,0,0,0,0,0,0,0,0,0,0,0,0,0,0,0,0,0,0,0,0,0,0,0,0,0,0,0,0,0,0,0,0,5,0,5,0,0,0,0,0,0,0,0,0,0,0,0,0,0,0,0,0,0,0,0,0,0,0,0,0,0,0,0,0,0,0,0,0,0,0,0,0,0,0,0,0,0,0,0,0,0,0,5,0,3,0,0,0,0,0,0,0,0,0,0,0,0,0,0,0,0,0,0,0,0,0,0,0,0,0,0,0,0,0,0,0,0,0,0,0,0,0,0,0,0
999,0,0,0,0,0,0,0,0,0,0,0,0,0,0,0,0,0,0,0,0,0,0,0,0,0,0,0,0,0,0,0,0,0,0,0,0,0,0,0,0,0,0,0,0,0,0,0,0,0,0,0,0,0,0,0,0,0,0,0,0,0,0,0,0,0,0,0,0,0,4,0,0,0,0,0,0,0,0,0,0,0,0,0,0,0,0,0,0,0,0,0,0,0,0,0,0,0,0,0,0,0,0,0,0,0,0,0,0,0,0,0,0,0,0,0,0,0,0,0,0,0,0,0,0,0,0,0,0,0,0,0,0,0,0,0,0,0,0,0,0,0,0,0,0,0,0,0,0,0,0,0,0,0,0,0,0,0,0,0,4,0,0,0,0,0,0,0,0,0,0,0,0,0,0,0,0,0,0,0,0,0,0,0,0,0,0,0,0,0,0,0,0,0,0,0,0,0,0,0,0