SA4_CODE_2016,D_18_20_FPULPTW_MPTLF,D_18_20_FPULPTW_MPNLF,D_18_20_FPULPTW_MPLFSNS,D_18_20_FPULPTW_T,D_18_20_FPUT_MPEFT,D_18_20_FPUT_MPEPT,D_18_20_FPUT_MPEAW,D_18_20_FPUT_MPEHNS,D_18_20_FPUT_MPET,D_18_20_FPUT_MPULFTW,D_18_20_FPUT_MPULPTW,D_18_20_FPUT_MPUT,D_18_20_FPUT_MPTLF,D_18_20_FPUT_MPNLF,D_18_20_FPUT_MPLFSNS,D_18_20_FPUT_T,D_18_20_FPTLF_MPEFT,D_18_20_FPTLF_MPEPT,D_18_20_FPTLF_MPEAW,D_18_20_FPTLF_MPEHNS,D_18_20_FPTLF_MPET,D_18_20_FPTLF_MPULFTW,D_18_20_FPTLF_MPULPTW,D_18_20_FPTLF_MPUT,D_18_20_FPTLF_MPTLF,D_18_20_FPTLF_MPNLF,D_18_20_FPTLF_MPLFSNS,D_18_20_FPTLF_T,D_18_20_FPNLF_MPEFT,D_18_20_FPNLF_MPEPT,D_18_20_FPNLF_MPEAW,D_18_20_FPNLF_MPEHNS,D_18_20_FPNLF_MPET,D_18_20_FPNLF_MPULFTW,D_18_20_FPNLF_MPULPTW,D_18_20_FPNLF_MPUT,D_18_20_FPNLF_MPTLF,D_18_20_FPNLF_MPNLF,D_18_20_FPNLF_MPLFSNS,D_18_20_FPNLF_T,D_18_20_FPLFSNS_MPEFT,D_18_20_FPLFSNS_MPEPT,D_18_20_FPLFSNS_MPEAW,D_18_20_FPLFSNS_MPEHNS,D_18_20_FPLFSNS_MPET,D_18_20_FPLFSNS_MPULFTW,D_18_20_FPLFSNS_MPULPTW,D_18_20_FPLFSNS_MPUT,D_18_20_FPLFSNS_MPTLF,D_18_20_FPLFSNS_MPNLF,D_18_20_FPLFSNS_MPLFSNS,D_18_20_FPLFSNS_T,D_18_20_FPT_MPEFT,D_18_20_FPT_MPEPT,D_18_20_FPT_MPEAW,D_18_20_FPT_MPEHNS,D_18_20_FPT_MPET,D_18_20_FPT_MPULFTW,D_18_20_FPT_MPULPTW,D_18_20_FPT_MPUT,D_18_20_FPT_MPTLF,D_18_20_FPT_MPNLF,D_18_20_FPT_MPLFSNS,D_18_20_FPT_T,D_21_24_FPEFT_MPEFT,D_21_24_FPEFT_MPEPT,D_21_24_FPEFT_MPEAW,D_21_24_FPEFT_MPEHNS,D_21_24_FPEFT_MPET,D_21_24_FPEFT_MPULFTW,D_21_24_FPEFT_MPULPTW,D_21_24_FPEFT_MPUT,D_21_24_FPEFT_MPTLF,D_21_24_FPEFT_MPNLF,D_21_24_FPEFT_MPLFSNS,D_21_24_FPEFT_T,D_21_24_FPEPT_MPEFT,D_21_24_FPEPT_MPEPT,D_21_24_FPEPT_MPEAW,D_21_24_FPEPT_MPEHNS,D_21_24_FPEPT_MPET,D_21_24_FPEPT_MPULFTW,D_21_24_FPEPT_MPULPTW,D_21_24_FPEPT_MPUT,D_21_24_FPEPT_MPTLF,D_21_24_FPEPT_MPNLF,D_21_24_FPEPT_MPLFSNS,D_21_24_FPEPT_T,D_21_24_FPEAW_MPEFT,D_21_24_FPEAW_MPEPT,D_21_24_FPEAW_MPEAW,D_21_24_FPEAW_MPEHNS,D_21_24_FPEAW_MPET,D_21_24_FPEAW_MPULFTW,D_21_24_FPEAW_MPULPTW,D_21_24_FPEAW_MPUT,D_21_24_FPEAW_MPTLF,D_21_24_FPEAW_MPNLF,D_21_24_FPEAW_MPLFSNS,D_21_24_FPEAW_T,D_21_24_FPHNS_MPEFT,D_21_24_FPHNS_MPEPT,D_21_24_FPHNS_MPEAW,D_21_24_FPHNS_MPEHNS,D_21_24_FPHNS_MPET,D_21_24_FPHNS_MPULFTW,D_21_24_FPHNS_MPULPTW,D_21_24_FPHNS_MPUT,D_21_24_FPHNS_MPTLF,D_21_24_FPHNS_MPNLF,D_21_24_FPHNS_MPLFSNS,D_21_24_FPHNS_T,D_21_24_FPET_MPEFT,D_21_24_FPET_MPEPT,D_21_24_FPET_MPEAW,D_21_24_FPET_MPEHNS,D_21_24_FPET_MPET,D_21_24_FPET_MPULFTW,D_21_24_FPET_MPULPTW,D_21_24_FPET_MPUT,D_21_24_FPET_MPTLF,D_21_24_FPET_MPNLF,D_21_24_FPET_MPLFSNS,D_21_24_FPET_T,D_21_24_FPULFTW_MPEFT,D_21_24_FPULFTW_MPEPT,D_21_24_FPULFTW_MPEAW,D_21_24_FPULFTW_MPEHNS,D_21_24_FPULFTW_MPET,D_21_24_FPULFTW_MPULFTW,D_21_24_FPULFTW_MPULPTW,D_21_24_FPULFTW_MPUT,D_21_24_FPULFTW_MPTLF,D_21_24_FPULFTW_MPNLF,D_21_24_FPULFTW_MPLFSNS,D_21_24_FPULFTW_T,D_21_24_FPULPTW_MPEFT,D_21_24_FPULPTW_MPEPT,D_21_24_FPULPTW_MPEAW,D_21_24_FPULPTW_MPEHNS,D_21_24_FPULPTW_MPET,D_21_24_FPULPTW_MPULFTW,D_21_24_FPULPTW_MPULPTW,D_21_24_FPULPTW_MPUT,D_21_24_FPULPTW_MPTLF,D_21_24_FPULPTW_MPNLF,D_21_24_FPULPTW_MPLFSNS,D_21_24_FPULPTW_T,D_21_24_FPUT_MPEFT,D_21_24_FPUT_MPEPT,D_21_24_FPUT_MPEAW,D_21_24_FPUT_MPEHNS,D_21_24_FPUT_MPET,D_21_24_FPUT_MPULFTW,D_21_24_FPUT_MPULPTW,D_21_24_FPUT_MPUT,D_21_24_FPUT_MPTLF,D_21_24_FPUT_MPNLF,D_21_24_FPUT_MPLFSNS,D_21_24_FPUT_T,D_21_24_FPTLF_MPEFT,D_21_24_FPTLF_MPEPT,D_21_24_FPTLF_MPEAW,D_21_24_FPTLF_MPEHNS,D_21_24_FPTLF_MPET,D_21_24_FPTLF_MPULFTW,D_21_24_FPTLF_MPULPTW,D_21_24_FPTLF_MPUT,D_21_24_FPTLF_MPTLF,D_21_24_FPTLF_MPNLF,D_21_24_FPTLF_MPLFSNS,D_21_24_FPTLF_T,D_21_24_FPNLF_MPEFT,D_21_24_FPNLF_MPEPT,D_21_24_FPNLF_MPEAW,D_21_24_FPNLF_MPEHNS,D_21_24_FPNLF_MPET,D_21_24_FPNLF_MPULFTW,D_21_24_FPNLF_MPULPTW,D_21_24_FPNLF_MPUT,D_21_24_FPNLF_MPTLF,D_21_24_FPNLF_MPNLF,D_21_24_FPNLF_MPLFSNS,D_21_24_FPNLF_T,D_21_24_FPLFSNS_MPEFT,D_21_24_FPLFSNS_MPEPT,D_21_24_FPLFSNS_MPEAW,D_21_24_FPLFSNS_MPEHNS,D_21_24_FPLFSNS_MPET,D_21_24_FPLFSNS_MPULFTW,D_21_24_FPLFSNS_MPULPTW,D_21_24_FPLFSNS_MPUT,D_21_24_FPLFSNS_MPTLF,D_21_24_FPLFSNS_MPNLF,D_21_24_FPLFSNS_MPLFSNS,D_21_24_FPLFSNS_T,D_21_24_FPT_MPEFT,D_21_24_FPT_MPEPT,D_21_24_FPT_MPEAW,D_21_24_FPT_MPEHNS
101,3,0,0,3,4,3,0,0,9,3,0,3,8,3,0,11,701,89,21,11,816,9,3,6,823,53,0,876,78,15,4,0,101,3,0,5,104,27,0,133,0,3,0,0,7,0,0,0,7,0,3,4,774,102,27,13,917,13,3,13,934,83,4,1014,154,8,0,0,167,0,0,0,167,4,0,177,75,12,4,0,92,0,0,0,98,13,0,106,3,3,0,0,8,0,0,0,8,0,0,8,3,0,0,3,9,0,0,0,9,0,0,9,242,27,8,3,275,0,0,0,280,19,0,296,4,0,0,0,4,0,0,0,4,0,0,4,0,0,0,0,0,0,0,0,0,0,0,0,4,0,0,0,4,0,0,0,4,0,0,9,246,27,8,3,281,0,0,0,286,20,0,299,25,9,0,0,32,0,0,0,32,9,0,41,0,0,0,0,0,0,0,0,0,0,0,0,271,31,8,3
102,29,3,0,35,49,3,0,0,54,5,3,5,62,3,0,63,1612,205,37,20,1880,37,4,39,1921,104,3,2027,242,31,8,7,289,5,0,8,300,80,0,376,0,0,0,0,0,0,0,0,0,0,3,3,1856,239,47,22,2168,39,9,48,2221,181,10,2408,338,40,4,0,389,7,0,7,397,24,0,422,307,62,5,0,377,13,3,13,391,34,0,421,7,3,10,0,17,0,0,0,17,3,0,19,3,0,0,0,4,0,0,0,4,3,0,5,653,105,23,10,791,15,3,24,807,64,0,877,6,0,0,0,6,0,0,0,8,0,0,9,14,0,0,0,14,0,0,0,14,3,0,13,20,0,0,0,21,0,0,0,21,3,0,26,667,105,21,10,803,17,3,24,828,69,3,897,106,20,10,0,131,5,0,7,139,55,0,189,0,0,0,0,0,0,0,0,0,0,0,0,773,126,33,8
103,3,0,0,3,5,0,0,0,5,3,0,3,13,0,0,10,563,50,9,4,633,20,3,23,654,30,4,683,66,16,3,8,81,4,4,4,92,29,0,119,0,0,0,0,0,0,0,0,0,0,0,0,628,60,16,10,717,23,6,29,739,60,4,802,72,3,4,0,81,3,0,3,81,7,0,85,48,6,0,0,55,0,0,0,57,10,0,59,5,0,0,0,5,0,0,0,5,0,0,5,0,0,0,0,0,0,0,0,0,0,3,7,124,11,3,0,139,3,0,5,144,12,3,154,0,0,0,0,0,0,0,0,0,0,0,3,0,0,0,0,0,0,0,0,3,0,0,3,0,0,0,0,0,0,0,0,7,0,0,7,128,11,3,0,140,3,3,7,142,16,3,162,10,3,0,3,17,0,0,0,17,11,3,30,0,0,0,0,0,0,0,0,0,0,0,0,136,15,3,5
104,8,3,0,5,7,3,0,0,10,3,0,3,13,0,0,16,287,59,14,0,359,9,4,11,370,46,0,415,46,5,0,0,54,3,0,3,57,35,0,86,0,0,0,0,0,0,0,0,0,0,0,0,326,71,14,0,409,11,4,16,422,79,0,506,31,7,0,0,38,0,0,0,38,3,0,40,20,12,3,0,35,0,0,0,35,3,0,38,3,0,0,0,4,0,0,0,4,0,0,4,0,0,0,0,0,0,0,0,0,0,0,0,59,13,4,0,77,0,0,0,77,10,0,84,0,0,0,0,0,0,0,0,0,0,0,0,0,0,0,0,0,0,0,0,0,0,0,0,0,0,0,0,0,0,0,0,0,0,0,0,59,16,4,0,74,0,0,0,74,10,0,85,8,0,0,0,12,0,0,0,12,17,0,27,0,0,0,0,0,0,0,0,0,0,0,0,66,19,4,0
105,3,0,0,0,3,0,0,0,3,0,0,0,6,0,0,4,175,26,3,0,206,3,0,3,204,10,0,220,25,4,0,4,32,5,0,5,30,11,0,44,0,0,0,0,3,0,0,0,3,0,4,3,196,26,3,3,238,4,0,4,241,22,4,268,15,7,0,0,21,0,0,0,21,0,0,26,12,3,0,0,19,0,0,0,19,3,0,19,0,0,0,0,6,0,0,0,6,0,0,6,0,0,0,0,0,0,0,0,0,0,0,0,35,5,3,0,41,0,0,0,41,6,0,52,3,0,0,0,3,0,0,0,3,0,0,3,0,0,0,0,0,0,0,0,0,0,0,0,3,0,0,0,3,0,0,0,3,0,0,3,37,5,3,0,45,0,0,0,46,6,0,53,8,0,0,0,8,0,0,0,8,3,0,5,0,0,0,0,0,0,0,0,0,0,4,4,37,5,3,0
106,20,5,0,30,28,0,3,0,32,0,0,7,35,5,0,47,974,117,25,11,1128,24,11,35,1163,77,3,1239,140,29,7,5,187,9,0,9,194,42,0,233,0,0,0,0,3,0,0,0,3,0,4,4,1120,141,39,14,1314,29,10,42,1351,119,8,1482,171,16,0,0,185,5,3,7,190,25,0,221,155,16,3,0,178,0,0,3,181,14,0,198,0,3,8,0,15,0,0,0,15,0,0,15,0,0,0,5,5,0,0,0,5,0,0,5,324,33,11,10,381,7,3,13,392,44,0,432,0,0,0,0,4,0,0,0,4,0,0,3,6,0,0,0,6,0,0,0,6,0,0,6,8,0,0,0,6,0,0,0,6,0,0,11,332,33,13,10,386,7,3,13,398,46,0,442,63,7,4,0,78,3,0,3,79,19,0,101,0,0,0,0,0,0,0,0,0,0,0,0,393,46,15,10
107,29,3,0,31,34,5,0,0,42,4,0,8,47,5,0,54,1739,205,44,24,2009,45,15,55,2068,155,0,2228,294,44,7,7,351,7,8,17,367,108,3,478,5,0,0,0,4,0,0,0,4,0,7,14,2040,252,51,31,2366,56,20,74,2440,266,6,2716,344,44,5,3,392,6,4,15,406,47,0,451,372,63,7,3,446,3,3,11,457,39,0,500,14,3,5,0,25,0,0,0,24,3,0,27,0,0,0,3,3,0,0,0,3,3,0,9,735,112,23,7,874,11,11,26,894,93,3,988,5,0,0,0,3,0,0,0,9,3,0,10,8,3,0,0,9,0,0,0,9,3,0,13,12,3,0,0,20,0,0,0,17,9,0,22,747,114,23,7,887,13,11,24,913,99,3,1008,146,15,4,6,178,7,0,8,184,83,0,267,0,0,0,0,0,0,0,0,0,0,0,0,892,128,30,8
108,4,0,0,11,11,5,0,0,13,3,0,3,20,4,0,22,404,82,9,10,500,7,3,13,511,44,0,562,70,20,3,3,96,3,0,3,99,44,0,141,0,0,0,0,0,0,0,0,0,0,0,3,471,98,13,15,599,8,0,14,612,87,3,705,37,3,0,0,50,0,0,0,47,7,0,56,35,6,0,0,38,0,0,0,39,3,0,49,0,0,0,0,0,0,0,0,0,0,0,0,0,0,0,0,0,0,0,0,0,0,0,0,73,13,0,0,92,0,0,3,93,12,0,105,0,0,0,0,0,0,0,0,0,0,0,4,5,0,0,0,5,0,0,0,5,0,0,5,4,0,0,0,6,0,0,0,5,0,0,6,77,11,0,0,94,3,0,0,99,14,0,108,14,3,0,0,17,0,0,0,19,16,0,35,0,0,0,0,0,0,0,0,0,0,0,0,93,16,4,3
109,4,0,0,4,3,0,0,0,3,3,0,5,6,0,0,6,360,47,3,3,412,9,0,8,419,17,0,431,38,10,0,0,47,0,0,0,46,21,0,71,0,0,0,0,0,0,0,0,0,0,3,3,395,54,3,3,455,9,4,10,467,37,3,503,31,0,0,0,35,0,0,0,36,0,0,36,46,7,0,0,59,0,0,0,59,3,0,65,3,0,3,0,7,0,0,0,7,0,0,7,0,0,0,3,5,0,0,0,5,0,0,5,82,13,7,4,108,0,0,0,104,3,0,113,0,0,0,0,0,0,0,0,0,0,0,0,0,0,0,0,0,0,0,0,0,0,0,0,0,0,0,0,0,0,0,0,0,0,0,0,82,13,7,4,108,0,0,0,105,3,0,110,6,3,0,0,13,0,0,0,13,14,0,24,0,0,0,0,0,0,0,0,0,0,0,0,91,14,7,4
110,7,0,0,7,3,0,0,0,3,6,0,6,11,3,0,12,357,46,7,3,413,9,0,9,422,24,0,449,48,3,0,3,50,0,0,0,56,25,0,78,0,0,0,0,0,0,0,0,0,0,0,3,402,45,8,8,462,10,0,10,473,50,3,525,34,9,0,3,41,0,0,0,47,5,0,51,27,0,0,0,29,0,0,0,29,0,0,30,0,0,0,0,0,0,0,0,0,0,0,0,0,0,0,0,0,0,0,0,0,0,0,0,64,7,3,3,74,0,0,0,77,3,0,84,0,0,0,0,0,0,0,0,0,0,0,0,0,0,0,0,0,0,0,0,0,0,0,3,0,0,0,0,0,0,0,0,0,0,0,3,67,7,3,3,74,0,0,0,78,5,0,84,8,0,0,0,8,0,0,0,8,10,0,12,0,0,0,0,0,0,0,0,0,0,0,0,69,7,3,3
111,32,3,0,36,48,6,0,0,53,8,0,8,61,6,0,67,1715,229,34,22,2005,56,8,59,2064,160,0,2222,274,32,4,5,311,12,3,11,325,96,0,422,4,0,0,0,4,0,0,0,4,0,0,4,1991,258,36,28,2318,61,11,75,2393,252,4,2647,368,39,12,3,417,9,4,11,426,50,0,478,375,46,4,6,433,8,5,12,442,53,0,498,14,0,8,0,15,0,0,0,15,0,0,22,0,0,0,4,5,0,0,0,5,0,0,4,754,83,20,10,870,20,4,25,893,99,4,996,3,3,0,0,4,0,0,0,4,0,0,5,10,4,3,0,12,0,0,0,12,0,0,12,8,4,3,0,16,0,0,0,20,0,0,21,763,84,24,10,886,20,4,28,907,105,4,1014,138,27,0,3,168,4,5,9,173,62,0,242,0,0,0,0,0,0,0,0,0,0,0,5,902,114,21,16
112,9,0,0,9,12,3,0,0,11,3,0,3,16,3,0,22,643,139,18,21,817,8,9,20,840,63,0,909,81,28,3,3,110,4,0,4,115,71,0,179,3,0,0,0,3,0,0,0,3,0,3,4,722,165,22,23,933,14,9,23,958,133,3,1091,102,11,3,0,119,8,0,8,122,12,0,137,87,16,0,0,108,0,0,3,112,14,0,125,0,0,3,0,3,0,0,0,3,0,0,3,3,0,0,0,3,0,0,0,3,0,0,3,189,27,4,3,233,11,0,6,240,28,0,271,0,0,0,0,0,0,0,0,0,0,0,3,0,3,0,0,3,0,0,0,3,0,0,3,0,3,0,0,3,0,0,0,3,0,0,4,190,30,10,3,236,11,0,6,242,28,0,271,18,9,0,0,31,0,0,0,35,13,0,47,0,0,0,0,0,0,0,0,0,0,0,0,211,40,12,7
113,4,0,0,4,4,0,0,0,4,0,0,0,3,0,0,3,394,50,11,8,456,3,4,11,459,23,0,483,60,7,3,0,69,4,0,4,74,29,0,103,0,0,0,0,5,0,0,0,5,0,0,5,455,54,11,5,526,8,3,10,536,47,0,590,63,9,0,0,71,0,0,0,69,6,0,79,45,9,0,0,56,0,0,0,57,3,0,59,0,0,0,0,0,0,0,0,0,0,0,0,0,0,0,0,0,0,0,0,0,0,0,0,111,17,0,0,132,0,0,0,128,7,0,140,0,0,0,0,0,0,0,0,0,0,0,0,0,0,0,0,0,0,0,0,0,0,0,0,0,0,0,0,0,0,0,0,0,0,0,0,114,17,0,0,133,0,0,0,131,7,0,140,16,0,0,0,15,0,0,0,15,7,0,25,0,0,0,0,0,0,0,0,0,0,0,0,122,22,0,3
114,3,0,0,3,6,0,0,0,5,3,0,3,5,0,0,5,389,49,18,9,468,3,3,10,475,36,0,503,63,10,0,0,75,0,0,0,76,16,0,92,0,0,0,0,0,0,0,0,0,0,0,0,457,64,19,10,546,3,3,7,555,49,0,600,47,11,0,0,66,0,0,0,65,6,0,68,46,10,0,0,60,0,0,0,60,9,0,65,0,0,0,0,0,0,0,0,0,0,0,0,0,0,0,0,0,0,0,0,0,0,0,0,102,17,0,0,124,0,0,0,126,11,0,140,0,0,0,0,0,0,0,0,0,0,0,3,0,0,0,0,0,0,0,0,0,0,0,0,0,0,0,0,0,0,0,0,3,0,0,4,102,18,0,0,129,0,0,0,130,15,0,143,19,3,0,0,27,0,0,0,30,13,0,43,0,0,0,0,0,0,0,0,0,0,0,0,121,21,5,0
115,55,10,0,67,80,12,0,0,93,9,0,9,101,9,0,109,2948,306,39,40,3331,84,9,90,3422,143,0,3568,578,56,11,7,656,20,3,21,675,87,0,762,3,0,0,3,5,0,0,0,5,0,3,7,3527,368,51,51,3992,104,6,110,4103,223,3,4336,757,79,5,3,846,30,9,32,880,58,0,943,515,78,3,3,600,16,0,16,610,36,0,645,22,7,7,0,30,0,0,0,30,0,0,30,3,0,0,8,10,0,0,0,10,0,0,15,1295,161,12,13,1485,46,9,49,1540,97,0,1637,13,0,0,0,9,7,0,6,17,0,0,18,26,4,0,0,29,0,0,0,26,3,0,29,34,3,0,0,37,7,0,6,48,3,0,49,1333,168,12,13,1524,49,6,60,1585,103,0,1684,300,42,0,3,345,18,6,25,370,65,0,438,0,3,0,0,4,0,0,0,4,0,3,9,1633,205,18,20
116,80,8,0,82,89,29,4,3,126,18,4,21,148,10,0,157,2714,343,53,47,3156,95,22,121,3280,186,7,3469,664,139,17,27,848,39,12,51,896,294,0,1194,3,0,0,7,8,0,0,0,8,3,9,18,3378,484,73,81,4013,135,35,174,4188,476,15,4682,782,63,16,5,861,28,3,27,892,72,0,971,348,81,5,8,441,10,5,15,450,36,0,488,18,4,7,0,27,0,0,0,27,0,0,25,14,0,0,3,13,0,0,0,13,0,0,18,1156,145,24,16,1345,32,9,45,1384,112,4,1505,38,6,0,0,42,7,3,7,57,10,0,59,22,9,0,0,28,3,0,0,25,3,0,31,58,15,0,0,71,7,4,10,81,10,0,92,1213,154,24,16,1411,44,13,55,1467,125,4,1601,281,60,15,13,376,10,3,14,388,217,0,601,0,0,0,0,3,0,0,0,3,0,8,13,1494,216,43,31
117,25,4,0,29,31,7,0,0,41,4,3,5,46,4,0,51,751,128,8,13,900,23,10,35,930,83,0,1021,119,32,0,5,154,5,0,5,161,74,0,231,0,0,0,0,0,0,0,0,0,3,5,6,864,162,8,18,1053,32,10,35,1096,160,3,1256,229,28,0,3,265,3,3,4,272,26,0,293,111,30,4,0,145,0,0,3,145,18,0,167,3,0,9,0,12,0,0,0,12,0,0,11,0,0,0,3,5,0,0,0,5,3,0,8,347,60,11,6,426,6,5,10,430,44,0,481,0,0,0,0,0,3,0,3,6,0,0,9,14,3,0,0,12,3,0,3,19,4,0,23,15,3,0,0,19,6,0,6,25,4,0,27,360,64,11,6,440,12,5,16,458,53,0,510,80,20,0,0,104,9,0,9,115,57,0,167,4,0,0,0,4,0,0,0,4,0,0,4,444,87,14,6
118,27,0,0,32,30,9,0,0,38,3,0,3,40,0,0,45,1430,206,20,19,1679,22,7,35,1716,84,9,1806,341,61,9,3,416,6,3,11,423,73,0,495,3,0,0,5,7,0,0,0,7,0,0,9,1775,270,28,27,2100,27,16,42,2144,155,7,2303,423,49,5,3,483,13,3,11,492,51,0,546,350,69,6,3,437,8,3,14,442,37,0,482,0,3,8,0,13,0,0,0,13,3,0,11,6,0,0,0,9,0,0,0,9,0,0,13,785,119,18,10,937,22,3,21,958,85,0,1051,3,0,0,0,7,0,0,0,7,0,0,7,16,3,0,0,16,0,0,0,20,0,0,20,21,0,0,0,19,0,0,0,26,0,0,26,810,125,18,10,955,22,7,28,984,85,0,1074,173,46,8,5,235,4,3,8,236,48,0,289,0,0,0,0,0,0,0,0,0,0,0,3,980,173,29,15
119,164,25,0,187,139,65,8,10,224,42,13,52,279,43,0,323,3888,824,75,111,4901,131,45,176,5077,443,5,5529,1229,433,28,58,1757,72,21,95,1849,690,0,2543,3,0,0,3,6,0,0,0,6,6,24,31,5124,1259,107,175,6663,205,69,275,6937,1141,32,8109,1053,130,17,18,1211,20,3,25,1239,114,0,1352,679,202,7,12,907,19,6,29,928,108,5,1041,29,6,11,0,43,0,0,0,41,4,0,50,20,4,0,40,67,0,0,0,63,7,0,72,1781,343,35,71,2224,42,13,56,2279,229,5,2515,21,11,0,7,35,10,0,10,47,9,0,56,36,26,0,0,67,4,3,7,75,18,0,87,58,35,0,7,101,16,5,16,123,29,0,149,1833,379,34,81,2326,58,16,73,2401,259,5,2665,583,223,21,31,854,34,18,45,899,470,4,1376,3,0,0,5,13,0,0,0,14,3,4,19,2421,603,53,116
120,52,3,0,51,55,17,0,3,69,8,0,9,82,8,0,88,1962,273,38,33,2313,42,11,56,2367,188,6,2557,390,79,8,16,501,26,12,36,535,129,0,664,0,0,0,8,5,0,0,0,5,0,7,8,2357,358,52,53,2820,70,24,91,2911,317,7,3228,557,66,3,7,635,4,3,12,642,47,0,694,359,97,6,3,472,11,3,12,481,35,3,516,23,4,8,0,35,0,0,0,35,0,0,39,8,0,0,10,19,0,0,0,19,4,0,19,947,171,19,19,1158,14,7,23,1179,92,3,1272,11,3,0,0,16,3,0,3,16,3,0,22,15,0,0,0,11,0,3,3,19,3,0,17,21,3,0,0,28,3,3,10,36,7,0,35,969,178,21,19,1179,15,13,31,1213,97,3,1306,209,59,10,4,284,9,5,19,298,88,0,393,0,0,0,4,3,0,0,0,3,0,3,5,1179,231,30,29
121,83,7,0,95,101,16,0,0,114,11,3,15,127,15,0,139,3632,462,75,49,4220,113,25,134,4351,260,3,4619,885,111,18,17,1030,26,14,40,1074,177,0,1246,8,0,0,0,11,0,0,0,11,3,5,15,4529,578,92,63,5255,141,36,180,5436,441,10,5886,950,114,5,3,1080,33,4,43,1122,94,0,1222,852,154,10,7,1028,16,7,26,1052,94,0,1145,19,9,13,0,40,0,0,0,40,3,0,39,6,0,0,15,21,0,0,0,21,3,0,29,1826,277,33,29,2168,51,12,72,2232,192,0,2430,17,0,0,0,16,5,0,5,23,3,0,24,26,8,3,0,32,11,0,11,42,3,0,50,44,9,3,0,53,15,0,15,69,9,0,73,1873,288,32,29,2217,68,12,86,2302,204,0,2501,435,106,6,7,554,15,7,22,577,122,0,702,3,0,0,0,4,0,0,0,4,0,3,9,2310,392,43,36
122,41,3,0,43,47,0,0,0,51,8,3,11,64,4,0,70,1960,248,30,21,2264,46,9,55,2320,122,0,2444,330,41,7,3,388,15,0,15,394,67,0,463,0,0,0,0,3,0,0,0,3,0,3,6,2291,295,39,24,2648,60,9,69,2719,189,7,2914,409,53,3,0,469,4,3,8,480,29,0,507,437,113,7,6,556,9,0,13,570,37,0,607,7,0,7,0,20,0,0,0,20,0,0,20,6,0,0,4,12,0,0,0,12,0,0,12,865,169,16,14,1063,19,7,19,1080,63,0,1144,3,0,0,0,4,4,0,4,9,0,0,9,9,0,0,0,12,0,3,3,15,0,0,11,13,0,0,0,12,4,3,3,23,0,0,23,876,170,17,14,1077,19,11,29,1103,60,0,1165,133,36,0,0,172,5,3,11,184,52,3,235,0,0,0,0,0,0,0,0,0,0,0,0,1009,207,18,17
123,48,0,0,53,65,3,0,5,75,5,3,8,81,4,0,87,1738,162,26,41,1968,38,9,48,2017,133,0,2150,373,88,4,15,479,11,5,17,494,144,3,647,3,0,0,0,5,0,0,0,3,0,4,9,2112,249,32,51,2449,49,18,68,2519,281,6,2809,467,44,11,3,523,5,0,10,532,42,0,576,317,50,7,5,376,7,3,6,390,32,0,421,21,4,9,0,30,0,0,0,30,4,0,34,3,0,0,9,21,0,0,0,22,0,0,17,805,100,20,21,952,12,8,16,968,76,0,1044,18,0,0,0,19,3,0,5,22,4,0,27,16,3,0,0,16,0,0,0,20,0,0,18,32,3,0,0,39,3,3,3,40,4,0,44,837,108,20,21,987,16,7,20,1007,82,3,1087,173,38,12,5,217,8,3,13,233,91,0,322,0,0,0,0,0,0,0,0,0,3,4,9,1010,143,31,24
124,33,7,0,39,48,7,0,0,57,3,0,3,58,7,0,73,1797,189,25,29,2035,33,10,40,2075,138,0,2214,329,41,8,6,383,12,3,20,402,101,3,510,0,0,0,3,3,0,0,0,3,0,3,6,2129,229,29,34,2420,48,13,58,2481,238,8,2728,435,47,7,0,486,7,3,14,502,51,0,545,326,46,3,7,375,4,0,3,384,33,0,415,14,4,5,0,25,0,0,0,25,3,0,22,9,3,0,10,19,0,0,0,19,0,0,17,781,94,15,14,901,11,8,20,924,88,0,1008,6,0,0,0,6,0,0,0,9,0,0,10,3,3,0,0,7,0,0,0,7,0,0,7,9,3,0,0,17,0,0,0,14,0,0,16,793,97,15,14,921,12,8,22,935,89,0,1024,142,26,3,0,169,12,0,12,182,54,0,234,0,0,0,0,0,0,0,0,0,0,0,3,931,124,17,16
125,112,27,0,137,99,46,0,3,149,25,19,45,192,50,0,242,2704,511,38,86,3342,109,52,165,3507,310,8,3823,1020,370,21,67,1477,58,35,92,1573,658,6,2231,3,0,0,6,11,0,0,0,11,4,16,30,3727,884,58,167,4835,170,86,260,5089,968,28,6092,791,102,9,5,906,24,10,34,943,105,0,1049,440,159,12,6,607,24,3,27,637,77,0,717,10,6,7,0,26,0,0,0,29,0,0,26,15,3,0,17,36,0,0,0,37,3,3,46,1253,267,22,32,1576,44,16,63,1634,192,4,1833,16,7,0,0,28,13,0,11,42,8,0,44,25,16,0,0,48,3,5,5,50,4,0,56,46,27,0,0,71,18,3,22,93,10,0,103,1294,290,22,37,1645,66,17,84,1730,200,4,1938,492,154,6,33,689,23,17,39,727,402,0,1128,0,0,0,3,12,0,0,0,12,0,12,24,1785,446,32,74
126,51,9,0,59,49,12,0,0,56,10,3,10,72,5,0,75,1777,239,22,17,2049,56,17,74,2121,124,0,2246,352,59,7,9,431,15,7,23,454,110,0,567,0,0,0,0,3,0,0,0,3,0,3,4,2126,297,34,23,2484,76,22,93,2582,233,4,2817,492,54,3,3,555,19,4,24,578,52,0,624,373,94,4,0,473,14,9,19,499,38,0,533,6,3,5,0,14,0,0,0,14,5,0,23,0,0,0,21,21,0,0,0,21,0,0,25,880,148,18,21,1066,33,9,45,1112,93,0,1201,11,0,4,0,15,3,0,3,16,0,0,17,10,3,0,0,10,6,3,7,19,5,0,24,18,3,0,0,23,11,3,8,35,8,0,42,896,157,17,21,1093,41,13,51,1148,96,0,1247,190,39,3,0,237,7,4,9,250,68,0,313,0,0,0,0,0,0,0,0,0,0,3,5,1094,195,20,24
127,133,34,0,160,95,56,0,8,166,31,32,56,225,58,0,279,2809,521,55,97,3477,113,61,172,3645,382,7,4038,1073,355,29,68,1525,73,45,121,1647,1025,10,2680,0,0,0,9,12,0,0,0,12,0,22,35,3880,879,86,169,5014,189,106,294,5302,1409,44,6757,905,90,8,10,1004,21,4,26,1025,105,0,1132,437,122,4,4,565,16,11,28,595,83,0,680,20,7,15,0,39,0,0,0,39,3,0,41,16,0,0,20,37,0,0,0,42,8,0,44,1378,213,26,34,1648,38,12,50,1701,199,0,1906,14,10,0,0,31,9,0,10,37,13,0,46,26,24,0,0,52,5,23,26,75,19,0,90,44,35,0,0,76,13,24,29,112,35,0,142,1421,247,26,36,1724,46,33,86,1811,233,0,2043,511,166,13,35,723,44,29,71,793,696,0,1489,0,0,0,5,5,0,0,0,5,0,7,16,1940,412,39,69
128,21,5,0,23,25,9,4,0,32,0,0,0,36,3,0,35,2074,221,45,31,2370,21,13,30,2397,104,7,2501,316,39,10,7,372,4,0,4,377,57,0,433,0,0,0,5,5,0,0,0,5,0,3,8,2389,264,48,43,2744,21,13,33,2773,160,9,2945,471,41,8,3,530,4,4,7,539,44,0,587,484,56,13,5,566,7,0,7,573,37,0,610,11,0,7,3,20,0,3,3,24,0,0,29,8,0,0,9,10,0,0,0,10,0,0,10,980,103,24,20,1127,19,3,19,1145,89,0,1230,4,0,0,0,4,0,0,0,4,0,0,3,4,0,0,0,12,0,0,0,12,3,0,9,7,0,0,0,15,0,0,0,15,0,0,16,987,105,27,20,1139,19,3,19,1160,88,0,1245,135,27,5,0,167,0,0,3,166,52,0,220,0,0,0,3,3,0,0,0,3,0,3,3,1123,130,33,25
197,0,0,0,0,0,0,0,0,0,0,0,0,0,0,0,0,0,0,0,0,0,0,0,0,0,0,0,0,0,0,0,0,0,0,0,0,0,0,0,0,0,0,0,0,0,0,0,0,0,0,0,0,0,0,0,0,0,0,0,0,0,0,0,0,0,0,0,0,0,0,0,0,0,0,0,0,0,0,0,0,0,0,0,0,0,0,0,0,0,0,0,0,0,0,0,0,0,0,0,0,0,0,0,0,0,0,0,0,0,0,0,0,0,0,0,0,0,0,0,0,0,0,0,0,0,0,0,0,0,0,0,0,0,0,0,0,0,0,0,0,0,0,0,0,0,0,0,0,0,0,0,0,0,0,0,0,0,0,0,0,0,0,0,0,0,0,0,0,0,0,0,0,0,0,0,0,0,0,0,0,0,0,0,0,0,0,0,0,0,0,0,0,0,0,0,0,0,0,0,0
199,0,0,0,0,0,0,0,0,0,0,0,0,0,0,0,0,0,0,0,0,0,0,0,0,0,0,0,0,0,0,0,0,0,0,0,0,0,0,0,0,0,0,0,0,0,0,0,0,0,0,0,0,0,0,0,0,0,0,0,0,0,0,0,0,0,0,0,0,0,0,0,0,0,0,0,0,0,0,0,0,0,0,0,0,0,0,0,0,0,0,0,0,0,0,0,0,0,0,0,0,0,0,0,0,0,0,0,0,0,0,0,0,0,0,0,0,0,0,0,0,0,0,0,0,0,0,0,0,0,0,0,0,0,0,0,0,0,0,0,0,0,0,0,0,0,0,0,0,0,0,0,0,0,0,0,0,0,0,0,0,0,0,0,0,0,0,0,0,0,0,0,0,0,0,0,0,0,0,0,0,0,0,0,0,0,0,0,0,0,0,0,0,0,0,0,0,0,0,0,0
201,8,0,0,14,15,0,0,0,14,3,0,4,22,3,0,19,698,73,13,8,797,9,0,9,809,44,0,852,104,20,8,0,134,3,0,3,135,45,0,183,0,0,0,0,3,0,0,0,3,0,0,3,801,94,18,10,934,16,0,12,944,88,3,1040,93,18,3,0,116,0,3,3,118,18,3,133,122,26,5,0,153,0,0,0,153,7,0,159,4,0,0,0,9,0,0,0,9,0,0,9,0,0,0,3,3,0,0,0,3,0,0,3,215,47,11,3,273,0,3,3,279,28,3,309,3,0,0,0,3,0,0,0,3,0,0,3,3,0,0,0,3,0,0,0,3,0,0,3,4,0,0,0,4,0,0,0,4,0,0,4,223,47,11,3,285,0,3,3,284,28,3,316,26,6,4,0,36,0,0,0,40,15,0,51,0,0,0,0,0,0,0,0,0,0,0,0,251,51,14,3
202,15,3,0,16,15,0,0,0,21,0,0,0,17,3,0,23,642,105,15,18,777,10,0,10,781,56,3,838,101,17,7,5,126,0,0,6,130,51,0,177,3,0,0,0,3,0,0,0,3,0,0,7,739,123,22,22,906,13,0,13,919,101,0,1024,89,6,0,0,100,5,0,5,100,0,0,102,96,24,5,0,123,0,0,0,129,6,0,133,0,0,4,0,3,0,0,0,3,0,0,3,0,0,0,0,0,0,0,0,0,0,0,0,189,32,9,5,230,5,0,5,234,12,0,247,0,0,0,0,0,0,0,0,3,0,0,3,0,0,0,0,0,0,0,0,0,0,0,0,0,0,0,0,5,0,0,0,3,0,0,6,191,32,9,5,238,3,0,3,238,13,0,253,24,7,0,3,28,0,0,3,33,11,0,47,0,0,0,0,0,0,0,0,0,0,0,0,217,39,6,11
203,36,0,0,38,45,5,3,0,58,7,3,9,70,3,0,72,1614,227,48,29,1920,33,5,35,1958,96,5,2063,249,50,8,12,320,10,0,16,334,87,0,416,0,0,0,0,4,0,0,0,4,0,3,5,1872,272,59,43,2244,46,9,52,2292,181,12,2485,267,30,8,0,302,5,0,4,305,32,0,339,345,64,3,0,412,0,0,3,413,29,0,442,11,0,9,4,29,0,0,0,29,3,0,30,3,0,0,3,9,0,0,0,9,0,0,9,627,94,19,12,754,8,0,5,758,63,3,824,8,0,0,0,7,0,0,0,7,0,0,7,9,4,0,0,13,4,0,4,15,0,0,15,14,3,0,0,21,4,0,4,23,0,0,23,643,100,19,15,774,8,0,7,783,63,3,848,99,25,4,3,133,4,3,7,139,50,0,191,0,0,0,0,0,0,0,0,0,0,0,3,742,121,28,17
204,10,4,0,8,14,0,0,0,15,3,0,4,17,3,0,20,562,71,12,11,652,10,0,12,666,30,0,697,79,13,3,0,94,0,0,4,104,22,0,121,0,0,0,0,0,0,0,0,3,0,0,6,639,80,11,11,752,12,3,19,766,55,3,829,70,9,0,0,78,0,0,0,79,13,0,88,50,12,4,0,63,0,0,3,63,3,0,65,0,0,0,0,0,0,0,0,0,0,0,3,0,0,0,0,0,0,0,0,0,0,0,0,117,25,4,0,147,3,0,4,147,15,0,160,3,0,0,0,3,0,0,0,3,0,0,3,4,0,0,0,4,0,0,0,4,0,0,4,5,0,0,0,5,0,0,0,5,0,0,5,124,25,4,0,154,3,0,4,157,15,0,165,17,3,0,0,21,0,0,0,18,14,0,35,3,0,0,0,3,0,0,0,3,0,0,3,140,27,4,0
205,18,0,0,18,27,9,0,0,28,3,0,3,32,0,0,32,922,131,34,15,1108,20,0,25,1133,68,3,1204,166,31,4,3,206,8,5,11,210,57,0,266,0,0,0,0,3,0,0,0,3,0,8,6,1089,162,41,21,1314,24,5,36,1348,124,8,1478,108,12,0,0,121,3,0,3,122,8,0,135,137,17,0,3,155,0,0,3,160,18,0,178,3,0,0,0,4,0,0,0,4,3,0,12,4,0,0,4,4,0,0,0,5,0,0,5,251,33,6,8,289,3,0,4,300,24,0,323,0,0,0,0,0,0,0,0,0,0,0,0,5,3,0,0,6,0,0,0,6,0,0,6,5,3,0,0,8,0,0,0,8,0,0,8,257,33,6,8,299,3,0,4,308,24,0,336,34,9,3,0,44,3,0,8,47,15,3,66,0,0,0,0,0,0,0,0,0,0,0,0,286,42,6,9
206,54,10,0,62,67,18,0,7,86,9,3,17,104,10,0,112,2475,337,34,47,2894,52,15,68,2960,219,4,3189,465,86,9,13,570,23,12,35,607,189,3,802,3,0,0,0,3,0,0,0,3,0,6,9,2947,418,42,60,3471,79,20,98,3576,415,14,4001,613,89,4,6,718,18,6,22,741,57,0,803,573,129,8,4,711,10,3,9,727,72,0,796,16,3,6,0,29,0,0,0,29,3,0,28,9,0,0,15,29,0,0,0,24,5,0,35,1211,224,23,21,1486,24,9,37,1514,141,3,1658,9,4,0,0,9,4,0,4,12,0,0,15,15,3,0,0,13,3,3,9,25,3,0,28,22,3,0,0,23,5,3,7,34,5,0,39,1236,227,23,27,1511,33,11,44,1551,144,0,1696,278,69,7,4,357,8,7,13,372,145,3,521,0,0,0,4,0,0,0,0,0,0,3,4,1512,296,30,31
207,92,13,0,104,108,11,0,0,122,23,6,32,158,15,3,171,4073,589,48,51,4760,139,34,172,4935,295,12,5244,854,138,13,18,1019,22,10,33,1053,219,0,1278,10,0,0,0,13,0,0,0,13,3,10,21,4934,725,62,67,5796,160,40,206,6000,521,17,6541,952,121,6,11,1093,31,4,29,1126,96,0,1220,1120,226,18,8,1368,41,13,52,1421,80,3,1504,32,9,20,0,54,0,0,0,54,15,0,70,13,3,0,14,35,3,0,3,34,5,0,41,2117,357,40,39,2555,69,17,89,2643,190,3,2836,17,0,0,0,17,9,0,9,30,0,0,29,40,5,0,0,46,8,3,11,56,3,0,56,58,6,0,0,62,10,3,19,79,8,0,88,2170,370,43,39,2618,82,18,101,2722,198,5,2927,519,95,11,3,627,23,3,27,649,205,0,859,0,0,0,0,0,0,0,0,0,0,4,6,2690,459,54,40
208,79,3,0,82,93,12,3,0,109,10,5,16,129,6,0,133,3938,469,61,72,4539,108,21,129,4664,214,5,4889,707,90,17,16,832,24,3,30,865,130,0,989,0,3,0,4,8,0,0,0,8,0,4,12,4647,561,80,92,5378,132,22,153,5538,344,14,5890,962,115,9,9,1098,33,5,37,1135,65,0,1201,1034,169,17,7,1231,20,7,29,1262,84,0,1347,21,5,17,0,41,0,0,0,40,0,0,46,16,0,0,7,24,0,0,0,27,3,0,29,2034,297,44,22,2393,52,11,64,2464,152,0,2620,17,0,0,0,19,5,0,7,21,4,0,27,23,3,0,0,24,0,4,3,31,3,0,29,34,3,0,0,44,8,3,8,55,4,0,60,2069,298,44,22,2441,58,14,78,2517,161,0,2672,364,58,13,7,430,8,7,10,441,150,3,594,0,0,0,3,4,0,0,0,4,0,0,7,2429,357,54,35
209,88,8,0,99,121,26,0,7,146,25,10,34,178,10,0,190,4016,497,54,77,4654,117,21,141,4789,288,4,5083,810,167,25,26,1029,32,14,49,1072,360,3,1437,4,0,0,9,13,0,0,0,14,0,16,28,4833,668,77,116,5694,153,37,185,5881,643,26,6553,867,114,9,3,995,14,3,19,1020,92,0,1110,937,150,9,11,1107,25,3,26,1138,80,0,1220,30,3,12,0,36,0,0,0,43,5,0,43,15,0,0,18,38,0,0,0,38,5,0,41,1846,269,35,29,2184,37,13,45,2232,189,0,2419,19,4,0,0,27,9,0,9,38,3,0,41,20,8,0,0,26,0,3,3,33,0,0,33,41,10,0,0,53,12,5,15,64,3,0,72,1886,283,35,34,2234,45,15,63,2296,191,0,2482,393,79,12,17,506,24,3,27,534,250,0,783,0,0,0,0,5,0,0,0,5,0,9,11,2289,362,48,50
210,87,16,0,105,76,27,0,3,113,24,10,34,149,18,3,175,2573,356,45,77,3054,102,26,129,3186,256,8,3442,759,180,8,37,982,53,33,82,1070,581,5,1659,7,0,0,8,14,0,0,0,14,0,15,28,3340,535,61,116,4051,156,54,213,4261,837,29,5128,602,60,6,7,677,27,7,25,702,54,0,758,560,99,8,3,675,11,3,18,691,63,0,751,20,0,0,0,21,0,0,0,21,3,0,31,16,0,0,8,27,0,0,0,27,3,0,31,1192,167,15,26,1396,41,12,50,1442,122,0,1571,18,5,0,0,21,8,0,7,32,5,0,40,16,7,0,5,28,3,3,9,40,8,0,40,32,9,0,3,52,11,3,16,71,11,0,80,1227,175,15,30,1444,51,15,65,1511,133,0,1649,368,84,4,22,481,20,11,32,513,396,5,919,3,0,0,3,4,0,0,0,8,0,10,19,1589,259,25,55
211,105,13,0,120,118,20,0,3,142,21,3,21,160,19,0,183,4760,567,94,70,5492,108,30,144,5635,320,7,5959,838,139,12,16,1007,33,10,44,1047,231,0,1280,6,0,0,12,19,0,0,0,15,0,11,33,5599,708,105,93,6511,144,38,183,6698,551,15,7266,987,109,21,3,1121,25,0,24,1152,104,0,1251,1137,168,10,10,1329,17,6,26,1354,78,0,1432,31,4,13,0,54,0,0,0,54,5,0,61,15,3,0,18,35,3,0,3,39,6,0,44,2172,284,51,32,2540,44,9,50,2592,197,3,2793,20,4,0,0,31,3,0,3,36,8,0,37,30,4,0,0,32,0,3,0,38,5,0,41,50,9,0,0,67,8,3,9,72,15,0,84,2218,296,54,32,2606,50,8,59,2664,207,3,2871,434,89,14,14,545,11,5,19,568,163,0,729,0,0,0,0,3,0,0,0,3,0,8,9,2655,384,62,45
212,211,23,0,237,226,60,3,5,302,73,15,89,384,52,0,435,5834,964,95,115,7006,256,57,305,7319,503,7,7824,1583,367,35,58,2048,66,31,104,2143,788,3,2943,8,3,0,13,21,0,0,0,21,3,22,45,7428,1332,132,183,9077,321,87,408,9481,1291,35,10811,1475,209,8,12,1704,48,19,69,1769,171,3,1947,1138,264,24,9,1432,28,9,40,1474,145,3,1619,35,7,24,0,71,3,3,4,78,12,0,90,22,4,0,27,51,4,0,3,52,9,0,62,2668,481,61,50,3258,85,33,113,3373,337,6,3710,41,12,0,0,54,20,0,23,77,14,0,90,59,14,0,0,67,6,11,17,85,12,0,92,98,27,0,0,126,23,7,37,161,18,0,179,2764,505,66,50,3385,112,42,149,3532,358,6,3895,747,169,14,35,970,35,12,50,1023,544,3,1568,3,0,0,0,9,0,0,0,9,0,9,15,3511,682,77,88
213,191,31,0,224,206,66,7,3,281,49,18,66,347,55,0,400,4733,747,89,93,5662,203,42,247,5912,465,12,6384,1260,282,31,53,1622,75,29,104,1720,632,8,2360,6,4,0,9,22,0,0,0,22,4,22,48,5998,1025,122,161,7304,277,70,352,7655,1099,48,8800,1181,133,10,10,1337,40,3,40,1379,105,3,1485,895,209,14,3,1128,41,7,50,1175,116,3,1292,38,4,10,0,51,0,0,0,51,5,0,60,18,3,0,27,48,0,0,0,50,4,3,57,2129,352,36,45,2562,83,12,96,2652,233,9,2899,39,13,0,3,53,24,0,28,79,10,0,91,42,23,0,0,63,8,11,20,83,10,0,90,80,35,0,4,112,30,11,47,158,24,0,182,2205,390,33,45,2674,115,26,141,2817,261,9,3078,584,124,22,21,754,40,20,60,807,387,0,1194,5,3,0,4,17,0,0,0,21,4,10,35,2797,517,56,71
214,28,5,0,35,34,3,0,3,39,3,0,7,45,9,0,52,1605,181,31,19,1836,23,9,31,1868,103,3,1970,283,31,6,3,323,3,0,3,329,76,0,406,3,0,0,0,0,0,0,0,0,0,5,4,1891,210,38,23,2167,28,9,32,2203,177,7,2381,284,35,3,0,318,3,0,3,327,25,0,349,346,62,4,3,410,7,4,10,419,22,0,450,13,0,3,0,12,0,0,0,12,4,0,14,3,0,0,6,4,0,0,0,4,0,0,4,640,92,11,8,750,10,4,12,770,54,0,820,4,0,0,0,10,0,0,0,10,0,0,10,3,3,0,0,6,0,0,0,6,3,0,11,13,3,0,3,17,0,0,0,17,3,0,20,652,95,11,7,770,10,4,12,782,58,0,840,130,20,4,3,153,3,4,9,157,49,0,210,0,0,0,0,0,0,0,0,0,0,0,0,778,113,18,10
215,3,0,0,4,6,0,0,0,6,4,0,3,14,3,0,17,441,57,11,10,516,9,0,14,529,34,3,573,52,14,0,3,66,5,0,3,70,31,0,106,0,0,0,0,4,0,0,0,4,0,0,3,490,78,14,13,589,10,3,17,605,73,3,678,40,0,0,0,47,0,0,0,48,3,0,49,51,11,3,0,62,0,0,3,63,3,0,66,0,0,0,0,0,0,0,0,0,0,0,0,3,0,0,3,7,0,0,0,7,0,0,7,98,7,4,3,112,3,0,4,117,7,0,117,0,0,0,0,0,0,0,0,0,0,0,0,0,0,0,0,0,0,0,0,0,0,0,0,0,0,0,0,0,0,0,0,0,0,0,0,100,7,4,3,114,3,0,4,117,7,0,123,6,3,0,0,9,0,0,0,13,9,0,24,0,0,0,0,0,0,0,0,0,0,0,0,104,11,4,3
216,4,0,0,4,6,3,0,3,15,0,0,3,17,3,0,18,493,65,18,7,580,10,3,9,592,26,0,625,61,21,3,3,86,3,3,4,87,65,0,152,5,0,0,0,4,0,0,0,4,0,0,7,556,82,24,9,674,11,6,16,684,97,7,781,46,6,0,0,46,0,3,4,49,4,0,55,43,3,3,0,48,0,0,0,48,4,0,50,0,0,3,0,5,0,0,0,5,0,0,5,3,0,0,0,3,0,0,0,3,0,0,3,85,11,9,0,102,0,3,4,105,9,0,116,0,0,0,0,0,0,0,0,4,0,0,3,0,0,0,0,0,0,0,0,0,0,0,0,0,0,0,0,4,0,0,0,3,0,0,8,86,11,5,0,106,4,3,4,114,8,0,126,9,7,0,0,14,0,0,0,21,19,0,36,0,0,0,0,0,0,0,0,0,0,0,0,100,18,5,0
217,5,0,0,5,4,3,0,0,6,0,0,0,7,0,0,8,428,44,11,11,492,4,4,7,498,24,0,531,60,14,0,0,74,0,0,0,75,15,0,97,0,0,0,0,0,0,0,0,0,0,4,4,494,57,10,12,569,6,4,13,578,47,4,626,42,7,0,0,53,0,0,0,53,3,0,52,44,8,3,0,53,0,0,0,53,0,0,59,5,0,0,0,5,0,0,0,5,0,0,5,0,0,0,3,3,0,0,0,3,0,0,3,94,14,3,4,114,0,0,0,114,4,0,119,0,0,0,0,0,0,0,0,0,0,0,0,0,0,0,0,3,0,0,0,3,0,0,3,0,0,0,0,3,0,0,0,3,0,0,3,94,19,3,4,117,0,0,0,117,9,0,120,14,4,0,0,20,0,0,0,20,7,0,27,0,0,0,0,0,0,0,0,0,0,0,0,105,18,3,3
297,0,0,0,0,0,0,0,0,0,0,0,0,0,0,0,0,0,0,0,0,0,0,0,0,0,0,0,0,0,0,0,0,0,0,0,0,0,0,0,0,0,0,0,0,0,0,0,0,0,0,0,0,0,0,0,0,0,0,0,0,0,0,0,0,0,0,0,0,0,0,0,0,0,0,0,0,0,0,0,0,0,0,0,0,0,0,0,0,0,0,0,0,0,0,0,0,0,0,0,0,0,0,0,0,0,0,0,0,0,0,0,0,0,0,0,0,0,0,0,0,0,0,0,0,0,0,0,0,0,0,0,0,0,0,0,0,0,0,0,0,0,0,0,0,0,0,0,0,0,0,0,0,0,0,0,0,0,0,0,0,0,0,0,0,0,0,0,0,0,0,0,0,0,0,0,0,0,0,0,0,0,0,0,0,0,0,0,0,0,0,0,0,0,0,0,0,0,0,0,0
299,0,0,0,0,0,0,0,0,0,0,0,0,0,0,0,0,0,0,0,0,0,0,0,0,0,0,0,0,0,0,0,0,0,0,0,0,0,0,0,0,0,0,0,0,0,0,0,0,0,0,0,0,0,0,0,0,0,0,0,0,0,0,0,0,0,0,0,0,0,0,0,0,0,0,0,0,0,0,0,0,0,0,0,0,0,0,0,0,0,0,0,0,0,0,0,0,0,0,0,0,0,0,0,0,0,0,0,0,0,0,0,0,0,0,0,0,0,0,0,0,0,0,0,0,0,0,0,0,0,0,0,0,0,0,0,0,0,0,0,0,0,0,0,0,0,0,0,0,0,0,0,0,0,0,0,0,0,0,0,0,0,0,0,0,0,0,0,0,0,0,0,0,0,0,0,0,0,0,0,0,0,0,0,0,0,0,0,0,0,0,0,0,0,0,0,0,0,0,0,0
301,30,3,0,30,42,3,0,0,49,0,3,5,51,3,0,52,1500,116,36,10,1657,42,7,50,1707,75,3,1782,202,23,0,3,234,6,3,7,240,50,0,285,0,0,0,0,0,0,0,0,0,0,0,0,1699,134,38,17,1888,49,13,61,1948,124,3,2073,290,42,14,0,342,17,0,15,362,21,0,385,233,21,3,0,258,5,0,5,262,14,0,275,7,3,3,0,17,0,0,0,17,0,0,14,4,0,0,0,6,0,0,0,6,0,0,6,540,66,20,0,619,17,0,20,644,40,3,683,0,0,0,0,3,0,0,0,3,0,0,3,7,0,0,0,6,0,3,3,9,3,0,15,10,4,0,0,12,0,3,7,14,3,0,21,546,68,20,4,635,22,8,23,658,41,3,705,90,8,0,3,101,0,0,0,102,38,0,138,0,0,0,0,0,0,0,0,0,0,0,0,639,68,19,3
302,35,3,0,39,41,3,3,0,48,3,6,6,51,3,0,60,1235,153,23,22,1426,48,10,65,1490,86,0,1579,173,26,6,3,208,8,0,12,221,50,0,267,0,0,0,0,0,0,0,0,0,0,4,4,1411,176,31,24,1642,56,14,71,1709,132,7,1851,249,27,3,3,276,10,0,7,287,26,0,321,220,32,7,0,261,6,0,6,267,24,0,289,12,5,3,0,15,0,0,0,17,0,0,17,4,0,0,11,14,0,0,0,13,0,0,18,481,54,18,11,567,19,0,18,586,55,0,643,9,0,0,0,8,0,0,0,7,0,0,7,7,0,0,0,10,0,0,0,10,0,0,10,11,0,0,0,18,0,0,0,18,0,0,18,493,60,18,11,583,19,3,20,599,55,0,661,83,15,3,0,106,0,5,5,113,51,0,157,0,0,0,0,0,0,0,0,0,0,0,0,582,71,20,15
303,64,9,0,65,74,16,0,4,88,20,0,21,108,9,0,121,2406,340,41,32,2817,123,16,142,2962,173,3,3135,466,105,17,11,590,30,8,37,628,206,0,835,0,0,0,0,3,0,0,0,3,0,8,11,2870,444,52,40,3410,151,24,173,3588,379,10,3983,595,71,8,5,672,16,4,24,697,47,0,742,414,89,3,0,508,22,0,21,529,56,0,581,21,3,5,0,27,0,0,0,29,3,0,32,3,0,0,8,10,0,0,0,12,0,0,12,1023,166,19,11,1218,35,5,44,1262,100,0,1366,14,3,0,0,19,3,0,5,22,3,0,21,16,4,0,0,18,3,0,5,24,5,0,30,23,11,0,0,35,9,0,10,48,9,0,57,1049,172,19,10,1252,41,9,51,1307,115,0,1421,241,55,9,3,304,12,6,17,325,168,0,492,6,0,0,0,9,0,0,0,9,0,3,10,1299,224,25,12
304,39,0,0,43,55,7,0,3,60,10,0,12,71,4,0,74,1686,166,25,11,1881,70,10,81,1966,101,5,2066,306,40,5,3,356,6,3,12,368,67,0,436,0,0,0,3,3,0,0,0,3,0,0,3,1993,198,32,23,2239,77,14,97,2337,168,5,2504,390,38,5,0,436,11,6,13,444,37,0,479,327,51,3,3,392,13,3,16,404,22,0,421,25,0,3,0,33,0,0,0,35,0,0,33,3,0,0,0,11,0,0,0,11,0,0,11,746,92,13,9,860,20,7,26,888,55,0,946,10,0,0,0,10,0,0,0,10,0,0,13,17,3,0,0,18,3,0,4,21,4,0,24,23,4,0,0,24,3,0,3,29,3,0,36,768,98,13,7,887,27,6,31,924,62,0,981,146,24,4,3,176,8,4,11,191,55,0,243,0,0,0,0,0,0,0,0,0,0,0,0,911,119,22,12
305,26,0,0,26,31,5,3,0,37,6,0,6,40,4,0,44,1472,152,23,21,1661,31,7,38,1702,76,0,1781,280,33,7,3,320,5,0,5,324,52,0,384,0,0,0,0,0,0,0,0,0,0,3,3,1749,186,31,18,1979,43,7,47,2029,135,8,2167,321,33,3,0,362,15,3,19,377,29,0,408,263,49,0,0,324,6,3,10,329,16,0,346,10,3,0,0,15,3,0,3,17,0,0,16,3,0,0,4,4,0,0,0,8,0,0,6,602,88,7,3,699,24,9,30,727,55,0,788,3,3,0,0,3,0,0,0,10,0,0,8,5,0,0,0,5,0,0,0,12,3,0,9,14,3,0,0,16,3,0,3,16,3,0,18,613,94,7,3,717,26,9,31,748,59,0,805,106,23,3,4,135,4,0,4,142,32,0,169,0,0,0,0,0,0,0,0,0,0,0,0,718,109,9,10
306,9,0,0,9,3,0,0,0,13,3,0,3,13,0,0,17,319,38,13,10,381,12,4,12,396,30,0,421,35,16,3,5,57,4,4,5,70,34,0,105,0,0,0,0,0,0,0,0,0,0,3,4,357,53,12,15,438,18,3,24,460,60,4,524,65,10,5,0,78,3,0,3,78,8,0,87,55,8,0,0,66,0,0,0,70,12,0,78,0,3,0,0,3,0,0,0,3,0,0,3,3,0,0,3,7,0,0,0,7,0,0,11,126,20,6,3,155,3,0,3,161,20,0,181,3,0,0,0,3,0,0,0,5,0,0,3,0,0,0,0,0,3,0,3,7,0,0,9,3,0,0,0,4,3,0,3,8,3,0,10,131,17,6,3,158,5,0,10,166,26,0,191,23,5,0,0,28,0,0,0,28,16,0,44,0,0,0,0,0,0,0,0,0,0,0,0,153,27,6,4
307,3,0,0,6,6,0,0,0,6,0,0,0,3,4,0,4,133,18,0,0,147,8,0,8,155,5,0,162,24,4,0,0,31,3,0,3,33,16,0,48,3,0,0,0,3,0,0,0,3,0,0,3,155,23,3,0,184,10,0,8,191,26,0,210,26,0,0,0,26,0,0,0,28,0,0,33,16,3,3,0,28,0,0,0,28,0,0,26,0,0,0,0,3,0,0,0,3,0,0,3,0,0,0,0,0,0,0,0,0,0,0,0,47,6,7,0,54,0,0,0,55,3,0,58,0,0,0,0,0,0,0,0,0,0,0,0,0,0,0,0,0,0,0,0,0,0,0,0,0,0,0,0,0,0,0,0,0,0,0,0,43,6,7,0,58,0,0,0,56,3,0,61,4,3,0,0,6,0,0,0,9,5,0,13,0,0,0,0,0,0,0,0,0,0,0,0,51,8,3,0
308,6,0,0,9,12,0,0,0,14,0,0,0,14,3,0,17,320,41,12,9,381,4,0,3,386,40,0,427,49,7,0,3,57,3,0,3,64,20,0,82,0,0,0,0,0,0,0,0,0,0,0,0,369,52,12,8,436,10,0,9,446,67,0,513,57,4,0,0,64,3,0,3,62,4,0,72,34,6,0,0,47,5,0,3,50,8,0,56,0,0,0,0,0,0,0,0,0,0,0,3,0,0,0,0,0,0,0,0,0,0,0,0,93,15,3,0,104,3,0,5,114,11,0,128,0,0,0,0,0,0,0,0,0,0,0,0,4,0,0,0,4,0,0,0,4,0,0,4,5,0,0,0,5,0,0,0,5,0,0,5,99,15,3,0,115,3,0,5,122,11,0,130,9,4,0,0,16,0,0,0,16,7,0,28,0,0,0,0,0,0,0,0,0,0,0,0,108,16,3,0
309,57,3,0,59,59,17,3,0,78,25,5,29,109,3,0,113,2397,391,63,38,2892,88,23,107,2998,179,7,3189,370,77,10,7,463,18,3,17,481,143,0,626,4,0,0,0,3,0,0,0,3,0,3,7,2772,467,76,45,3362,103,25,127,3490,321,12,3815,543,76,14,4,635,12,4,18,648,53,0,703,327,88,8,0,421,18,9,23,437,40,4,482,11,4,3,0,18,0,0,0,20,4,0,22,3,3,0,5,13,0,0,0,13,0,0,13,880,170,23,8,1085,28,7,37,1125,102,3,1230,19,3,0,0,16,4,0,4,22,0,0,23,11,0,0,0,16,0,0,0,17,3,0,20,32,3,0,0,34,4,0,10,44,4,0,42,912,173,23,8,1122,33,12,45,1166,102,3,1272,153,41,0,7,203,10,4,16,213,85,0,307,0,0,0,0,0,0,0,0,0,0,0,0,1070,216,26,17
310,29,3,0,30,38,10,0,3,52,15,3,13,68,7,0,73,1272,179,28,24,1499,47,16,66,1566,128,4,1703,245,45,10,8,303,18,3,25,332,154,3,489,3,0,0,5,4,0,0,0,4,0,3,10,1516,217,39,41,1808,71,23,92,1904,285,13,2196,289,35,3,0,324,8,3,11,334,33,0,367,181,39,3,0,222,10,0,9,233,36,0,266,10,3,4,0,18,0,0,0,18,0,0,19,0,0,0,3,6,0,0,0,6,0,0,10,483,73,9,7,569,13,4,22,586,69,0,656,3,3,0,0,10,3,0,3,11,5,0,17,5,3,0,0,5,0,0,0,7,3,0,13,13,5,0,0,16,6,0,4,24,4,0,29,495,75,9,5,582,20,3,25,610,81,0,686,103,22,3,3,131,12,5,13,149,89,0,239,0,0,0,0,0,0,0,0,0,0,0,3,597,103,11,14
311,38,3,0,43,43,4,0,0,51,10,0,13,66,4,0,73,1175,166,23,27,1388,50,14,68,1457,98,0,1551,255,63,7,8,332,16,4,24,351,200,3,553,0,0,0,0,0,0,0,0,0,0,0,0,1432,232,29,30,1721,66,21,89,1812,294,4,2113,258,26,9,3,289,14,5,17,304,35,0,332,185,44,0,0,228,3,0,3,233,16,0,251,14,3,5,0,20,0,0,0,20,3,0,25,5,0,0,11,12,0,0,0,13,3,0,21,454,74,12,17,552,18,3,19,575,54,0,633,9,0,0,0,8,0,0,0,13,4,0,13,6,4,0,0,10,4,0,3,19,6,0,20,19,6,0,0,23,7,0,11,29,7,0,37,470,76,12,17,578,24,5,27,600,62,0,663,105,24,0,3,133,14,0,19,151,87,0,242,0,0,0,0,0,0,0,0,0,0,0,0,575,99,18,18
312,9,0,0,9,9,0,0,3,13,3,0,3,13,0,0,13,245,16,4,8,274,12,0,7,287,9,0,294,38,3,0,0,41,0,0,0,43,5,0,48,0,0,0,0,0,0,0,0,0,0,0,0,280,27,5,3,317,9,0,10,330,13,3,349,36,3,0,0,43,3,0,3,41,3,0,48,33,3,0,0,42,0,0,0,41,3,0,43,0,0,0,0,3,0,0,0,3,0,0,3,0,0,0,0,0,0,0,0,0,0,0,0,74,8,3,0,81,4,0,6,88,4,0,94,0,0,0,0,0,0,0,0,0,0,0,0,0,0,0,0,0,0,0,0,0,0,0,0,0,0,0,0,0,0,0,0,0,0,0,0,74,8,3,0,81,4,0,6,88,4,0,94,17,0,0,0,18,0,0,0,18,3,0,17,0,0,0,0,0,0,0,0,0,0,0,0,92,6,3,0
313,20,4,0,24,31,3,3,0,36,3,0,3,34,4,0,42,799,110,34,11,959,31,0,34,991,63,0,1055,118,19,4,0,146,10,0,11,151,51,4,209,0,0,0,0,0,0,0,0,0,0,0,0,919,129,42,14,1108,37,0,41,1148,116,4,1267,142,14,3,0,159,3,0,4,160,11,0,172,106,16,3,0,126,10,0,6,134,17,0,151,3,0,3,0,6,0,0,0,6,0,0,8,0,0,0,3,3,0,0,0,3,0,0,3,248,32,12,3,296,7,3,12,305,31,0,336,8,0,0,0,8,0,0,0,6,0,0,6,3,0,0,0,3,0,0,0,3,0,0,3,12,0,0,0,11,0,0,0,10,0,0,10,257,32,12,5,306,13,3,15,319,31,0,345,48,14,0,3,59,3,0,3,65,22,0,89,0,0,0,0,0,0,0,0,0,0,0,0,305,43,12,5
314,29,3,0,27,36,8,3,3,47,3,0,3,52,3,0,50,1252,144,22,13,1429,43,9,49,1479,81,0,1562,196,29,11,6,241,4,3,9,253,35,0,288,0,0,0,0,3,0,0,0,3,0,3,9,1446,168,33,19,1670,45,11,56,1731,120,6,1849,231,26,6,0,270,7,0,9,277,27,0,306,195,19,3,0,215,9,0,9,225,17,0,244,11,3,8,0,14,0,0,0,14,0,0,19,0,0,0,3,10,0,0,0,10,0,0,10,437,50,17,3,507,16,0,18,527,50,0,573,6,0,0,0,7,0,0,0,7,0,0,7,0,0,0,0,0,0,0,0,3,3,0,4,8,0,0,0,8,0,0,0,8,3,0,10,449,46,17,3,517,15,0,19,539,50,0,583,73,6,4,0,78,3,0,3,80,26,0,110,0,0,0,0,0,0,0,0,0,0,0,0,519,54,19,6
315,0,0,0,0,0,0,0,0,0,0,0,0,0,0,0,0,32,3,0,0,38,0,0,3,41,3,0,47,3,0,0,0,3,0,0,0,7,4,0,9,0,0,0,0,0,0,0,0,0,0,0,0,39,3,0,0,43,3,0,4,45,10,0,52,13,0,0,0,12,0,0,0,12,0,0,12,3,0,0,0,6,0,0,0,6,0,0,6,0,0,0,0,0,0,0,0,0,0,0,0,0,0,0,0,0,0,0,0,0,0,0,0,16,4,0,0,17,0,0,0,17,0,0,17,0,0,0,0,0,0,0,0,0,0,0,0,0,0,0,0,0,0,0,0,0,0,0,0,0,0,0,0,0,0,0,0,0,0,0,0,16,4,0,0,17,0,0,0,17,0,0,17,3,0,0,0,3,0,0,0,3,6,0,5,0,0,0,0,0,0,0,0,0,0,0,0,14,3,0,0
316,26,0,0,24,33,8,0,0,42,0,0,0,48,3,0,51,1035,167,26,18,1249,23,3,30,1279,77,0,1352,143,47,7,0,203,5,3,10,213,49,0,266,0,0,0,0,3,0,0,0,3,0,0,3,1182,214,32,21,1453,32,8,44,1490,124,0,1623,187,33,0,0,225,7,0,7,228,17,0,245,157,41,4,0,205,3,0,3,207,21,0,228,3,0,0,0,10,0,0,0,10,0,0,10,4,0,0,3,3,0,0,0,3,0,0,5,348,79,16,3,442,8,0,8,448,34,0,486,4,0,0,0,4,0,0,0,7,4,0,5,0,0,0,0,4,0,0,0,4,0,0,4,6,0,0,0,5,0,0,0,7,3,0,14,351,80,16,3,450,6,0,6,455,40,0,498,59,22,3,0,82,3,0,5,88,38,0,127,0,0,0,0,0,0,0,0,0,0,0,0,412,100,13,3
317,9,0,0,9,9,0,0,3,16,0,0,0,18,0,0,18,375,43,11,4,439,10,3,13,445,29,0,477,58,5,0,3,72,3,0,3,80,26,0,105,0,0,0,0,0,0,0,0,0,0,0,0,434,52,12,6,507,12,3,17,525,54,3,580,66,11,0,0,76,3,0,3,86,3,0,88,65,11,0,0,80,4,0,4,79,10,0,88,7,0,0,0,3,0,0,0,6,0,0,6,0,0,0,0,0,0,0,0,0,0,0,0,135,21,5,0,164,5,0,9,170,11,0,178,4,0,0,0,4,0,0,0,4,0,0,4,0,0,0,0,4,0,0,0,4,3,0,7,6,0,0,0,4,0,0,0,4,3,0,11,140,21,5,3,168,5,0,9,174,13,0,188,15,7,0,0,21,0,0,0,25,16,0,36,0,0,0,0,0,0,0,0,0,0,0,0,157,24,3,3
318,6,0,0,9,13,6,0,0,17,12,0,12,28,4,0,28,740,74,18,14,842,47,3,49,894,46,3,941,74,12,4,0,92,10,0,12,104,33,0,138,0,0,0,0,0,0,0,0,0,0,0,0,814,86,26,13,934,55,4,62,995,80,3,1079,184,20,3,3,218,12,0,12,221,10,0,232,86,13,0,0,99,3,0,3,108,14,0,120,3,0,6,0,14,0,0,0,14,0,0,14,0,0,0,0,0,0,0,0,0,0,0,0,280,32,15,4,334,15,0,15,346,28,0,368,9,7,0,0,9,3,0,3,15,0,0,11,3,0,0,0,3,0,0,0,3,0,0,4,7,6,0,0,17,3,0,3,15,3,0,18,286,37,15,4,348,15,0,15,359,30,0,387,32,6,0,0,40,0,0,0,39,18,0,56,0,0,0,0,0,0,0,0,0,0,0,3,324,46,15,4
319,10,0,0,8,3,3,0,0,9,4,0,7,15,4,0,18,268,49,6,8,328,9,3,13,341,40,0,383,46,22,0,4,66,3,0,0,69,49,0,122,0,0,0,0,0,0,0,0,0,0,0,0,315,66,6,13,396,12,6,15,410,92,0,508,37,8,3,0,45,0,0,0,45,8,0,55,34,4,0,0,42,0,0,3,40,11,0,53,3,0,0,0,0,0,0,0,0,0,0,0,0,0,0,3,3,0,0,0,3,0,0,3,80,11,3,3,91,0,0,3,97,16,0,111,0,0,0,0,0,0,0,0,0,0,0,0,0,0,0,0,3,0,0,0,3,0,0,3,0,0,0,0,3,0,0,0,0,0,0,0,76,16,3,3,93,0,0,0,100,16,0,111,18,3,4,0,21,3,0,3,28,20,0,44,0,0,0,0,0,0,0,0,0,0,0,0,92,12,6,3
397,0,0,0,0,0,0,0,0,0,0,0,0,0,0,0,0,0,0,0,0,0,0,0,0,0,0,0,0,0,0,0,0,0,0,0,0,0,0,0,0,0,0,0,0,0,0,0,0,0,0,0,0,0,0,0,0,0,0,0,0,0,0,0,0,0,0,0,0,0,0,0,0,0,0,0,0,0,0,0,0,0,0,0,0,0,0,0,0,0,0,0,0,0,0,0,0,0,0,0,0,0,0,0,0,0,0,0,0,0,0,0,0,0,0,0,0,0,0,0,0,0,0,0,0,0,0,0,0,0,0,0,0,0,0,0,0,0,0,0,0,0,0,0,0,0,0,0,0,0,0,0,0,0,0,0,0,0,0,0,0,0,0,0,0,0,0,0,0,0,0,0,0,0,0,0,0,0,0,0,0,0,0,0,0,0,0,0,0,0,0,0,0,0,0,0,0,0,0,0,0
399,0,0,0,0,0,0,0,0,0,0,0,0,0,0,0,0,0,0,0,0,0,0,0,0,0,0,0,0,0,0,0,0,0,0,0,0,0,0,0,0,0,0,0,0,0,0,0,0,0,0,0,0,0,0,0,0,0,0,0,0,0,0,0,0,0,0,0,0,0,0,0,0,0,0,0,0,0,0,0,0,0,0,0,0,0,0,0,0,0,0,0,0,0,0,0,0,0,0,0,0,0,0,0,0,0,0,0,0,0,0,0,0,0,0,0,0,0,0,0,0,0,0,0,0,0,0,0,0,0,0,0,0,0,0,0,0,0,0,0,0,0,0,0,0,0,0,0,0,0,0,0,0,0,0,0,0,0,0,0,0,0,0,0,0,0,0,0,0,0,0,0,0,0,0,0,0,0,0,0,0,0,0,0,0,0,0,0,0,0,0,0,0,0,0,0,0,0,0,0,0
401,45,0,0,44,46,10,3,0,56,6,8,13,70,5,0,74,2424,322,55,32,2837,39,19,57,2888,143,3,3041,327,59,3,7,398,9,0,12,414,75,3,486,3,0,0,0,3,0,0,0,3,0,3,4,2760,382,63,33,3239,51,14,69,3305,218,6,3531,566,58,13,3,644,19,3,27,668,42,0,708,612,110,13,3,742,11,0,13,752,42,0,800,27,3,10,0,40,0,0,0,45,4,0,44,15,3,0,9,27,0,0,0,27,0,0,28,1218,183,31,15,1448,33,4,32,1482,94,0,1577,17,0,0,0,19,0,0,3,20,3,0,25,12,0,0,0,13,0,0,0,15,3,0,16,25,7,0,0,28,0,3,5,34,5,0,38,1241,185,32,15,1477,33,4,42,1514,100,0,1617,202,35,7,0,243,12,3,17,258,71,0,327,0,0,0,0,0,0,0,0,0,0,0,0,1443,217,41,20
402,73,3,0,85,78,22,6,0,103,31,4,35,141,20,0,159,2197,341,47,36,2616,102,16,117,2730,233,0,2963,441,128,21,17,604,34,10,45,646,435,0,1086,3,0,0,0,8,3,0,3,9,0,4,12,2640,469,66,58,3229,132,29,160,3387,671,10,4061,458,78,5,7,543,11,3,12,557,46,0,606,400,86,6,3,494,15,0,17,508,51,0,559,14,4,7,0,28,0,0,0,27,5,0,29,0,0,0,3,11,0,0,0,11,3,0,13,875,167,16,16,1068,29,4,31,1100,106,0,1205,12,6,0,0,19,3,0,6,24,8,0,27,6,7,0,0,15,5,0,5,17,4,0,25,21,17,0,0,37,10,0,7,46,11,0,57,890,178,16,16,1104,36,7,40,1140,120,0,1260,196,67,8,5,277,19,6,31,310,281,0,592,0,0,0,0,0,0,0,0,0,0,4,4,1086,244,24,22
403,35,3,0,37,54,13,0,0,71,7,0,6,74,8,0,85,2307,347,58,30,2748,65,8,74,2816,173,3,3000,302,71,5,12,400,19,3,18,415,135,3,556,3,0,0,0,6,0,0,0,6,0,4,11,2613,418,66,45,3152,79,9,92,3241,310,10,3557,500,85,9,0,590,21,5,23,618,73,0,685,550,105,14,0,664,13,6,24,687,59,0,743,20,3,15,0,41,0,0,0,40,9,0,45,4,0,0,3,10,0,0,0,10,0,0,10,1073,189,37,5,1307,38,13,46,1360,134,0,1492,10,0,0,0,10,0,0,0,14,0,0,15,14,3,3,0,17,0,0,4,21,0,0,25,24,3,3,0,30,5,0,4,32,4,0,37,1102,198,38,5,1336,36,15,57,1391,138,0,1528,172,43,3,3,221,10,0,7,231,90,3,323,0,0,0,0,0,0,0,0,0,0,0,0,1269,235,44,13
404,41,9,0,44,39,17,0,3,59,13,0,12,79,9,0,84,1372,247,34,20,1672,68,10,78,1750,140,0,1894,200,63,3,10,278,8,11,24,301,151,0,453,0,0,0,0,0,0,0,0,0,0,6,3,1579,312,43,29,1954,73,21,102,2058,295,6,2351,333,47,3,3,387,13,0,13,400,39,0,442,291,67,11,0,367,7,0,8,374,32,0,412,6,3,0,0,10,3,0,3,14,3,0,15,0,0,0,3,5,0,0,0,5,0,0,6,631,120,19,10,768,22,5,28,797,76,0,872,3,4,3,0,8,5,0,8,19,0,0,19,11,3,0,0,17,0,0,0,17,5,0,22,12,6,3,0,22,5,3,7,37,7,0,37,644,127,18,10,797,26,3,31,833,86,0,913,93,37,4,0,140,7,10,20,158,125,0,284,0,0,0,0,0,0,0,0,0,3,0,5,737,168,23,16
405,10,0,0,10,9,0,0,0,13,0,0,0,12,0,0,12,276,37,11,0,327,3,0,4,333,19,0,353,35,7,4,0,48,0,0,0,50,11,0,63,0,0,0,0,3,0,0,0,3,0,0,4,312,44,18,0,377,5,3,4,382,33,0,421,39,5,0,0,40,0,0,0,40,4,0,46,27,0,0,0,32,0,0,0,31,3,0,35,3,0,0,0,3,0,0,0,3,0,0,3,0,0,0,0,0,0,0,0,0,0,0,0,70,4,0,0,72,0,0,0,76,7,0,85,0,0,3,0,3,0,0,0,8,0,0,8,0,0,0,0,0,0,0,0,0,0,0,0,0,0,3,0,3,0,0,3,4,0,0,4,66,9,4,0,79,3,4,3,80,7,0,88,10,0,0,0,9,0,0,0,9,9,0,16,0,0,0,0,0,0,0,0,0,0,0,0,75,9,4,0
406,0,0,0,0,3,0,0,0,3,3,0,3,4,0,0,4,102,17,3,4,120,6,0,6,123,10,0,136,12,0,0,0,11,0,0,0,17,11,0,29,0,0,0,0,0,0,0,0,0,0,0,0,113,13,3,4,135,4,0,4,142,23,0,162,7,0,0,0,7,0,0,0,6,0,0,6,7,3,0,0,7,0,0,0,7,0,0,10,0,0,0,0,0,0,0,0,0,0,0,0,0,0,0,0,0,0,0,0,0,0,0,0,13,3,0,0,17,0,0,0,20,0,0,18,0,0,0,0,0,0,0,0,3,0,0,3,0,0,0,0,0,0,0,0,0,0,0,0,0,0,0,0,0,0,0,0,3,0,0,3,12,3,0,0,17,0,0,0,20,0,0,20,3,0,0,0,6,0,0,0,7,0,0,11,0,0,0,0,0,0,0,0,0,0,0,0,17,0,0,0
407,14,0,0,10,13,3,0,0,16,3,0,3,17,0,0,20,399,65,9,7,485,3,3,9,497,35,0,532,58,4,3,0,65,0,0,3,72,42,0,114,0,0,3,0,8,0,0,0,8,0,0,8,460,79,12,7,563,3,7,9,571,78,0,649,53,5,0,0,57,0,0,0,57,10,0,70,34,15,0,0,46,0,0,0,46,9,0,58,0,0,6,0,6,0,0,0,6,0,0,6,0,0,0,0,0,0,0,0,0,0,0,0,88,19,3,0,119,0,0,0,119,13,0,128,0,0,0,0,0,3,0,3,3,0,0,3,0,0,0,0,0,0,0,0,4,0,0,4,0,0,0,0,0,3,0,3,3,0,0,6,94,19,3,0,119,3,0,3,124,16,0,134,11,3,0,0,14,0,0,0,14,7,0,21,0,0,0,0,0,0,0,0,0,0,0,0,103,20,3,0
497,0,0,0,0,0,0,0,0,0,0,0,0,0,0,0,0,0,0,0,0,0,0,0,0,0,0,0,0,0,0,0,0,0,0,0,0,0,0,0,0,0,0,0,0,0,0,0,0,0,0,0,0,0,0,0,0,0,0,0,0,0,0,0,0,0,0,0,0,0,0,0,0,0,0,0,0,0,0,0,0,0,0,0,0,0,0,0,0,0,0,0,0,0,0,0,0,0,0,0,0,0,0,0,0,0,0,0,0,0,0,0,0,0,0,0,0,0,0,0,0,0,0,0,0,0,0,0,0,0,0,0,0,0,0,0,0,0,0,0,0,0,0,0,0,0,0,0,0,0,0,0,0,0,0,0,0,0,0,0,0,0,0,0,0,0,0,0,0,0,0,0,0,0,0,0,0,0,0,0,0,0,0,0,0,0,0,0,0,0,0,0,0,0,0,0,0,0,0,0,0
499,0,0,0,0,0,0,0,0,0,0,0,0,0,0,0,0,0,0,0,0,0,0,0,0,0,0,0,0,0,0,0,0,0,0,0,0,0,0,0,0,0,0,0,0,0,0,0,0,0,0,0,0,0,0,0,0,0,0,0,0,0,0,0,0,0,0,0,0,0,0,0,0,0,0,0,0,0,0,0,0,0,0,0,0,0,0,0,0,0,0,0,0,0,0,0,0,0,0,0,0,0,0,0,0,0,0,0,0,0,0,0,0,0,0,0,0,0,0,0,0,0,0,0,0,0,0,0,0,0,0,0,0,0,0,0,0,0,0,0,0,0,0,0,0,0,0,0,0,0,0,0,0,0,0,0,0,0,0,0,0,0,0,0,0,0,0,0,0,0,0,0,0,0,0,0,0,0,0,0,0,0,0,0,0,0,0,0,0,0,0,0,0,0,0,0,0,0,0,0,0
501,6,0,0,6,4,0,0,0,4,0,0,0,8,0,0,8,231,40,13,3,280,7,0,7,290,16,3,304,46,11,7,0,57,0,0,0,64,7,0,64,0,0,0,0,3,0,0,0,3,0,0,3,276,42,17,3,343,11,0,11,355,21,3,374,38,4,0,0,37,0,0,0,37,4,0,43,34,11,0,0,39,3,0,3,40,0,0,47,3,0,0,0,3,0,0,0,3,0,0,3,0,0,0,0,3,0,0,0,3,0,0,3,69,13,4,0,90,3,0,3,91,8,0,96,0,0,0,0,0,0,0,0,0,0,0,0,3,0,0,0,3,0,0,0,4,0,0,4,3,0,0,0,3,0,0,0,4,0,0,4,70,13,4,0,88,4,0,4,92,8,0,97,17,0,0,0,20,0,0,0,20,3,0,22,0,0,0,0,0,0,0,0,0,0,0,0,94,13,3,0
502,11,0,0,11,11,0,0,0,13,3,0,3,20,0,0,20,347,30,14,12,398,20,0,20,417,19,0,440,62,8,0,0,64,3,0,3,70,18,0,88,0,0,0,0,0,0,0,0,0,0,3,3,414,32,14,7,467,23,0,23,486,39,3,526,57,9,0,0,62,0,0,0,62,12,0,71,57,11,3,0,64,0,0,0,65,3,0,70,3,0,0,0,5,0,0,0,5,0,0,5,3,0,0,0,3,0,0,0,3,0,0,3,115,14,3,0,137,3,0,3,140,12,0,151,0,0,0,0,0,0,0,0,5,0,0,5,8,0,0,0,8,0,0,0,8,0,0,8,6,0,0,0,10,0,0,0,9,0,0,9,123,15,6,0,141,3,0,3,145,12,0,158,27,3,0,0,31,0,0,0,31,6,0,41,0,0,0,0,0,0,0,0,0,0,0,0,150,20,6,3
503,31,0,0,30,35,7,0,0,40,3,0,5,43,3,0,48,1142,171,11,12,1333,44,13,50,1388,72,0,1461,289,40,3,0,334,13,0,14,348,37,0,387,0,0,0,3,3,0,0,0,3,0,0,3,1428,213,17,16,1671,51,11,61,1733,113,0,1853,227,45,3,0,271,11,0,11,288,20,0,306,279,62,3,3,342,7,3,5,349,27,0,375,5,3,8,0,14,0,0,0,14,0,0,14,0,0,0,0,3,0,0,0,3,0,0,3,511,101,8,5,632,16,4,22,650,51,0,700,3,0,0,0,3,0,0,0,3,0,0,3,5,0,0,0,5,0,0,0,5,0,0,5,11,0,0,0,11,0,0,0,11,0,0,12,524,101,8,5,641,16,4,22,658,47,0,711,155,28,8,4,196,9,0,9,203,43,0,245,0,0,0,3,3,0,0,0,3,0,0,3,676,132,17,10
504,24,3,0,23,39,8,0,0,47,4,0,8,55,6,0,59,1340,187,32,14,1567,40,6,42,1608,106,3,1722,266,48,15,3,335,24,3,28,361,98,0,458,0,0,0,3,3,0,0,0,3,0,4,12,1606,229,46,25,1903,61,10,68,1975,208,9,2185,283,33,8,0,326,13,4,21,344,23,0,362,249,43,7,4,299,8,3,8,314,21,0,337,7,3,4,0,15,0,0,0,15,0,0,15,6,0,0,8,9,0,0,0,16,0,0,16,550,79,20,9,656,28,9,31,682,49,0,733,14,3,0,0,14,3,0,3,13,0,0,13,14,4,0,0,20,3,0,4,22,8,0,23,21,9,0,0,33,3,0,3,35,8,0,38,571,87,20,9,684,29,5,33,720,52,0,768,110,23,8,4,142,3,6,9,152,63,0,217,0,0,0,4,4,0,0,0,4,0,0,3,682,106,23,20
505,110,8,0,116,148,24,5,0,176,31,8,37,220,15,0,237,3791,514,92,59,4453,161,22,183,4633,241,9,4882,653,124,30,17,826,43,10,52,881,241,0,1123,4,0,0,3,7,0,0,0,9,0,3,17,4449,640,121,83,5287,199,27,230,5517,481,17,6012,798,109,15,9,926,47,6,55,981,70,0,1052,781,150,13,8,958,32,6,44,995,87,0,1079,28,8,23,0,67,4,0,4,71,0,0,71,11,3,0,10,18,3,0,3,21,0,0,28,1618,270,57,23,1969,90,11,100,2071,155,0,2228,30,6,0,3,32,11,4,16,51,3,0,59,37,5,0,0,42,6,0,7,49,5,0,55,60,10,0,4,77,22,3,25,104,9,0,113,1681,283,57,26,2046,106,16,126,2173,169,0,2341,287,67,13,19,384,11,3,16,402,158,0,557,0,0,0,0,0,0,0,0,0,0,7,4,1967,356,68,44
506,84,3,0,88,121,13,3,3,144,29,3,35,177,13,0,187,2657,394,65,51,3167,198,21,216,3386,193,3,3575,627,142,16,17,801,44,7,54,855,203,4,1065,0,0,0,3,6,0,0,0,10,0,3,15,3283,543,84,68,3973,244,33,273,4249,395,10,4651,603,67,11,3,680,31,3,34,716,68,0,780,479,111,16,5,617,26,6,30,649,59,0,701,24,4,5,0,35,0,0,0,39,9,0,45,8,5,0,12,23,0,0,0,22,4,3,31,1112,183,38,28,1355,57,10,66,1427,131,3,1563,28,4,0,0,28,13,0,14,45,0,0,45,32,4,0,0,33,3,4,9,39,3,0,46,52,4,0,0,66,17,6,23,82,3,0,91,1167,190,33,29,1420,78,16,90,1515,132,0,1645,249,62,12,4,322,25,11,34,358,150,0,509,4,0,0,0,7,0,0,0,7,0,0,6,1421,251,48,36
507,60,3,0,61,91,12,3,0,105,21,0,21,124,5,0,133,2427,303,71,33,2825,109,16,124,2952,143,3,3093,447,65,31,12,553,32,0,35,587,87,0,670,4,0,0,0,4,0,0,0,4,0,4,6,2873,370,97,45,3381,140,16,159,3544,227,6,3773,507,50,6,4,561,17,8,25,594,54,0,647,490,96,14,0,599,19,0,22,620,46,0,669,14,4,11,0,30,0,0,0,30,4,0,31,9,0,0,8,21,0,0,0,21,0,0,19,1011,153,29,12,1209,41,10,53,1260,104,4,1367,16,3,0,0,15,5,0,5,20,4,0,25,16,8,0,0,22,0,3,3,26,0,0,31,29,4,0,0,44,6,3,8,51,7,0,57,1046,160,32,12,1251,44,11,57,1312,109,4,1426,188,45,18,3,251,17,3,18,271,72,0,338,0,0,0,0,3,0,0,0,3,0,0,5,1236,198,49,22
509,0,0,0,0,0,0,0,0,0,0,0,0,0,0,0,0,148,27,4,8,190,0,6,6,192,9,0,201,25,0,0,0,28,0,0,3,29,9,0,43,0,0,0,0,0,0,0,0,0,0,0,0,179,28,7,8,215,3,3,10,225,16,0,242,16,3,0,0,19,0,0,0,19,0,0,19,28,3,0,0,29,0,0,3,27,0,0,27,0,0,0,0,0,0,0,0,0,0,0,0,0,0,0,0,0,0,0,0,0,0,0,0,41,3,0,0,47,0,0,3,50,0,0,50,3,0,0,0,3,0,0,0,3,0,0,4,0,0,0,0,0,0,0,0,0,0,0,0,3,0,0,0,3,0,0,0,0,0,0,4,42,3,0,0,53,0,3,0,56,0,0,53,0,0,0,0,3,0,0,0,3,3,0,7,0,0,0,0,0,0,0,0,0,0,0,0,46,7,0,0
510,0,0,0,0,0,0,0,0,0,0,0,0,0,0,0,0,38,3,0,3,46,3,0,3,52,0,0,51,9,0,0,0,7,0,0,0,7,6,0,15,0,0,0,0,0,0,0,0,0,0,0,0,45,5,0,4,58,6,0,6,62,6,0,70,5,0,0,0,5,0,0,0,5,0,0,5,0,0,0,0,4,0,0,0,4,0,0,4,0,0,0,0,0,0,0,0,0,0,0,0,0,0,0,0,0,0,0,0,0,0,0,0,9,0,0,0,12,0,0,0,12,0,0,12,0,0,0,0,0,0,0,0,0,0,0,0,0,0,0,0,0,0,0,0,0,0,0,0,0,0,0,0,0,0,0,0,0,0,0,0,9,0,0,0,12,0,0,0,14,0,0,14,0,0,0,0,0,0,0,0,0,0,0,0,0,0,0,0,0,0,0,0,0,0,0,0,10,0,0,0
511,3,0,0,4,0,0,0,0,3,0,0,0,3,0,0,3,100,9,8,3,123,3,0,3,127,7,0,136,19,5,0,0,26,0,0,0,29,6,0,36,0,0,0,0,0,0,0,0,0,0,0,0,125,16,12,3,149,5,0,4,154,17,0,174,16,0,0,0,16,0,0,0,16,3,0,17,7,0,0,0,5,0,0,0,5,0,0,5,0,0,0,0,0,0,0,0,0,0,0,0,0,0,0,0,0,0,0,0,0,0,0,0,20,3,0,0,26,0,0,0,26,3,0,27,0,0,0,0,0,0,0,0,0,0,0,0,0,0,0,0,0,0,0,0,0,0,0,0,0,0,0,0,0,0,0,0,0,0,0,0,20,3,0,0,26,0,0,0,26,3,0,27,0,0,0,0,0,0,0,0,0,0,0,0,0,0,0,0,0,0,0,0,0,0,0,0,21,3,0,0
597,0,0,0,0,0,0,0,0,0,0,0,0,0,0,0,0,0,0,0,0,0,0,0,0,0,0,0,0,0,0,0,0,0,0,0,0,0,0,0,0,0,0,0,0,0,0,0,0,0,0,0,0,0,0,0,0,0,0,0,0,0,0,0,0,0,0,0,0,0,0,0,0,0,0,0,0,0,0,0,0,0,0,0,0,0,0,0,0,0,0,0,0,0,0,0,0,0,0,0,0,0,0,0,0,0,0,0,0,0,0,0,0,0,0,0,0,0,0,0,0,0,0,0,0,0,0,0,0,0,0,0,0,0,0,0,0,0,0,0,0,0,0,0,0,0,0,0,0,0,0,0,0,0,0,0,0,0,0,0,0,0,0,0,0,0,0,0,0,0,0,0,0,0,0,0,0,0,0,0,0,0,0,0,0,0,0,0,0,0,0,0,0,0,0,0,0,0,0,0,0
599,0,0,0,0,0,0,0,0,0,0,0,0,0,0,0,0,0,0,0,0,0,0,0,0,0,0,0,0,0,0,0,0,0,0,0,0,0,0,0,0,0,0,0,0,0,0,0,0,0,0,0,0,0,0,0,0,0,0,0,0,0,0,0,0,0,0,0,0,0,0,0,0,0,0,0,0,0,0,0,0,0,0,0,0,0,0,0,0,0,0,0,0,0,0,0,0,0,0,0,0,0,0,0,0,0,0,0,0,0,0,0,0,0,0,0,0,0,0,0,0,0,0,0,0,0,0,0,0,0,0,0,0,0,0,0,0,0,0,0,0,0,0,0,0,0,0,0,0,0,0,0,0,0,0,0,0,0,0,0,0,0,0,0,0,0,0,0,0,0,0,0,0,0,0,0,0,0,0,0,0,0,0,0,0,0,0,0,0,0,0,0,0,0,0,0,0,0,0,0,0
601,16,3,0,25,18,5,0,0,27,0,0,5,28,5,0,35,1036,156,20,16,1232,19,3,20,1246,101,0,1354,123,37,8,8,170,9,0,7,181,92,0,276,0,3,0,0,4,0,0,0,4,0,0,3,1164,189,26,24,1403,20,3,27,1434,199,3,1629,174,28,8,0,205,4,3,8,215,20,0,237,179,32,0,0,212,0,3,3,214,24,0,247,8,0,4,0,14,0,0,0,14,3,0,11,3,0,0,8,8,0,0,0,8,0,0,8,368,61,6,8,437,6,3,8,450,52,0,504,0,0,0,0,0,0,0,0,3,0,0,3,6,0,0,0,8,0,0,0,8,5,0,7,3,0,0,0,9,0,0,0,11,5,0,14,372,58,6,8,447,8,3,14,461,51,0,513,56,13,3,0,74,5,0,4,83,65,0,140,0,0,0,0,0,0,0,0,0,0,0,0,427,80,13,8
602,11,0,0,6,5,3,0,0,9,7,0,9,20,0,0,17,483,71,9,6,568,12,3,17,586,41,0,628,82,14,6,0,101,4,0,4,104,60,0,167,0,0,0,0,0,0,0,0,0,0,0,3,567,91,18,6,678,16,3,20,695,102,3,801,67,14,3,0,86,3,0,3,84,6,0,93,55,8,5,0,73,3,0,3,73,4,0,74,3,0,0,0,3,0,0,0,3,3,0,5,0,0,0,3,4,0,0,0,4,0,0,4,124,26,11,3,166,3,0,8,166,7,0,175,4,0,0,0,4,0,0,0,4,0,0,4,3,0,0,0,3,0,0,0,3,0,0,3,3,0,0,0,5,0,0,0,5,0,0,5,130,26,11,3,169,3,0,8,173,7,0,181,22,7,0,0,35,0,0,0,38,25,0,58,0,0,0,0,0,0,0,0,0,0,0,0,156,32,8,3
603,0,0,0,0,0,0,0,0,0,0,0,0,0,0,0,0,85,25,0,0,115,0,3,3,117,17,0,128,22,7,0,6,30,0,0,0,30,12,0,43,0,0,0,0,0,0,0,0,0,0,0,0,103,32,0,9,146,0,3,3,146,24,0,175,11,0,0,0,11,0,0,0,11,0,0,13,6,0,0,0,6,0,0,0,6,0,0,10,0,0,0,0,0,0,0,0,0,0,0,0,0,0,0,3,3,0,0,0,3,0,0,3,16,0,0,3,18,0,0,0,25,3,0,22,0,0,0,0,0,0,0,0,0,0,0,0,0,0,0,0,0,0,0,0,0,0,0,0,0,0,0,0,0,0,0,0,0,0,0,0,16,0,0,3,19,0,0,0,22,3,0,24,5,0,0,0,5,0,0,0,5,9,0,16,0,0,0,0,0,0,0,0,0,0,0,0,25,0,0,3
604,3,0,0,3,5,0,0,0,5,0,0,0,6,0,0,10,252,48,7,3,318,10,0,15,327,23,0,357,28,8,3,3,43,3,0,3,42,32,0,78,0,0,0,0,0,0,0,0,0,0,3,3,285,54,10,5,359,13,0,17,373,56,3,435,22,3,0,0,31,0,0,0,31,0,0,28,23,8,0,0,33,0,0,0,33,7,0,43,0,0,0,0,3,0,0,0,3,0,0,3,0,0,0,0,0,0,0,0,0,0,0,0,52,10,0,0,67,0,0,0,67,7,0,72,0,0,0,0,0,0,0,0,0,0,0,0,0,0,0,0,0,0,0,0,0,0,0,0,0,0,0,0,0,0,0,0,0,0,0,0,52,16,0,0,64,0,0,0,64,7,0,77,9,3,0,0,14,0,0,0,12,11,0,21,0,0,0,0,0,0,0,0,0,0,0,0,55,21,3,0
697,0,0,0,0,0,0,0,0,0,0,0,0,0,0,0,0,0,0,0,0,0,0,0,0,0,0,0,0,0,0,0,0,0,0,0,0,0,0,0,0,0,0,0,0,0,0,0,0,0,0,0,0,0,0,0,0,0,0,0,0,0,0,0,0,0,0,0,0,0,0,0,0,0,0,0,0,0,0,0,0,0,0,0,0,0,0,0,0,0,0,0,0,0,0,0,0,0,0,0,0,0,0,0,0,0,0,0,0,0,0,0,0,0,0,0,0,0,0,0,0,0,0,0,0,0,0,0,0,0,0,0,0,0,0,0,0,0,0,0,0,0,0,0,0,0,0,0,0,0,0,0,0,0,0,0,0,0,0,0,0,0,0,0,0,0,0,0,0,0,0,0,0,0,0,0,0,0,0,0,0,0,0,0,0,0,0,0,0,0,0,0,0,0,0,0,0,0,0,0,0
699,0,0,0,0,0,0,0,0,0,0,0,0,0,0,0,0,0,0,0,0,0,0,0,0,0,0,0,0,0,0,0,0,0,0,0,0,0,0,0,0,0,0,0,0,0,0,0,0,0,0,0,0,0,0,0,0,0,0,0,0,0,0,0,0,0,0,0,0,0,0,0,0,0,0,0,0,0,0,0,0,0,0,0,0,0,0,0,0,0,0,0,0,0,0,0,0,0,0,0,0,0,0,0,0,0,0,0,0,0,0,0,0,0,0,0,0,0,0,0,0,0,0,0,0,0,0,0,0,0,0,0,0,0,0,0,0,0,0,0,0,0,0,0,0,0,0,0,0,0,0,0,0,0,0,0,0,0,0,0,0,0,0,0,0,0,0,0,0,0,0,0,0,0,0,0,0,0,0,0,0,0,0,0,0,0,0,0,0,0,0,0,0,0,0,0,0,0,0,0,0
701,7,0,0,3,9,0,3,0,14,0,0,0,15,0,0,19,358,39,17,15,429,6,4,7,440,17,0,458,63,9,3,0,77,0,0,0,77,20,0,100,0,0,0,0,0,0,0,0,0,0,0,4,422,49,17,21,513,6,4,7,520,45,0,562,96,9,3,0,110,4,0,4,113,5,0,121,34,9,0,0,44,3,3,5,52,3,0,54,4,0,0,0,4,0,0,0,4,0,0,3,0,0,0,4,4,3,0,3,6,0,0,7,135,17,7,4,165,8,4,10,177,8,0,187,7,0,0,0,3,0,0,0,3,0,0,3,0,0,0,0,0,0,0,0,0,0,0,0,5,0,0,0,3,0,0,0,3,0,0,3,139,17,6,4,170,8,4,10,182,8,0,189,21,3,0,0,26,0,0,0,25,8,0,33,0,0,0,0,0,0,0,0,0,0,0,0,161,21,6,4
702,0,0,0,0,3,0,0,0,3,3,0,3,9,0,0,9,66,7,0,0,78,6,0,6,83,12,0,96,13,9,0,0,20,0,0,0,22,21,0,47,0,0,0,0,0,0,0,0,0,0,0,3,81,15,0,0,98,6,0,4,108,36,0,141,4,3,0,0,11,0,0,0,8,0,0,8,0,3,0,0,3,0,0,0,3,0,0,3,0,0,0,0,0,0,0,0,0,0,0,0,0,0,0,0,0,0,0,0,0,0,0,0,9,10,0,0,13,0,0,0,16,0,0,12,0,0,0,0,0,0,0,0,0,0,0,3,0,0,0,0,0,0,0,0,0,0,0,0,0,0,0,0,0,0,0,0,0,0,0,3,9,10,0,0,12,0,0,0,13,4,0,17,4,0,0,0,7,0,0,0,7,8,0,14,0,0,0,0,0,0,0,0,0,0,0,0,10,6,0,0
797,0,0,0,0,0,0,0,0,0,0,0,0,0,0,0,0,0,0,0,0,0,0,0,0,0,0,0,0,0,0,0,0,0,0,0,0,0,0,0,0,0,0,0,0,0,0,0,0,0,0,0,0,0,0,0,0,0,0,0,0,0,0,0,0,0,0,0,0,0,0,0,0,0,0,0,0,0,0,0,0,0,0,0,0,0,0,0,0,0,0,0,0,0,0,0,0,0,0,0,0,0,0,0,0,0,0,0,0,0,0,0,0,0,0,0,0,0,0,0,0,0,0,0,0,0,0,0,0,0,0,0,0,0,0,0,0,0,0,0,0,0,0,0,0,0,0,0,0,0,0,0,0,0,0,0,0,0,0,0,0,0,0,0,0,0,0,0,0,0,0,0,0,0,0,0,0,0,0,0,0,0,0,0,0,0,0,0,0,0,0,0,0,0,0,0,0,0,0,0,0
799,0,0,0,0,0,0,0,0,0,0,0,0,0,0,0,0,0,0,0,0,0,0,0,0,0,0,0,0,0,0,0,0,0,0,0,0,0,0,0,0,0,0,0,0,0,0,0,0,0,0,0,0,0,0,0,0,0,0,0,0,0,0,0,0,0,0,0,0,0,0,0,0,0,0,0,0,0,0,0,0,0,0,0,0,0,0,0,0,0,0,0,0,0,0,0,0,0,0,0,0,0,0,0,0,0,0,0,0,0,0,0,0,0,0,0,0,0,0,0,0,0,0,0,0,0,0,0,0,0,0,0,0,0,0,0,0,0,0,0,0,0,0,0,0,0,0,0,0,0,0,0,0,0,0,0,0,0,0,0,0,0,0,0,0,0,0,0,0,0,0,0,0,0,0,0,0,0,0,0,0,0,0,0,0,0,0,0,0,0,0,0,0,0,0,0,0,0,0,0,0
801,28,3,0,32,47,5,4,0,55,6,0,4,60,5,0,69,2425,312,63,31,2828,48,9,64,2886,209,6,3098,316,52,9,4,387,14,3,16,402,98,3,503,3,0,0,0,10,0,0,0,10,0,3,12,2750,365,75,35,3218,66,11,77,3296,304,11,3614,706,90,15,3,822,15,3,19,840,73,0,917,337,61,9,3,407,10,0,10,411,43,0,456,22,3,14,0,48,0,0,0,44,6,0,54,3,0,0,8,8,0,0,0,8,0,0,8,1070,160,41,16,1287,18,3,25,1309,126,0,1437,10,0,0,0,10,3,0,3,12,0,0,18,10,3,0,0,14,0,0,0,15,0,0,15,24,3,3,0,29,3,0,4,30,0,0,30,1093,167,42,16,1310,22,9,32,1340,125,0,1471,167,33,6,0,203,0,0,0,211,88,0,297,0,0,0,0,0,0,0,0,0,0,3,3,1254,198,52,17
897,0,0,0,0,0,0,0,0,0,0,0,0,0,0,0,0,0,0,0,0,0,0,0,0,0,0,0,0,0,0,0,0,0,0,0,0,0,0,0,0,0,0,0,0,0,0,0,0,0,0,0,0,0,0,0,0,0,0,0,0,0,0,0,0,0,0,0,0,0,0,0,0,0,0,0,0,0,0,0,0,0,0,0,0,0,0,0,0,0,0,0,0,0,0,0,0,0,0,0,0,0,0,0,0,0,0,0,0,0,0,0,0,0,0,0,0,0,0,0,0,0,0,0,0,0,0,0,0,0,0,0,0,0,0,0,0,0,0,0,0,0,0,0,0,0,0,0,0,0,0,0,0,0,0,0,0,0,0,0,0,0,0,0,0,0,0,0,0,0,0,0,0,0,0,0,0,0,0,0,0,0,0,0,0,0,0,0,0,0,0,0,0,0,0,0,0,0,0,0,0
899,0,0,0,0,0,0,0,0,0,0,0,0,0,0,0,0,0,0,0,0,0,0,0,0,0,0,0,0,0,0,0,0,0,0,0,0,0,0,0,0,0,0,0,0,0,0,0,0,0,0,0,0,0,0,0,0,0,0,0,0,0,0,0,0,0,0,0,0,0,0,0,0,0,0,0,0,0,0,0,0,0,0,0,0,0,0,0,0,0,0,0,0,0,0,0,0,0,0,0,0,0,0,0,0,0,0,0,0,0,0,0,0,0,0,0,0,0,0,0,0,0,0,0,0,0,0,0,0,0,0,0,0,0,0,0,0,0,0,0,0,0,0,0,0,0,0,0,0,0,0,0,0,0,0,0,0,0,0,0,0,0,0,0,0,0,0,0,0,0,0,0,0,0,0,0,0,0,0,0,0,0,0,0,0,0,0,0,0,0,0,0,0,0,0,0,0,0,0,0,0
901,0,0,0,0,0,0,0,0,0,0,0,0,0,0,0,0,7,0,0,0,7,0,0,0,7,0,0,9,0,0,0,0,0,0,0,0,0,0,0,3,0,0,0,0,0,0,0,0,0,0,0,0,7,0,0,0,7,0,0,0,4,0,0,8,0,0,0,0,0,0,0,0,0,0,0,0,0,0,0,0,0,0,0,0,0,0,0,0,0,0,0,0,0,0,0,0,0,0,0,0,0,0,0,0,0,0,0,0,0,0,0,0,0,0,0,0,0,0,0,0,0,0,0,0,0,0,0,0,0,0,0,0,0,0,0,0,0,0,0,0,0,0,0,0,0,0,0,0,0,0,0,0,0,0,0,0,0,0,0,0,0,0,0,0,0,0,0,0,0,0,0,0,0,0,0,0,0,0,0,0,0,0,0,0,0,0,0,0,0,0,0,0,0,0,0,0,0,0,0,0
997,0,0,0,0,0,0,0,0,0,0,0,0,0,0,0,0,0,0,0,0,0,0,0,0,0,0,0,0,0,0,0,0,0,0,0,0,0,0,0,0,0,0,0,0,0,0,0,0,0,0,0,0,0,0,0,0,0,0,0,0,0,0,0,0,0,0,0,0,0,0,0,0,0,0,0,0,0,0,0,0,0,0,0,0,0,0,0,0,0,0,0,0,0,0,0,0,0,0,0,0,0,0,0,0,0,0,0,0,0,0,0,0,0,0,0,0,0,0,0,0,0,0,0,0,0,0,0,0,0,0,0,0,0,0,0,0,0,0,0,0,0,0,0,0,0,0,0,0,0,0,0,0,0,0,0,0,0,0,0,0,0,0,0,0,0,0,0,0,0,0,0,0,0,0,0,0,0,0,0,0,0,0,0,0,0,0,0,0,0,0,0,0,0,0,0,0,0,0,0,0
999,0,0,0,0,0,0,0,0,0,0,0,0,0,0,0,0,0,0,0,0,0,0,0,0,0,0,0,0,0,0,0,0,0,0,0,0,0,0,0,0,0,0,0,0,0,0,0,0,0,0,0,0,0,0,0,0,0,0,0,0,0,0,0,0,0,0,0,0,0,0,0,0,0,0,0,0,0,0,0,0,0,0,0,0,0,0,0,0,0,0,0,0,0,0,0,0,0,0,0,0,0,0,0,0,0,0,0,0,0,0,0,0,0,0,0,0,0,0,0,0,0,0,0,0,0,0,0,0,0,0,0,0,0,0,0,0,0,0,0,0,0,0,0,0,0,0,0,0,0,0,0,0,0,0,0,0,0,0,0,0,0,0,0,0,0,0,0,0,0,0,0,0,0,0,0,0,0,0,0,0,0,0,0,0,0,0,0,0,0,0,0,0,0,0,0,0,0,0,0,0