SOS_CODE_2016,FOL_Korean_NS,FOL_Korean_Tot,FOL_Macedonian_SEO,FOL_Macedonian_SOLSE_VWorW,FOL_Macedonian_SOLSE_NWorNAA,FOL_Macedonian_SOLSE_Tot,FOL_Macedonian_NS,FOL_Macedonian_Tot,FOL_Maltese_SEO,FOL_Maltese_SOLSE_VWorW,FOL_Maltese_SOLSE_NWorNAA,FOL_Maltese_SOLSE_Tot,FOL_Maltese_NS,FOL_Maltese_Tot,FOL_Persian_ED_SEO,FOL_Persian_ED_SOLSE_VWorW,FOL_Persian_ED_SOLSE_NWorNAA,FOL_Persian_ED_SOLSE_Tot,FOL_Persian_ED_NS,FOL_Persian_ED_Tot,FOL_Polish_SEO,FOL_Polish_SOLSE_VWorW,FOL_Polish_SOLSE_NWorNAA,FOL_Polish_SOLSE_Tot,FOL_Polish_NS,FOL_Polish_Tot,FOL_Russian_SEO,FOL_Russian_SOLSE_VWorW,FOL_Russian_SOLSE_NWorNAA,FOL_Russian_SOLSE_Tot,FOL_Russian_NS,FOL_Russian_Tot,FOL_Samoan_SEO,FOL_Samoan_SOLSE_VWorW,FOL_Samoan_SOLSE_NWorNAA,FOL_Samoan_SOLSE_Tot,FOL_Samoan_NS,FOL_Samoan_Tot,FOL_Serbian_SEO,FOL_Serbian_SOLSE_VWorW,FOL_Serbian_SOLSE_NWorNAA,FOL_Serbian_SOLSE_Tot,FOL_Serbian_NS,FOL_Serbian_Tot,FOL_SAL_Filipino_SEO,FOL_SAL_Filipino_SOLSE_VWorW,FOL_SAL_Filipin_SOLSE_NWorNAA,FOL_SAL_Filipino_SOLSE_Tot,FOL_SAL_Filipino_NS,FOL_SAL_Filipino_Tot,FOL_SAL_Indonesian_SEO,FOL_SAL_Indonesia_SOLSE_VWorW,FOL_SAL_Indones_SOLSE_NWorNAA,FOL_SAL_Indonesian_SOLSE_Tot,FOL_SAL_Indonesian_NS,FOL_SAL_Indonesian_Tot,FOL_SAL_Tagalog_SEO,FOL_SAL_Tagalog_SOLSE_VWorW,FOL_SAL_Tagalog_SOLSE_NWorNAA,FOL_SAL_Tagalog_SOLSE_Tot,FOL_SAL_Tagalog_NS,FOL_SAL_Tagalog_Tot,FOL_SAL_Oth_SEO,FOL_SAL_Oth_SOLSE_VWorW,FOL_SAL_Oth_SOLSE_NWorNAA,FOL_SAL_Oth_SOLSE_Tot,FOL_SAL_Oth_NS,FOL_SAL_Oth_Tot,FOL_SAL_Tot_SEO,FOL_SAL_Tot_SOLSE_VWorW,FOL_SAL_Tot_SOLSE_NWorNAA,FOL_SAL_Tot_SOLSE_Tot,FOL_SAL_Tot_NS,FOL_SAL_Tot_Tot,FOL_Spanish_SEO,FOL_Spanish_SOLSE_VWorW,FOL_Spanish_SOLSE_NWorNAA,FOL_Spanish_SOLSE_Tot,FOL_Spanish_NS,FOL_Spanish_Tot,FOL_Tamil_SEO,FOL_Tamil_SOLSE_VWorW,FOL_Tamil_SOLSE_NWorNAA,FOL_Tamil_SOLSE_Tot,FOL_Tamil_NS,FOL_Tamil_Tot,FOL_Thai_SEO,FOL_Thai_SOLSE_VWorW,FOL_Thai_SOLSE_NWorNAA,FOL_Thai_SOLSE_Tot,FOL_Thai_NS,FOL_Thai_Tot,FOL_Turkish_SEO,FOL_Turkish_SOLSE_VWorW,FOL_Turkish_SOLSE_NWorNAA,FOL_Turkish_SOLSE_Tot,FOL_Turkish_NS,FOL_Turkish_Tot,FOL_Vietnamese_SEO,FOL_Vietnamese_SOLSE_VWorW,FOL_Vietnamese_SOLSE_NWorNAA,FOL_Vietnamese_SOLSE_Tot,FOL_Vietnamese_NS,FOL_Vietnamese_Tot,FOL_Oth_SEO,FOL_Oth_SOLSE_VWorW,FOL_Oth_SOLSE_NWorNAA,FOL_Oth_SOLSE_Tot,FOL_Oth_NS,FOL_Oth_Tot,FOL_Tot_SEO,FOL_Tot_SOLSE_VWorW,FOL_Tot_SOLSE_NWorNAA,FOL_Tot_SOLSE_Tot,FOL_Tot_NS,FOL_Tot_Tot,F_LSatH_NS_SEO,F_LSatH_NS_SOLSE_VWorW,F_LSatH_NS_SOLSE_NWorNAA,F_LSatH_NS_SOLSE_Tot,F_LSatH_NS_NS,F_LSatH_NS_Tot,F_Tot_SEO,F_Tot_SOLSE_VWorW,F_Tot_SOLSE_NWorNAA,F_Tot_SOLSE_Tot,F_Tot_NS,F_Tot_Tot,PSEO_SEO,PSEO_SOLSE_VWorW,PSEO_SOLSE_NWorNAA,PSEO_SOLSE_Tot,PSEO_NS,PSEO_Tot,POL_Afrikaans_SEO,POL_Afrikaans_SOLSE_VWorW,POL_Afrikaans_SOLSE_NWorNAA,POL_Afrikaans_SOLSE_Tot,POL_Afrikaans_NS,POL_Afrikaans_Tot,POL_Arabic_SEO,POL_Arabic_SOLSE_VWorW,POL_Arabic_SOLSE_NWorNAA,POL_Arabic_SOLSE_Tot,POL_Arabic_NS,POL_Arabic_Tot,POL_AIndLng_SEO,POL_AIndLng_SOLSE_VWorW,POL_AIndLng_SOLSE_NWorNAA,POL_AIndLng_SOLSE_Tot,POL_AIndLng_NS,POL_AIndLng_Tot,POL_CL_Cantones_SEO,POL_CL_Cantones_SOLSE_VWorW,POL_CL_Cantones_SOLSE_NWorNAA,POL_CL_Cantones_SOLSE_Tot,POL_CL_Cantones_NS,POL_CL_Cantones_Tot,POL_CL_Mandarin_SEO,POL_CL_Mandarin_SOLSE_VWorW,POL_CL_Mandarin_SOLSE_NWorNAA,POL_CL_Mandarin_SOLSE_Tot,POL_CL_Mandarin_NS,POL_CL_Mandarin_Tot,POL_CL_Oth_SEO,POL_CL_Oth_SOLSE_VWorW,POL_CL_Oth_SOLSE_NWorNAA,POL_CL_Oth_SOLSE_Tot,POL_CL_Oth_NS,POL_CL_Oth_Tot,POL_CL_Tot_SEO,POL_CL_Tot_SOLSE_VWorW,POL_CL_Tot_SOLSE_NWorNAA,POL_CL_Tot_SOLSE_Tot,POL_CL_Tot_NS,POL_CL_Tot_Tot,POL_Croatian_SEO,POL_Croatian_SOLSE_VWorW,POL_Croatian_SOLSE_NWorNAA,POL_Croatian_SOLSE_Tot,POL_Croatian_NS,POL_Croatian_Tot,POL_Dutch_SEO,POL_Dutch_SOLSE_VWorW,POL_Dutch_SOLSE_NWorNAA,POL_Dutch_SOLSE_Tot,POL_Dutch_NS,POL_Dutch_Tot,POL_French_SEO,POL_French_SOLSE_VWorW,POL_French_SOLSE_NWorNAA,POL_French_SOLSE_Tot,POL_French_NS,POL_French_Tot,POL_German_SEO,POL_German_SOLSE_VWorW,POL_German_SOLSE_NWorNAA,POL_German_SOLSE_Tot,POL_German_NS,POL_German_Tot
SOS10,264,30664,..,10960,2782,13750,149,13899,..,4780,445,5231,73,5300,..,8148,1857,10010,95,10106,..,6347,824,7171,66,7240,..,8437,1659,10102,64,10161,..,7494,607,8106,174,8282,..,8547,1952,10499,102,10598,..,12364,370,12731,105,12840,..,13628,1721,15348,116,15464,..,23434,750,24182,246,24421,..,2792,169,2955,20,2980,..,52214,3001,55215,493,55706,..,26973,4144,31120,320,31433,..,12174,1339,13517,91,13606,..,10763,3544,14308,135,14440,..,8175,2227,10405,106,10512,..,33653,19871,53529,297,53826,..,87280,22015,109302,2156,111459,..,732178,181272,913454,8717,922173,..,6628,1500,8122,140943,149068,1625278,738804,182773,921576,149660,2696512,3224696,..,..,..,..,3224696,..,5519,83,5599,39,5637,..,162998,31421,194417,1820,196232,..,583,24,605,33,636,..,101469,37561,139032,691,139729,..,166603,66184,232789,1276,234066,..,12541,5077,17617,94,17713,..,280620,108823,389445,2066,391508,..,16632,2598,19234,183,19416,..,6099,152,6249,79,6320,..,19714,821,20535,188,20716,..,16669,507,17170,198,17374
SOS11,3,497,..,147,17,168,0,165,..,292,8,295,7,300,..,167,52,219,0,223,..,430,39,469,7,480,..,371,40,411,0,415,..,239,22,260,4,264,..,239,37,281,3,284,..,1055,24,1082,12,1094,..,350,24,371,0,374,..,1682,52,1725,32,1756,..,322,15,340,6,348,..,3406,118,3521,45,3566,..,1292,112,1406,12,1419,..,254,25,272,0,279,..,921,207,1122,17,1138,..,114,43,158,0,154,..,555,191,750,15,759,..,5820,1235,7055,195,7247,..,30579,5106,35689,622,36308,..,2042,129,2173,49820,51994,662454,32622,5237,37857,50444,750755,1281567,..,..,..,..,1281567,..,1462,24,1485,15,1497,..,1987,291,2276,39,2318,..,808,42,850,33,887,..,1681,748,2428,41,2472,..,2738,1520,4255,59,4311,..,212,98,312,5,322,..,4637,2364,7001,103,7100,..,823,98,926,15,938,..,1417,27,1446,16,1465,..,1868,92,1959,25,1979,..,3251,106,3358,59,3418
SOS12,0,22,..,17,0,16,0,17,..,37,0,37,0,37,..,7,3,7,0,7,..,45,0,42,0,42,..,27,3,32,0,32,..,13,0,13,0,13,..,24,3,28,0,28,..,60,0,68,0,68,..,32,0,34,0,34,..,90,0,93,0,93,..,9,0,9,0,9,..,198,5,203,0,205,..,134,5,140,0,140,..,11,0,15,0,15,..,52,19,69,0,74,..,4,0,4,0,4,..,36,0,36,0,37,..,333,58,395,13,409,..,2160,226,2388,46,2432,..,197,10,206,5051,5254,66785,2358,235,2594,5094,74476,133384,..,..,..,..,133384,..,88,3,89,0,89,..,148,8,156,0,164,..,135,11,146,8,151,..,75,53,127,0,130,..,159,72,229,7,233,..,13,0,12,0,12,..,245,128,368,7,379,..,67,4,73,0,72,..,163,3,170,3,170,..,192,6,198,0,199,..,384,15,396,6,403
SOS13,0,92,..,73,11,83,0,83,..,697,45,740,9,749,..,40,5,46,0,46,..,150,12,162,0,162,..,138,22,154,0,154,..,35,4,41,0,37,..,186,24,204,7,211,..,146,3,150,3,156,..,70,7,77,3,78,..,274,11,293,4,290,..,55,0,53,0,53,..,551,28,577,4,581,..,473,35,512,5,514,..,33,0,32,0,33,..,220,45,260,7,268,..,64,3,69,0,72,..,137,32,167,10,174,..,1263,190,1458,43,1497,..,10382,1343,11726,176,11901,..,661,43,707,21871,22583,232822,11044,1387,12432,22047,267300,479498,..,..,..,..,479498,..,498,5,507,0,503,..,1749,180,1933,15,1946,..,211,13,225,19,240,..,522,385,909,13,919,..,712,278,992,12,1002,..,74,30,102,0,102,..,1304,689,2001,27,2024,..,639,60,698,8,712,..,683,15,698,11,708,..,722,26,747,7,756,..,1729,28,1759,22,1783
SOS17,0,3,..,3,0,3,0,3,..,0,0,0,0,0,..,0,0,0,0,0,..,0,0,0,0,0,..,0,0,0,0,0,..,0,0,0,0,0,..,0,0,0,0,0,..,0,0,0,0,0,..,0,0,0,0,0,..,0,0,0,0,0,..,0,0,0,0,0,..,0,0,0,0,0,..,4,0,3,0,3,..,0,0,0,0,0,..,0,0,0,0,0,..,0,0,0,0,0,..,0,5,11,0,11,..,3,0,3,0,3,..,28,26,54,0,55,..,0,0,3,30,33,154,30,26,58,27,239,279,..,..,..,..,279,..,0,0,0,0,0,..,3,3,3,0,3,..,0,0,0,0,0,..,3,3,4,0,4,..,7,19,22,0,22,..,0,3,5,0,5,..,14,22,31,0,31,..,3,0,3,0,3,..,0,0,0,0,0,..,0,0,0,0,0,..,0,0,0,0,0
SOS19,0,20,..,3,0,3,0,3,..,6,0,6,0,6,..,6,0,6,0,6,..,4,0,4,0,4,..,11,0,11,0,11,..,18,0,18,0,18,..,3,0,3,0,3,..,17,0,17,0,17,..,10,0,13,0,13,..,16,0,16,0,16,..,8,0,8,0,8,..,53,0,52,0,52,..,41,3,43,0,43,..,3,0,3,0,3,..,11,7,18,0,18,..,6,0,6,0,6,..,27,14,38,0,38,..,97,26,123,0,124,..,670,146,819,9,821,..,13,3,21,1058,1072,3038,688,150,836,1061,4939,7212,..,..,..,..,7212,..,5,0,5,0,5,..,122,33,154,0,155,..,16,3,19,0,19,..,66,22,84,0,87,..,210,94,307,0,307,..,7,7,14,0,19,..,285,121,406,3,405,..,12,0,12,0,12,..,23,0,23,0,23,..,76,8,86,4,88,..,57,0,57,0,57
SOS20,64,7886,..,11580,2718,14303,145,14445,..,7017,615,7624,113,7733,..,5906,1465,7370,65,7435,..,6764,1105,7869,77,7942,..,7637,1785,9426,82,9510,..,4960,336,5298,101,5400,..,6591,1512,8103,84,8184,..,8673,245,8924,81,9003,..,7996,594,8591,57,8647,..,11383,336,11722,135,11854,..,3527,204,3732,29,3760,..,31586,1382,32961,300,33264,..,14979,2068,17049,147,17194,..,10330,1066,11399,100,11496,..,5469,1247,6717,55,6773,..,11660,3278,14946,151,15091,..,34720,19103,53827,404,54228,..,81362,24044,105402,1978,107388,..,595670,141934,737601,7464,745057,..,5431,1374,6808,115519,122324,1354180,601097,143304,744405,122984,2221565,2665680,..,..,..,..,2665680,..,4357,59,4410,24,4438,..,63093,11972,75066,816,75877,..,249,9,260,3,263,..,57673,18235,75909,444,76356,..,137891,46674,184566,1022,185587,..,13520,5165,18685,106,18791,..,209085,70075,279157,1568,280727,..,15786,2597,18384,223,18602,..,5916,170,6080,80,6159,..,16643,659,17304,150,17453,..,15157,439,15598,183,15783
SOS21,4,257,..,291,41,331,7,343,..,795,54,849,9,857,..,148,32,183,0,183,..,447,60,505,4,515,..,222,27,253,0,255,..,474,28,498,9,514,..,355,52,406,5,409,..,1063,38,1101,9,1112,..,338,21,357,9,366,..,1310,37,1342,8,1353,..,336,37,378,3,381,..,3046,134,3175,33,3207,..,851,96,945,11,953,..,271,24,295,3,299,..,517,124,643,16,652,..,523,166,689,5,693,..,543,327,872,13,887,..,5897,1779,7673,202,7877,..,30451,5985,36431,580,37007,..,1437,134,1570,35710,37281,469836,31890,6120,38006,36286,544123,908417,..,..,..,..,908417,..,763,14,781,5,784,..,2516,585,3104,43,3150,..,171,4,173,11,186,..,1012,371,1379,15,1393,..,3143,1641,4786,48,4837,..,328,136,465,0,463,..,4476,2149,6629,63,6697,..,1124,143,1267,6,1275,..,1446,26,1475,20,1493,..,1168,50,1216,23,1237,..,2350,60,2412,29,2445
SOS22,0,13,..,19,3,21,0,21,..,36,0,36,0,39,..,3,0,3,0,3,..,23,3,26,0,23,..,19,0,22,0,24,..,8,0,13,0,13,..,23,3,21,0,21,..,64,3,72,4,74,..,22,4,28,0,28,..,51,3,56,0,56,..,23,0,29,0,29,..,164,16,174,4,184,..,80,8,89,3,91,..,5,0,5,0,5,..,64,7,70,0,70,..,15,6,18,0,18,..,9,9,19,0,19,..,286,35,323,12,329,..,1533,188,1726,38,1757,..,141,7,142,3721,3867,43801,1672,194,1869,3758,49424,87699,..,..,..,..,87699,..,42,0,44,0,44,..,56,3,65,3,63,..,8,0,8,0,8,..,41,8,46,0,46,..,159,54,215,4,218,..,7,10,15,0,15,..,208,69,274,4,281,..,76,8,80,0,81,..,135,3,138,3,141,..,109,3,112,0,112,..,253,12,259,3,265
SOS23,0,34,..,180,25,207,3,206,..,322,12,340,6,345,..,12,0,12,0,12,..,170,7,180,0,186,..,76,13,90,0,93,..,50,3,54,0,54,..,107,13,113,0,117,..,240,10,248,0,253,..,67,3,71,0,70,..,212,4,217,3,224,..,63,0,63,0,63,..,580,20,603,3,612,..,215,22,242,5,245,..,55,8,64,0,64,..,161,24,184,0,184,..,120,28,149,0,148,..,115,63,175,4,179,..,1195,191,1384,32,1417,..,8402,1029,9424,144,9565,..,430,30,454,14353,14809,175812,8827,1054,9882,14496,200186,360793,..,..,..,..,360793,..,286,3,291,0,295,..,351,30,382,18,397,..,61,4,68,0,63,..,175,45,214,3,218,..,659,266,922,15,944,..,32,11,44,0,46,..,865,316,1181,22,1201,..,476,66,539,3,542,..,756,23,782,4,785,..,456,21,478,0,480,..,1147,26,1172,11,1187
SOS27,0,0,..,0,0,0,0,0,..,0,0,0,0,0,..,0,0,0,0,0,..,0,0,0,0,0,..,0,0,0,0,0,..,0,0,0,0,0,..,0,0,0,0,0,..,0,0,0,0,0,..,0,0,0,0,0,..,0,0,0,0,0,..,0,0,0,0,0,..,0,0,0,0,0,..,0,0,0,0,0,..,0,0,0,0,0,..,0,0,0,0,0,..,0,0,0,0,0,..,0,0,0,0,0,..,0,0,0,0,0,..,0,0,4,0,4,..,0,0,0,0,0,0,0,0,4,0,4,18,..,..,..,..,18,..,0,0,0,0,0,..,0,0,0,0,0,..,0,0,0,0,0,..,0,0,0,0,0,..,0,0,0,0,0,..,0,0,0,0,0,..,0,0,0,0,0,..,0,0,0,0,0,..,0,0,0,0,0,..,0,0,0,0,0,..,0,0,0,0,0
SOS29,0,17,..,4,0,4,0,4,..,0,0,4,0,4,..,4,3,9,0,9,..,3,0,3,0,3,..,9,3,15,0,15,..,4,0,8,0,8,..,3,0,3,0,3,..,6,0,6,0,10,..,5,0,5,0,5,..,9,0,9,0,9,..,0,0,0,0,0,..,20,0,20,0,24,..,22,4,27,0,27,..,3,0,4,0,4,..,6,0,5,0,5,..,11,3,13,0,13,..,39,16,50,3,53,..,100,46,146,3,147,..,507,178,686,9,692,..,11,0,17,699,709,1835,519,181,699,704,3238,4201,..,..,..,..,4201,..,3,0,3,0,3,..,50,47,98,0,98,..,0,4,7,0,7,..,47,16,62,0,62,..,136,76,211,3,213,..,11,9,14,0,14,..,191,98,290,3,292,..,5,0,5,0,5,..,17,0,17,0,17,..,25,0,25,0,25,..,28,4,32,0,32
SOS30,63,9467,..,554,72,628,11,636,..,415,12,423,14,438,..,2538,515,3053,23,3070,..,2334,222,2555,35,2585,..,2795,377,3172,23,3197,..,6772,496,7270,127,7400,..,1933,329,2261,18,2280,..,5000,142,5142,49,5188,..,2566,236,2808,32,2835,..,7968,222,8192,77,8268,..,1927,70,1993,16,2012,..,17455,678,18135,174,18307,..,8792,1167,9964,80,10040,..,2064,193,2257,17,2270,..,3737,789,4528,38,4564,..,702,113,815,0,820,..,8413,4302,12713,77,12789,..,37442,8152,45592,993,46584,..,210515,40170,250685,2697,253380,..,4036,521,4551,96261,100809,1306768,214550,40689,255234,98961,1660962,2567809,..,..,..,..,2567809,..,8824,122,8949,57,9001,..,10402,2381,12780,124,12904,..,2197,149,2346,92,2442,..,18503,5102,23600,139,23734,..,49810,15249,65065,331,65391,..,2885,1116,3995,28,4019,..,71191,21465,92659,491,93151,..,3103,404,3506,30,3536,..,4993,127,5117,43,5162,..,9329,479,9809,86,9893,..,11583,363,11948,120,12065
SOS31,3,494,..,22,0,18,0,18,..,157,13,170,6,174,..,91,5,98,0,98,..,197,16,220,3,224,..,208,19,228,4,230,..,155,3,153,4,160,..,74,3,79,6,85,..,1482,86,1569,24,1592,..,241,29,270,3,276,..,2046,106,2148,31,2180,..,345,22,372,4,375,..,4121,236,4360,64,4423,..,517,57,572,8,587,..,223,27,253,0,254,..,615,106,719,10,725,..,68,19,88,0,88,..,381,288,670,6,679,..,4260,724,4987,142,5124,..,22443,3520,25966,486,26453,..,1203,114,1319,30446,31759,379059,23641,3638,27280,30932,437270,746705,..,..,..,..,746705,..,2422,39,2466,17,2480,..,463,103,563,11,571,..,3381,342,3724,196,3920,..,602,237,837,13,851,..,1777,1099,2873,36,2903,..,99,74,174,0,176,..,2478,1404,3883,51,3934,..,224,23,249,7,249,..,958,28,986,9,998,..,1085,94,1181,8,1190,..,2215,78,2293,34,2326
SOS32,0,14,..,0,0,0,0,0,..,23,0,23,3,19,..,3,0,3,0,3,..,24,0,24,0,24,..,28,3,31,0,31,..,9,0,9,0,9,..,8,3,7,0,13,..,97,3,102,3,107,..,27,3,33,0,35,..,141,4,144,3,144,..,26,0,27,3,31,..,285,11,302,12,311,..,54,5,58,0,58,..,5,0,5,0,5,..,79,14,94,0,98,..,7,0,8,0,8,..,25,9,31,0,31,..,805,140,944,20,963,..,5131,597,5731,170,5900,..,213,38,253,5083,5328,59558,5346,632,5983,5247,70783,120382,..,..,..,..,120382,..,184,3,186,0,186,..,21,0,21,0,21,..,5361,677,6038,235,6277,..,31,11,37,3,43,..,110,42,158,3,163,..,5,3,13,0,13,..,148,58,204,5,209,..,34,3,36,0,36,..,191,7,200,3,201,..,147,10,159,3,155,..,429,9,443,3,442
SOS33,0,86,..,8,3,13,0,13,..,87,4,94,0,94,..,20,0,20,0,15,..,82,9,96,0,96,..,110,18,124,0,128,..,41,3,48,0,48,..,33,0,32,0,32,..,264,7,265,3,271,..,73,3,82,3,80,..,281,17,294,3,299,..,64,5,68,0,68,..,681,28,713,8,718,..,246,15,265,3,266,..,30,0,28,0,28,..,212,43,253,0,253,..,15,4,15,0,15,..,115,93,207,3,215,..,1151,193,1339,39,1380,..,6958,875,7832,153,7990,..,458,35,489,16113,16604,182027,7411,908,8323,16268,206625,376928,..,..,..,..,376928,..,814,14,828,10,840,..,114,9,130,0,128,..,648,86,739,76,810,..,191,35,231,3,228,..,553,229,777,19,795,..,18,12,35,0,33,..,766,275,1045,18,1062,..,168,18,179,4,182,..,724,10,736,7,744,..,601,27,625,7,635,..,1535,33,1569,12,1577
SOS37,0,0,..,0,0,0,0,0,..,0,0,0,0,0,..,0,0,0,0,0,..,0,0,0,0,0,..,0,0,0,0,0,..,0,0,0,0,0,..,0,0,0,0,0,..,0,0,0,0,0,..,0,0,0,0,0,..,0,0,0,0,0,..,0,0,0,0,0,..,0,0,0,0,0,..,3,0,3,0,3,..,0,0,0,0,0,..,5,0,5,0,5,..,0,0,0,0,0,..,0,0,0,0,0,..,0,0,0,0,0,..,10,0,10,0,10,..,3,0,3,8,15,56,15,0,15,8,87,110,..,..,..,..,110,..,0,0,0,0,0,..,0,0,0,0,0,..,0,0,0,0,0,..,0,0,0,0,0,..,0,0,0,0,0,..,0,0,0,0,0,..,0,0,0,0,0,..,3,0,3,0,3,..,0,0,0,0,0,..,0,0,0,0,0,..,0,0,0,0,0
SOS39,0,25,..,0,0,0,0,0,..,0,0,0,0,0,..,3,0,3,0,3,..,8,0,8,0,8,..,3,0,3,0,3,..,4,0,4,0,4,..,0,0,0,0,0,..,6,0,6,0,6,..,12,0,12,0,12,..,11,0,11,0,11,..,4,0,6,0,6,..,39,0,41,0,41,..,35,0,35,0,35,..,3,0,7,0,7,..,5,3,9,0,12,..,0,0,0,0,0,..,11,6,23,0,23,..,106,20,130,3,132,..,514,136,650,5,657,..,10,0,10,966,979,3934,528,136,658,978,5572,8697,..,..,..,..,8697,..,13,0,13,0,17,..,18,3,16,0,18,..,28,3,29,0,29,..,29,9,41,0,46,..,130,90,214,0,216,..,8,7,13,0,13,..,167,101,271,3,275,..,3,0,3,0,3,..,43,0,48,0,48,..,99,8,112,0,108,..,72,4,79,0,80
SOS40,16,1848,..,254,35,290,3,291,..,409,25,428,3,436,..,1626,531,2156,13,2171,..,2490,444,2932,21,2951,..,1399,295,1697,12,1709,..,58,3,61,0,58,..,1563,433,1999,16,2012,..,1746,37,1781,17,1798,..,781,110,892,4,896,..,2564,90,2657,29,2682,..,847,40,885,6,892,..,5943,267,6214,54,6269,..,2392,307,2697,28,2726,..,1075,84,1165,12,1171,..,904,210,1110,14,1121,..,218,24,248,3,246,..,6037,3321,9359,53,9411,..,16212,5397,21604,464,22068,..,102858,24451,127312,1358,128670,..,1571,314,1879,26278,28163,439109,104430,24762,129194,27638,595939,860512,..,..,..,..,860512,..,1572,19,1596,14,1614,..,7190,1730,8916,74,8988,..,608,29,639,29,671,..,7223,2098,9316,71,9391,..,21040,6150,27193,139,27333,..,1531,605,2135,11,2143,..,29793,8846,38640,223,38868,..,2332,355,2685,30,2718,..,1800,42,1840,14,1855,..,2067,108,2174,21,2191,..,4538,152,4694,40,4742
SOS41,0,53,..,14,0,11,0,11,..,13,0,13,0,17,..,46,7,54,0,51,..,128,10,139,0,142,..,64,10,73,0,73,..,13,3,14,4,17,..,40,3,47,0,46,..,382,9,395,9,397,..,61,4,67,0,68,..,467,26,498,0,493,..,78,5,79,0,85,..,993,47,1040,8,1050,..,166,17,181,3,185,..,58,7,62,0,62,..,122,33,156,0,154,..,30,20,48,0,48,..,142,91,225,4,228,..,1035,330,1373,34,1403,..,6731,1235,7967,114,8083,..,451,43,486,9077,9561,141801,7181,1277,8454,9188,159441,276416,..,..,..,..,276416,..,555,9,565,0,566,..,173,20,196,5,199,..,387,32,418,7,428,..,145,51,195,3,196,..,615,478,1097,14,1113,..,45,51,95,0,101,..,808,581,1387,15,1401,..,232,30,262,3,260,..,403,10,412,3,417,..,331,14,343,3,349,..,999,31,1033,18,1049
SOS42,0,5,..,3,0,4,0,4,..,6,0,6,0,6,..,0,0,0,0,0,..,13,3,11,0,11,..,3,4,4,0,4,..,0,0,0,0,0,..,6,0,9,0,9,..,43,0,43,0,43,..,5,0,4,0,4,..,37,0,37,0,36,..,3,0,3,0,3,..,92,0,90,0,92,..,0,0,0,0,0,..,0,0,0,0,0,..,15,10,21,0,22,..,4,0,4,0,4,..,24,21,43,0,42,..,77,18,92,0,95,..,1253,231,1482,23,1506,..,62,3,64,1652,1711,23434,1319,231,1546,1669,26655,47226,..,..,..,..,47226,..,48,0,48,0,48,..,14,0,13,0,14,..,1250,277,1529,13,1545,..,28,6,32,0,37,..,62,46,110,0,107,..,0,4,5,0,5,..,92,59,149,0,153,..,25,0,26,0,26,..,72,0,72,0,75,..,36,0,36,0,34,..,129,7,133,4,136
SOS43,0,15,..,8,0,9,0,9,..,12,0,12,0,12,..,10,0,10,0,10,..,48,3,44,0,49,..,33,9,43,0,43,..,0,0,0,0,0,..,24,0,26,0,26,..,69,3,68,0,68,..,27,3,26,0,30,..,65,4,67,3,76,..,22,3,30,0,30,..,182,9,195,4,197,..,55,5,55,0,55,..,0,0,0,0,0,..,37,8,41,0,41,..,24,11,37,0,37,..,174,159,329,3,334,..,348,79,423,7,433,..,2773,537,3312,57,3367,..,156,6,165,4178,4341,59784,2932,542,3475,4237,67492,125443,..,..,..,..,125443,..,131,5,131,0,131,..,65,14,77,3,79,..,643,57,703,31,735,..,29,5,32,0,31,..,120,53,172,4,178,..,11,3,17,0,17,..,159,62,218,5,230,..,62,3,65,0,65,..,195,0,194,3,199,..,126,9,132,0,128,..,491,11,503,8,510
SOS47,0,0,..,0,0,0,0,0,..,0,0,0,0,0,..,0,0,0,0,0,..,0,0,0,0,0,..,0,0,0,0,0,..,0,0,0,0,0,..,0,0,0,0,0,..,0,0,0,0,0,..,0,0,0,0,0,..,0,0,0,0,0,..,0,0,0,0,0,..,0,0,0,0,0,..,0,0,0,0,0,..,0,0,0,0,0,..,0,0,0,0,0,..,0,0,0,0,0,..,0,0,0,0,0,..,0,0,0,0,0,..,0,0,0,0,0,..,0,0,0,0,0,0,0,0,0,0,0,0,..,..,..,..,0,..,0,0,0,0,0,..,0,0,0,0,0,..,0,0,0,0,0,..,0,0,0,0,0,..,0,0,0,0,0,..,0,0,0,0,0,..,0,0,0,0,0,..,0,0,0,0,0,..,0,0,0,0,0,..,0,0,0,0,0,..,0,0,0,0,0
SOS49,0,4,..,0,0,0,0,0,..,0,0,0,0,0,..,3,0,3,0,3,..,0,0,0,0,0,..,3,0,3,0,3,..,0,0,0,0,0,..,0,0,0,0,0,..,3,0,3,0,3,..,0,0,0,0,0,..,5,0,5,0,5,..,0,0,0,0,0,..,12,0,12,0,12,..,0,0,4,0,4,..,3,0,3,0,3,..,3,0,3,0,3,..,0,0,0,0,0,..,4,0,4,0,4,..,19,8,22,0,22,..,111,37,147,3,150,..,8,0,7,196,208,769,125,34,154,197,1129,1933,..,..,..,..,1933,..,3,0,3,0,3,..,10,0,10,0,10,..,20,0,15,0,22,..,9,7,12,0,12,..,16,27,48,0,48,..,3,3,5,0,5,..,29,36,64,0,63,..,0,0,0,0,0,..,3,0,3,0,3,..,10,0,10,3,9,..,21,0,21,0,21
SOS50,18,3329,..,2414,408,2821,28,2848,..,179,11,192,0,193,..,2597,520,3120,13,3129,..,2716,287,3011,32,3038,..,1608,201,1814,8,1818,..,339,25,364,5,367,..,2067,366,2435,34,2462,..,4137,151,4293,42,4331,..,5114,511,5621,35,5661,..,6266,259,6522,67,6595,..,3173,224,3399,36,3427,..,18689,1146,19830,179,20012,..,4449,503,4949,50,5000,..,2761,338,3102,29,3130,..,3066,554,3619,33,3646,..,610,174,782,4,788,..,6683,3466,10144,70,10216,..,30069,6466,36535,686,37222,..,167116,30763,197880,2032,199913,..,2422,356,2778,53235,56010,691457,169537,31123,200661,55267,947382,1371373,..,..,..,..,1371373,..,10757,171,10930,76,11004,..,11143,2366,13512,156,13673,..,652,24,683,29,709,..,14738,3938,18676,96,18769,..,34440,10742,45189,243,45430,..,3409,758,4169,26,4195,..,52586,15436,68028,364,68391,..,4505,595,5100,52,5148,..,3919,83,4008,43,4049,..,7993,354,8348,85,8432,..,6973,217,7190,84,7269
SOS51,0,176,..,66,6,68,0,75,..,4,0,4,4,10,..,56,13,66,0,69,..,213,17,223,4,229,..,90,18,109,0,110,..,42,3,42,0,42,..,49,4,51,0,51,..,946,36,981,7,989,..,356,23,379,3,385,..,1201,51,1250,22,1268,..,542,98,639,7,644,..,3045,207,3251,43,3295,..,268,11,280,3,284,..,123,8,134,3,137,..,573,85,659,12,668,..,11,4,17,0,17,..,201,109,304,6,312,..,2206,395,2599,68,2666,..,13418,1665,15082,288,15367,..,559,50,610,14846,15459,150812,13977,1717,15691,15130,181632,300035,..,..,..,..,300035,..,2293,42,2335,17,2351,..,272,35,307,0,307,..,1866,90,1956,111,2071,..,317,92,412,5,415,..,1084,515,1597,18,1613,..,67,36,101,0,102,..,1471,639,2109,19,2134,..,175,13,189,3,189,..,553,25,571,12,586,..,700,34,732,10,743,..,1067,33,1103,19,1114
SOS52,0,15,..,0,0,0,0,0,..,7,0,7,0,7,..,4,0,4,0,4,..,20,0,18,0,21,..,13,0,13,0,13,..,8,0,8,0,8,..,8,0,8,0,8,..,124,4,131,0,132,..,20,3,24,0,24,..,135,0,142,3,145,..,30,0,30,0,30,..,315,10,331,6,333,..,23,0,26,3,25,..,6,0,6,0,6,..,49,6,49,0,53,..,0,0,0,0,0,..,15,8,20,0,20,..,233,28,259,14,269,..,3218,376,3591,124,3707,..,91,22,113,3092,3204,25369,3310,397,3703,3212,32279,51471,..,..,..,..,51471,..,180,6,186,0,186,..,26,0,30,0,30,..,3683,467,4156,190,4344,..,17,9,29,3,30,..,110,81,184,0,187,..,14,3,13,0,13,..,135,91,224,3,227,..,26,3,24,0,24,..,125,3,125,4,132,..,78,3,84,0,85,..,168,7,173,0,180
SOS53,0,14,..,26,4,30,0,30,..,4,0,4,0,4,..,6,0,8,0,8,..,59,3,59,0,59,..,37,0,38,0,38,..,3,0,3,0,3,..,15,0,14,0,14,..,88,5,93,0,90,..,66,3,69,0,69,..,103,3,104,0,104,..,43,0,43,0,43,..,296,13,305,0,308,..,83,4,85,0,85,..,11,0,11,0,11,..,110,15,126,4,132,..,4,0,4,0,4,..,99,84,183,0,183,..,469,63,538,21,557,..,4350,504,4856,114,4963,..,170,12,178,6283,6467,60822,4515,523,5038,6399,72257,134030,..,..,..,..,134030,..,632,11,645,9,655,..,93,14,107,5,116,..,2661,308,2968,123,3088,..,82,17,103,0,103,..,386,131,519,5,519,..,30,7,42,0,42,..,500,161,656,5,660,..,168,11,184,4,190,..,309,5,313,0,313,..,270,12,287,6,286,..,687,13,702,11,710
SOS57,0,0,..,0,0,0,0,0,..,0,0,0,0,0,..,0,0,0,0,0,..,0,0,0,0,0,..,3,0,3,0,3,..,0,0,0,0,0,..,0,0,0,0,0,..,0,0,0,0,0,..,0,0,0,0,0,..,0,0,0,0,0,..,0,0,0,0,0,..,0,0,0,0,0,..,0,0,0,0,0,..,0,0,0,0,0,..,0,0,0,0,0,..,0,0,0,0,0,..,0,0,0,0,0,..,0,0,0,0,0,..,3,0,3,0,3,..,0,0,0,8,8,14,3,0,3,8,26,309,..,..,..,..,309,..,0,0,0,0,0,..,0,0,0,0,0,..,0,0,0,0,0,..,0,0,0,0,0,..,8,0,8,0,8,..,0,0,0,0,0,..,8,0,8,0,8,..,0,0,0,0,0,..,0,0,0,0,0,..,0,0,0,0,0,..,3,0,3,0,3
SOS59,0,3,..,0,0,0,0,0,..,0,0,0,0,0,..,0,0,0,0,0,..,5,0,5,0,5,..,5,0,5,0,5,..,0,0,0,0,0,..,0,0,0,0,0,..,3,0,3,0,3,..,4,0,4,0,4,..,3,0,8,0,8,..,6,0,6,0,6,..,14,3,18,0,18,..,9,0,9,0,9,..,0,0,0,0,0,..,0,0,0,0,0,..,0,0,0,0,0,..,0,0,4,0,4,..,47,3,47,0,51,..,235,40,268,9,281,..,3,0,8,575,582,1559,240,40,275,578,2415,3819,..,..,..,..,3819,..,12,0,12,0,12,..,4,0,4,0,4,..,32,0,32,0,35,..,14,10,21,0,25,..,49,38,82,4,87,..,6,0,6,0,6,..,62,45,109,3,114,..,0,0,0,0,3,..,22,4,27,0,27,..,40,5,49,0,49,..,40,0,46,0,46
SOS60,0,150,..,3,0,3,0,3,..,3,0,3,0,3,..,91,61,149,0,149,..,232,31,266,4,268,..,64,5,69,0,69,..,7,0,7,0,7,..,49,7,53,0,51,..,97,0,97,0,97,..,52,9,60,0,60,..,182,3,189,3,189,..,82,0,82,0,82,..,417,10,430,3,435,..,231,28,262,5,268,..,83,7,84,0,84,..,149,27,176,3,174,..,21,7,27,0,27,..,111,42,151,6,152,..,938,306,1238,33,1269,..,6930,1328,8261,108,8369,..,234,16,253,4946,5196,78481,7171,1345,8514,5051,92047,151512,..,..,..,..,151512,..,155,4,158,0,155,..,444,92,534,0,533,..,32,0,32,0,32,..,520,120,637,4,644,..,2273,445,2716,21,2735,..,173,46,215,8,219,..,2961,610,3570,29,3598,..,176,24,203,0,203,..,281,3,286,3,293,..,416,12,427,3,427,..,636,10,646,10,657
SOS61,0,64,..,4,0,4,0,4,..,3,0,4,0,4,..,50,91,147,0,147,..,70,3,77,0,77,..,46,11,56,0,56,..,7,0,7,0,7,..,10,0,14,0,14,..,97,3,97,0,97,..,46,0,51,0,51,..,202,6,204,6,213,..,50,0,54,0,56,..,399,9,411,9,418,..,119,14,138,0,138,..,51,4,56,0,55,..,105,18,124,0,120,..,5,0,8,0,8,..,64,23,88,3,89,..,585,192,773,17,794,..,3464,806,4271,50,4328,..,296,14,310,6263,6570,93809,3761,823,4584,6317,104702,180287,..,..,..,..,180287,..,117,0,119,0,119,..,221,37,257,7,267,..,23,0,23,0,20,..,203,68,272,8,279,..,795,183,976,13,990,..,33,8,45,0,45,..,1035,265,1295,20,1316,..,43,3,46,0,46,..,332,8,340,0,343,..,196,10,209,3,207,..,379,7,388,9,397
SOS62,0,3,..,0,0,0,0,0,..,0,0,0,0,0,..,0,0,0,0,0,..,10,0,9,0,9,..,8,0,8,0,8,..,0,0,0,0,0,..,0,0,0,0,0,..,16,0,16,0,18,..,12,0,12,0,12,..,19,0,19,0,19,..,7,0,7,0,7,..,57,0,56,0,54,..,8,0,9,0,9,..,3,0,3,0,3,..,10,3,14,0,14,..,3,0,3,0,3,..,3,0,3,0,3,..,58,8,62,4,66,..,360,32,390,8,398,..,27,0,31,1076,1100,14069,385,31,422,1082,15573,28089,..,..,..,..,28089,..,28,4,30,0,30,..,12,0,16,0,16,..,0,0,0,0,0,..,12,0,10,0,8,..,35,8,50,0,50,..,3,0,3,0,3,..,47,9,60,0,63,..,6,3,10,0,10,..,51,0,54,0,54,..,50,0,49,0,55,..,113,3,118,3,121
SOS63,0,34,..,0,0,0,0,0,..,0,0,0,0,0,..,0,0,0,0,0,..,32,4,40,0,40,..,36,3,40,0,45,..,0,0,0,0,0,..,0,0,0,0,0,..,28,0,28,0,28,..,12,0,17,0,17,..,48,3,50,0,50,..,10,0,10,0,10,..,100,8,106,0,106,..,62,3,69,0,69,..,3,0,3,0,3,..,25,5,29,0,29,..,7,0,7,0,7,..,10,0,10,0,9,..,195,33,224,3,231,..,1161,93,1256,17,1274,..,100,0,98,2984,3084,43386,1256,97,1353,3000,47741,89793,..,..,..,..,89793,..,62,5,63,0,63,..,16,0,19,0,19,..,14,0,12,0,15,..,30,3,33,3,29,..,134,43,181,4,184,..,4,3,7,0,7,..,168,49,214,9,218,..,10,0,11,0,11,..,207,0,209,3,217,..,124,3,123,0,123,..,379,12,394,3,396
SOS67,0,0,..,0,0,0,0,0,..,0,0,0,0,0,..,0,0,0,0,0,..,0,0,0,0,0,..,0,0,0,0,0,..,0,0,0,0,0,..,0,0,0,0,0,..,0,0,0,0,0,..,0,0,0,0,0,..,0,0,0,0,0,..,0,0,0,0,0,..,0,0,0,0,0,..,0,0,0,0,0,..,0,0,0,0,0,..,0,0,0,0,0,..,0,0,0,0,0,..,0,0,0,0,0,..,0,0,0,0,0,..,0,0,0,0,0,..,0,0,0,0,0,18,0,0,0,0,21,60,..,..,..,..,60,..,0,0,0,0,0,..,0,0,0,0,0,..,0,0,0,0,0,..,0,0,3,0,3,..,0,0,0,0,0,..,0,0,0,0,0,..,0,0,3,0,3,..,0,0,0,0,0,..,0,0,0,0,0,..,0,0,0,0,0,..,0,0,0,0,0
SOS69,0,0,..,0,0,0,0,0,..,0,0,0,0,0,..,0,0,0,0,0,..,0,0,0,0,0,..,0,0,0,0,0,..,0,0,0,0,0,..,0,0,0,0,0,..,0,0,0,0,0,..,0,0,0,0,0,..,0,0,0,0,0,..,0,0,0,0,0,..,0,0,0,0,0,..,3,0,3,0,3,..,0,0,0,0,0,..,0,0,0,0,0,..,0,0,0,0,0,..,0,0,0,0,0,..,7,0,6,0,6,..,23,5,34,0,31,..,3,0,3,55,59,300,29,5,38,56,393,680,..,..,..,..,680,..,0,0,0,0,0,..,0,0,0,0,0,..,0,0,0,0,0,..,0,3,7,0,7,..,8,3,15,0,12,..,0,0,3,0,3,..,14,8,18,0,23,..,0,0,0,0,0,..,4,0,4,0,4,..,4,0,4,0,4,..,3,0,3,0,3
SOS70,0,131,..,8,0,8,0,8,..,3,0,3,0,3,..,45,9,51,0,51,..,36,3,43,0,43,..,56,5,67,0,67,..,13,0,13,0,13,..,21,0,25,0,25,..,853,29,883,18,895,..,529,69,591,3,599,..,1296,51,1342,15,1359,..,313,41,350,3,351,..,2977,187,3164,41,3201,..,154,14,169,0,166,..,193,26,219,0,219,..,347,102,446,7,455,..,11,7,17,0,17,..,319,118,433,0,433,..,1714,331,2051,48,2100,..,11551,1819,13368,166,13537,..,161,22,182,5504,5685,37194,11713,1841,13554,5668,56416,77878,..,..,..,..,77878,..,184,3,184,0,184,..,251,16,265,3,273,..,935,91,1028,43,1071,..,479,162,635,6,645,..,1299,484,1783,15,1798,..,461,135,601,3,607,..,2240,782,3021,22,3044,..,27,3,31,0,32,..,133,4,137,0,137,..,394,39,439,8,441,..,495,16,511,0,509
SOS71,0,26,..,4,0,4,0,4,..,3,0,3,0,3,..,8,0,11,0,11,..,7,0,7,0,10,..,9,0,9,0,9,..,37,3,39,0,43,..,0,0,0,0,0,..,167,3,167,4,173,..,26,0,32,0,32,..,195,8,211,8,212,..,30,0,32,0,34,..,422,21,438,11,451,..,39,3,46,0,46,..,8,0,8,0,8,..,57,13,64,0,64,..,0,0,0,0,0,..,37,16,46,0,46,..,647,72,725,21,741,..,7278,1156,8431,234,8664,..,131,27,155,2730,2889,12378,7411,1181,8591,2967,23934,24870,..,..,..,..,24870,..,82,0,82,3,85,..,74,3,79,0,79,..,10143,1916,12064,358,12426,..,53,16,68,0,67,..,178,81,254,0,254,..,23,7,33,0,33,..,255,103,355,0,358,..,6,0,4,0,4,..,51,0,51,0,52,..,80,3,87,4,83,..,143,4,150,0,150
SOS72,0,8,..,0,0,0,0,0,..,0,0,0,0,0,..,0,0,0,0,0,..,3,0,3,0,3,..,0,0,0,0,0,..,0,0,0,0,0,..,0,0,0,0,0,..,14,0,14,0,16,..,17,4,16,0,16,..,20,0,18,0,18,..,3,0,3,4,10,..,54,3,60,3,63,..,11,0,9,0,9,..,3,0,3,0,3,..,21,3,29,0,29,..,0,0,0,0,0,..,10,0,14,0,14,..,105,16,118,10,132,..,7271,874,8141,224,8366,..,67,35,105,1118,1223,3666,7334,910,8244,1338,13250,7679,..,..,..,..,7679,..,23,0,23,0,23,..,3,0,3,0,3,..,13155,1788,14938,382,15326,..,3,0,3,0,3,..,35,16,48,0,48,..,5,0,9,0,9,..,39,19,58,0,58,..,0,0,0,0,0,..,10,0,10,0,10,..,28,0,28,0,28,..,31,0,32,0,29
SOS73,0,10,..,0,0,0,0,0,..,0,0,0,0,0,..,0,0,0,0,0,..,3,0,3,0,7,..,3,0,3,0,3,..,0,0,0,0,0,..,0,0,0,0,0,..,32,0,35,0,35,..,32,5,35,0,37,..,37,0,37,0,38,..,14,0,9,0,9,..,112,13,126,3,125,..,16,0,15,0,15,..,0,0,0,0,0,..,43,10,51,0,51,..,3,0,3,0,3,..,61,71,134,3,132,..,139,21,165,8,174,..,3121,492,3614,81,3697,..,31,12,41,2201,2241,9549,3155,510,3658,2284,15494,20811,..,..,..,..,20811,..,10,0,10,0,10,..,9,0,11,0,11,..,5018,676,5702,152,5849,..,8,3,14,0,14,..,42,15,54,0,54,..,13,5,11,0,11,..,59,18,83,0,83,..,5,0,5,0,5,..,33,0,33,0,35,..,53,8,63,0,64,..,119,3,123,0,124
SOS77,0,0,..,0,0,0,0,0,..,0,0,0,0,0,..,0,0,0,0,0,..,0,0,0,0,0,..,0,0,0,0,0,..,0,0,0,0,0,..,0,0,0,0,0,..,0,0,0,0,0,..,0,0,0,0,0,..,0,0,0,0,0,..,0,0,0,0,0,..,0,0,0,0,0,..,0,0,0,0,0,..,0,0,0,0,0,..,0,0,0,0,0,..,0,0,0,0,0,..,0,0,0,0,0,..,0,0,0,0,0,..,4,0,3,0,3,..,0,0,0,4,4,10,4,0,3,4,14,27,..,..,..,..,27,..,0,0,0,0,0,..,0,0,0,0,0,..,0,0,0,0,0,..,0,0,0,0,0,..,0,0,0,0,0,..,0,0,0,0,0,..,0,0,0,0,0,..,0,0,0,0,0,..,0,0,0,0,0,..,0,0,0,0,0,..,0,0,0,0,0
SOS79,0,0,..,0,0,0,0,0,..,0,0,0,0,0,..,0,0,0,0,0,..,0,0,0,0,0,..,0,0,0,0,0,..,3,0,3,0,3,..,0,0,0,0,0,..,0,0,0,0,0,..,0,0,0,0,0,..,0,0,0,0,0,..,0,0,0,0,0,..,4,0,4,0,4,..,4,0,4,0,4,..,0,0,0,0,0,..,3,0,3,0,3,..,0,0,0,0,0,..,0,0,0,0,0,..,26,0,26,0,26,..,179,29,206,13,218,..,27,12,41,255,296,642,209,40,241,268,1157,1364,..,..,..,..,1364,..,3,0,3,0,3,..,0,0,0,0,0,..,223,54,272,15,290,..,0,0,0,0,0,..,6,3,8,0,8,..,0,0,3,0,3,..,12,3,10,0,10,..,0,0,0,0,0,..,18,0,18,0,18,..,14,0,14,0,20,..,18,0,18,0,22
SOS80,13,1218,..,269,36,306,0,304,..,84,0,89,0,88,..,384,52,436,5,441,..,524,60,587,8,596,..,456,52,512,0,517,..,232,13,249,3,258,..,476,81,556,9,561,..,751,7,757,4,762,..,651,54,706,0,710,..,976,20,999,7,1010,..,281,10,296,4,297,..,2656,100,2755,24,2779,..,1583,175,1756,6,1763,..,829,68,901,12,906,..,585,121,704,4,709,..,122,17,135,4,134,..,1746,529,2276,17,2293,..,6212,1092,7305,144,7449,..,39018,5677,44701,419,45117,..,413,62,477,9989,10463,145337,39435,5741,45175,10405,200914,287716,..,..,..,..,287716,..,639,11,645,3,649,..,2543,448,2990,35,3029,..,121,3,125,0,124,..,3130,702,3834,17,3854,..,10165,2161,12333,57,12386,..,731,220,946,0,953,..,14028,3083,17109,83,17187,..,2041,219,2254,15,2272,..,563,13,579,3,585,..,1958,63,2019,24,2045,..,1852,34,1891,15,1905
SOS82,0,0,..,0,0,0,0,0,..,0,0,0,0,0,..,0,0,0,0,0,..,0,0,0,0,0,..,0,0,0,0,0,..,0,0,0,0,0,..,0,0,0,0,0,..,0,0,0,0,0,..,0,0,0,0,0,..,0,0,0,0,0,..,0,0,0,0,0,..,0,0,0,0,0,..,0,0,0,0,0,..,0,0,0,0,0,..,0,0,0,0,0,..,0,0,0,0,0,..,0,0,0,0,0,..,0,0,0,0,0,..,8,0,8,0,8,..,0,0,0,7,7,131,8,0,8,7,140,258,..,..,..,..,258,..,0,0,0,0,0,..,0,0,0,0,0,..,0,0,0,0,0,..,0,0,0,0,0,..,0,0,0,0,0,..,0,0,0,0,0,..,0,0,0,0,0,..,0,0,0,0,0,..,0,0,0,0,0,..,0,0,0,0,0,..,0,0,0,0,0
SOS83,0,0,..,0,0,0,0,0,..,0,0,0,0,0,..,0,0,0,0,0,..,0,0,0,0,0,..,0,0,0,0,0,..,0,0,0,0,0,..,0,0,0,0,0,..,0,0,0,0,0,..,0,0,0,0,0,..,0,0,0,0,0,..,0,0,0,0,0,..,0,0,0,0,0,..,4,0,4,0,4,..,0,0,0,0,0,..,0,0,0,0,0,..,0,0,0,0,0,..,0,0,0,0,0,..,3,0,3,0,3,..,17,0,17,0,17,..,0,0,0,36,40,312,23,0,23,36,368,665,..,..,..,..,665,..,0,0,0,0,0,..,0,0,0,0,0,..,0,0,0,0,0,..,0,0,0,0,0,..,5,0,5,0,5,..,0,0,0,0,0,..,5,0,5,0,5,..,0,0,0,0,0,..,0,0,0,0,0,..,0,0,0,0,0,..,10,0,10,0,10
SOS87,0,0,..,0,0,0,0,0,..,0,0,0,0,0,..,0,0,0,0,0,..,0,0,0,0,0,..,0,0,0,0,0,..,0,0,0,0,0,..,0,0,0,0,0,..,0,0,0,0,0,..,0,0,0,0,0,..,0,0,0,0,0,..,0,0,0,0,0,..,0,0,0,0,0,..,0,0,0,0,0,..,0,0,0,0,0,..,0,0,0,0,0,..,0,0,0,0,0,..,0,0,0,0,0,..,0,0,0,0,0,..,0,0,0,0,0,..,0,0,0,0,0,0,0,0,0,0,0,0,..,..,..,..,0,..,0,0,0,0,0,..,0,0,0,0,0,..,0,0,0,0,0,..,0,0,0,0,0,..,0,0,0,0,0,..,0,0,0,0,0,..,0,0,0,0,0,..,0,0,0,0,0,..,0,0,0,0,0,..,0,0,0,0,0,..,0,0,0,0,0
SOS89,0,0,..,0,0,0,0,0,..,0,0,0,0,0,..,0,0,0,0,0,..,0,0,0,0,0,..,0,0,0,0,0,..,0,0,0,0,0,..,0,0,0,0,0,..,0,0,3,0,3,..,0,0,0,0,0,..,0,0,0,0,0,..,0,0,0,0,0,..,0,0,6,0,6,..,0,0,0,0,3,..,0,0,0,0,0,..,0,0,0,0,0,..,0,0,0,0,0,..,0,0,0,0,0,..,6,0,6,0,6,..,31,10,42,0,41,..,3,0,3,30,32,160,31,10,41,26,228,355,..,..,..,..,355,..,0,0,0,0,0,..,10,3,9,0,15,..,3,0,3,0,3,..,3,0,4,0,4,..,15,3,14,0,14,..,0,0,0,0,0,..,16,4,20,0,20,..,0,0,0,0,0,..,0,0,0,0,0,..,0,0,0,0,0,..,0,0,0,0,0
SOS91,0,0,..,0,0,0,0,0,..,0,0,0,0,0,..,0,0,0,0,0,..,0,0,0,0,0,..,0,0,0,0,0,..,0,0,0,0,0,..,0,0,0,0,0,..,0,0,0,0,0,..,0,3,3,0,3,..,5,0,5,0,5,..,107,36,145,5,152,..,120,41,159,5,163,..,0,0,0,0,0,..,4,0,0,0,0,..,3,0,4,0,4,..,0,0,0,0,0,..,0,3,4,0,4,..,4,0,4,0,4,..,276,116,390,4,396,..,0,0,0,105,105,215,276,116,390,108,710,503,..,..,..,..,503,..,12,0,13,0,13,..,0,0,0,0,0,..,0,0,0,0,0,..,52,18,67,0,67,..,182,134,312,0,312,..,14,15,36,0,36,..,248,171,421,0,421,..,0,0,0,0,0,..,3,0,3,0,3,..,3,0,3,0,3,..,3,0,3,0,3
SOS92,0,0,..,0,0,0,0,0,..,0,0,0,0,0,..,0,0,0,0,0,..,0,0,0,0,0,..,0,0,0,0,0,..,0,0,0,0,0,..,0,0,0,0,0,..,4,0,10,0,10,..,0,0,0,0,0,..,8,0,7,0,7,..,104,85,184,8,193,..,120,83,200,8,210,..,0,0,0,0,0,..,0,0,0,0,0,..,0,0,4,0,4,..,0,0,0,0,0,..,0,0,0,0,0,..,163,0,169,5,173,..,307,89,394,11,403,..,7,5,7,46,58,297,309,96,402,55,752,624,..,..,..,..,624,..,3,0,3,0,3,..,0,0,0,0,0,..,9,0,9,0,9,..,0,0,0,0,0,..,15,0,12,0,12,..,0,0,0,0,0,..,14,0,17,0,17,..,0,0,0,0,0,..,0,0,0,0,0,..,0,0,0,0,0,..,3,0,3,0,3
SOS93,0,0,..,0,0,0,0,0,..,0,0,0,0,0,..,0,0,0,0,0,..,0,0,0,0,0,..,3,0,3,0,3,..,0,0,0,0,0,..,0,0,0,0,0,..,3,0,3,0,3,..,0,0,0,0,0,..,3,0,8,0,8,..,0,0,0,0,0,..,7,0,10,0,10,..,0,0,0,0,0,..,0,0,0,0,0,..,0,0,0,0,0,..,0,0,0,0,0,..,0,0,0,0,0,..,220,3,222,3,226,..,253,10,258,3,264,..,7,0,7,46,54,307,258,10,266,49,624,560,..,..,..,..,560,..,3,0,3,0,3,..,6,0,6,0,6,..,22,0,26,0,26,..,0,0,0,0,0,..,0,0,0,0,0,..,0,0,0,0,0,..,0,0,0,0,0,..,0,0,0,0,0,..,0,0,0,0,0,..,0,0,0,0,0,..,9,0,9,0,9
SOS97,0,0,..,0,0,0,0,0,..,0,0,0,0,0,..,0,0,0,0,0,..,0,0,0,0,0,..,0,0,0,0,0,..,0,0,0,0,0,..,0,0,0,0,0,..,0,0,0,0,0,..,0,0,0,0,0,..,0,0,0,0,0,..,0,0,0,0,0,..,0,0,0,0,0,..,0,0,0,0,0,..,0,0,0,0,0,..,0,0,0,0,0,..,0,0,0,0,0,..,0,0,0,0,0,..,0,0,0,0,0,..,0,0,0,0,0,..,0,0,0,0,0,0,0,0,0,0,0,4,..,..,..,..,4,..,0,0,0,0,0,..,0,0,0,0,0,..,0,0,0,0,0,..,0,0,0,0,0,..,0,0,0,0,0,..,0,0,0,0,0,..,0,0,0,0,0,..,0,0,0,0,0,..,0,0,0,0,0,..,0,0,0,0,0,..,0,0,0,0,0
SOS99,0,0,..,0,0,0,0,0,..,0,0,0,0,0,..,0,0,0,0,0,..,0,0,0,0,0,..,0,0,0,0,0,..,0,0,0,0,0,..,0,0,0,0,0,..,0,0,0,0,0,..,0,0,0,0,0,..,0,0,0,0,0,..,0,0,0,0,0,..,0,0,0,0,0,..,0,0,0,0,0,..,0,0,0,0,0,..,0,0,0,0,0,..,0,0,0,0,0,..,3,0,3,0,3,..,0,0,0,0,0,..,4,0,11,0,10,..,0,0,0,4,4,21,4,0,11,3,28,40,..,..,..,..,40,..,0,0,0,0,0,..,0,0,0,0,0,..,0,0,0,0,0,..,0,0,0,0,0,..,3,0,3,0,3,..,0,0,0,0,0,..,3,0,3,0,3,..,0,0,0,0,0,..,0,0,0,0,0,..,0,0,0,0,0,..,0,0,0,0,0